INSERT INTO hasta VALUES ('16510317684', 'Âmir', 'Oraloglu', 'B Rh-', 'K', 186, 102, STR_TO_DATE('28/08/1985', '%d/%m/%Y'));
INSERT INTO hasta VALUES ('93441206659', 'Ukbe', 'Ayverdi', 'B Rh+', 'K', 162, 84, STR_TO_DATE('27/01/1938', '%d/%m/%Y'));
INSERT INTO hasta VALUES ('50024034998', 'Doganay', 'Kunter', 'AB Rh+', 'K', 177, 91, STR_TO_DATE('01/07/1960', '%d/%m/%Y'));
INSERT INTO hasta VALUES ('65622100257', 'Erman', 'Kunter', 'A Rh+', 'E', 188, 108, STR_TO_DATE('23/08/1971', '%d/%m/%Y'));
INSERT INTO hasta VALUES ('13387671772', 'Lamih', 'Kocoglu', 'A Rh-', 'E', 169, 79, STR_TO_DATE('19/11/1986', '%d/%m/%Y'));
INSERT INTO hasta VALUES ('68819992654', 'Fatos', 'Kunter', 'A Rh+', 'E', 190, 68, STR_TO_DATE('14/06/1927', '%d/%m/%Y'));
INSERT INTO hasta VALUES ('38297020062', 'Sertap', 'Ayverdi', 'A Rh-', 'E', 161, 90, STR_TO_DATE('13/09/1971', '%d/%m/%Y'));
INSERT INTO hasta VALUES ('41331783343', 'Haldun', 'Ayverdi', 'B Rh+', 'K', 184, 68, STR_TO_DATE('14/03/2005', '%d/%m/%Y'));
INSERT INTO hasta VALUES ('47430552115', 'Koray', 'Oraloglu', 'B Rh-', 'K', 177, 79, STR_TO_DATE('04/01/1944', '%d/%m/%Y'));
INSERT INTO hasta VALUES ('59664657107', 'Mutasim', 'Kucukler', 'B Rh+', 'E', 164, 91, STR_TO_DATE('01/01/2004', '%d/%m/%Y'));
INSERT INTO hasta VALUES ('24314496718', 'Yildiz', 'Ayverdi', 'B Rh-', 'K', 191, 94, STR_TO_DATE('28/02/2005', '%d/%m/%Y'));
INSERT INTO hasta VALUES ('95508355265', 'Tarik', 'Kucukler', 'AB Rh-', 'E', 197, 106, STR_TO_DATE('06/11/1988', '%d/%m/%Y'));
INSERT INTO hasta VALUES ('43997499474', 'Meral', 'Kunter', 'AB Rh+', 'K', 157, 77, STR_TO_DATE('11/08/1913', '%d/%m/%Y'));
INSERT INTO hasta VALUES ('25952596837', 'Gokben', 'Kocoglu', 'A Rh+', 'K', 155, 67, STR_TO_DATE('27/06/1948', '%d/%m/%Y'));
INSERT INTO hasta VALUES ('71976035091', 'Turna', 'Ayverdi', 'A Rh+', 'K', 155, 69, STR_TO_DATE('01/04/2002', '%d/%m/%Y'));
INSERT INTO hasta VALUES ('63779377402', 'Bade', 'Tunceri', 'B Rh+', 'K', 198, 65, STR_TO_DATE('09/09/1976', '%d/%m/%Y'));
INSERT INTO hasta VALUES ('16378256846', 'Defne', 'Kucukler', 'AB Rh-', 'K', 170, 79, STR_TO_DATE('13/10/1942', '%d/%m/%Y'));
INSERT INTO hasta VALUES ('10949418181', 'Leyla', 'Kunter', 'B Rh-', 'K', 165, 62, STR_TO_DATE('28/12/1966', '%d/%m/%Y'));
INSERT INTO hasta VALUES ('34435564777', 'Feriha', 'Kunter', 'B Rh-', 'K', 180, 101, STR_TO_DATE('04/10/1971', '%d/%m/%Y'));
INSERT INTO hasta VALUES ('41679832770', 'Haydar', 'Kocoglu', 'B Rh+', 'K', 157, 63, STR_TO_DATE('24/03/1995', '%d/%m/%Y'));
INSERT INTO hasta VALUES ('83538922446', 'Saim', 'Kocoglu', 'AB Rh-', 'K', 187, 109, STR_TO_DATE('04/12/1965', '%d/%m/%Y'));
INSERT INTO hasta VALUES ('75393456468', 'Selcuk', 'Kocoglu', 'B Rh+', 'E', 196, 91, STR_TO_DATE('01/09/1954', '%d/%m/%Y'));
INSERT INTO hasta VALUES ('53194614400', 'Alvina', 'Oraloglu', 'B Rh-', 'K', 199, 75, STR_TO_DATE('04/02/1934', '%d/%m/%Y'));
INSERT INTO hasta VALUES ('15022055378', 'Ceylin', 'Oraloglu', 'A Rh-', 'E', 198, 65, STR_TO_DATE('02/08/1939', '%d/%m/%Y'));
INSERT INTO hasta VALUES ('70220259545', 'Kadem', 'Kucukler', 'A Rh-', 'K', 189, 98, STR_TO_DATE('02/03/1950', '%d/%m/%Y'));
INSERT INTO hasta VALUES ('37778204115', 'Peyami', 'Kunter', 'A Rh+', 'E', 197, 103, STR_TO_DATE('03/04/2000', '%d/%m/%Y'));
INSERT INTO hasta VALUES ('23228320976', 'Dicle', 'Kocoglu', 'A Rh-', 'K', 198, 62, STR_TO_DATE('20/03/1951', '%d/%m/%Y'));
INSERT INTO hasta VALUES ('48282956422', 'Gulen', 'Oraloglu', 'B Rh-', 'E', 180, 80, STR_TO_DATE('26/04/1933', '%d/%m/%Y'));
INSERT INTO hasta VALUES ('18836430541', 'Ulfet', 'Kocoglu', 'A Rh-', 'E', 175, 80, STR_TO_DATE('29/03/1974', '%d/%m/%Y'));
INSERT INTO hasta VALUES ('49306803601', 'Uygu', 'Kucukler', 'B Rh-', 'E', 173, 58, STR_TO_DATE('07/09/1957', '%d/%m/%Y'));
INSERT INTO hasta VALUES ('66706435176', 'Munir', 'Tunceri', 'B Rh+', 'K', 197, 109, STR_TO_DATE('26/01/2004', '%d/%m/%Y'));
INSERT INTO hasta VALUES ('21848020250', 'Yahya', 'Kocoglu', 'B Rh-', 'E', 185, 98, STR_TO_DATE('17/06/1993', '%d/%m/%Y'));
INSERT INTO hasta VALUES ('95024905237', 'Derya', 'Ayverdi', 'B Rh+', 'E', 191, 109, STR_TO_DATE('16/11/1964', '%d/%m/%Y'));
INSERT INTO hasta VALUES ('99295907741', 'Esen', 'Oraloglu', 'B Rh-', 'K', 175, 72, STR_TO_DATE('12/01/1962', '%d/%m/%Y'));
INSERT INTO hasta VALUES ('53881784307', 'Sertap', 'Ayverdi', 'AB Rh+', 'E', 179, 88, STR_TO_DATE('02/01/1960', '%d/%m/%Y'));
INSERT INTO hasta VALUES ('31890366151', 'Gonul', 'Kucukler', 'B Rh+', 'K', 167, 61, STR_TO_DATE('21/03/1949', '%d/%m/%Y'));
INSERT INTO hasta VALUES ('66309490975', 'Hayali', 'Ayverdi', 'A Rh+', 'K', 191, 56, STR_TO_DATE('11/05/1962', '%d/%m/%Y'));
INSERT INTO hasta VALUES ('70809859930', 'Cilay', 'Kocoglu', 'B Rh-', 'E', 172, 63, STR_TO_DATE('11/04/1920', '%d/%m/%Y'));
INSERT INTO hasta VALUES ('81767890933', 'Eren', 'Kucukler', 'AB Rh-', 'K', 175, 81, STR_TO_DATE('24/03/1992', '%d/%m/%Y'));
INSERT INTO hasta VALUES ('95186051862', 'Sirri', 'Kocoglu', 'AB Rh-', 'E', 178, 55, STR_TO_DATE('14/01/1969', '%d/%m/%Y'));
INSERT INTO hasta VALUES ('29567766329', 'Huzeyfe', 'Oraloglu', 'AB Rh-', 'E', 190, 99, STR_TO_DATE('22/04/1949', '%d/%m/%Y'));
INSERT INTO hasta VALUES ('61667608628', 'Mehmet', 'Kocoglu', 'A Rh-', 'E', 174, 53, STR_TO_DATE('26/05/1937', '%d/%m/%Y'));
INSERT INTO hasta VALUES ('25179943979', 'Ozer', 'Tunceri', 'A Rh+', 'K', 156, 105, STR_TO_DATE('20/03/1984', '%d/%m/%Y'));
INSERT INTO hasta VALUES ('79008042611', 'Oguz', 'Tunceri', 'B Rh-', 'K', 176, 108, STR_TO_DATE('04/10/1946', '%d/%m/%Y'));
INSERT INTO hasta VALUES ('18580400570', 'Aytekin', 'Kucukler', 'B Rh-', 'K', 192, 65, STR_TO_DATE('09/09/2002', '%d/%m/%Y'));
INSERT INTO hasta VALUES ('80737246912', 'Berat', 'Ayverdi', 'A Rh+', 'E', 193, 93, STR_TO_DATE('09/09/1919', '%d/%m/%Y'));
INSERT INTO hasta VALUES ('63614833234', 'Altin', 'Tunceri', 'B Rh-', 'K', 160, 75, STR_TO_DATE('16/08/1983', '%d/%m/%Y'));
INSERT INTO hasta VALUES ('54526741033', 'Gulriz', 'Kucukler', 'A Rh-', 'E', 176, 92, STR_TO_DATE('28/09/1987', '%d/%m/%Y'));
INSERT INTO hasta VALUES ('30359741229', 'Serin', 'Tunceri', 'A Rh+', 'E', 191, 66, STR_TO_DATE('13/07/2006', '%d/%m/%Y'));
INSERT INTO hasta VALUES ('36303602843', 'Sir', 'Kucukler', 'AB Rh+', 'E', 172, 70, STR_TO_DATE('23/02/1912', '%d/%m/%Y'));
INSERT INTO hasta VALUES ('63481840737', 'Yonca', 'Kunter', 'B Rh+', 'E', 196, 62, STR_TO_DATE('26/04/1950', '%d/%m/%Y'));
INSERT INTO hasta VALUES ('24636087496', 'Mujdat', 'Kocoglu', 'AB Rh-', 'K', 165, 79, STR_TO_DATE('22/07/1961', '%d/%m/%Y'));
INSERT INTO hasta VALUES ('91678505007', 'Benice', 'Oraloglu', 'A Rh-', 'E', 175, 108, STR_TO_DATE('24/01/1997', '%d/%m/%Y'));
INSERT INTO hasta VALUES ('39811084618', 'Elcin', 'Oraloglu', 'B Rh+', 'E', 173, 94, STR_TO_DATE('01/05/1922', '%d/%m/%Y'));
INSERT INTO hasta VALUES ('85844766646', 'Balin', 'Ayverdi', 'AB Rh+', 'E', 196, 79, STR_TO_DATE('01/08/1950', '%d/%m/%Y'));
INSERT INTO hasta VALUES ('11185088108', 'Emin', 'Kucukler', 'AB Rh+', 'E', 183, 74, STR_TO_DATE('23/10/1950', '%d/%m/%Y'));
INSERT INTO hasta VALUES ('95300996184', 'Mirkelam', 'Ayverdi', 'A Rh+', 'E', 158, 89, STR_TO_DATE('18/02/1964', '%d/%m/%Y'));
INSERT INTO hasta VALUES ('91662075162', 'Hayat', 'Tunceri', 'B Rh+', 'K', 162, 108, STR_TO_DATE('12/10/1965', '%d/%m/%Y'));
INSERT INTO hasta VALUES ('59957396383', 'Hamza', 'Ayverdi', 'B Rh+', 'K', 194, 92, STR_TO_DATE('27/12/1933', '%d/%m/%Y'));
INSERT INTO hasta VALUES ('97675845136', 'Nadir', 'Oraloglu', 'A Rh+', 'K', 158, 75, STR_TO_DATE('20/03/1963', '%d/%m/%Y'));
INSERT INTO hasta VALUES ('96478445729', 'Verda', 'Ayverdi', 'AB Rh+', 'E', 163, 105, STR_TO_DATE('20/06/1981', '%d/%m/%Y'));
INSERT INTO hasta VALUES ('89007497726', 'Bahtiyar', 'Tunceri', 'AB Rh-', 'K', 193, 73, STR_TO_DATE('25/04/2000', '%d/%m/%Y'));
INSERT INTO hasta VALUES ('62114136264', 'Latife', 'Kunter', 'AB Rh-', 'K', 197, 101, STR_TO_DATE('15/06/1969', '%d/%m/%Y'));
INSERT INTO hasta VALUES ('14512399051', 'Volkan', 'Kucukler', 'A Rh-', 'E', 192, 67, STR_TO_DATE('23/08/1953', '%d/%m/%Y'));
INSERT INTO hasta VALUES ('54552499146', 'Server', 'Kucukler', 'A Rh-', 'E', 193, 108, STR_TO_DATE('17/10/1998', '%d/%m/%Y'));
INSERT INTO hasta VALUES ('45096514509', 'Berceste', 'Kunter', 'B Rh+', 'K', 190, 101, STR_TO_DATE('23/09/1991', '%d/%m/%Y'));
INSERT INTO hasta VALUES ('48159128530', 'Idil', 'Kucukler', 'AB Rh+', 'E', 185, 91, STR_TO_DATE('22/06/1970', '%d/%m/%Y'));
INSERT INTO hasta VALUES ('20669036664', 'Fulden', 'Tunceri', 'AB Rh+', 'K', 188, 90, STR_TO_DATE('15/01/1987', '%d/%m/%Y'));
INSERT INTO hasta VALUES ('65147696538', 'Muammer', 'Kocoglu', 'AB Rh+', 'K', 198, 57, STR_TO_DATE('13/01/1956', '%d/%m/%Y'));
INSERT INTO hasta VALUES ('90914279299', 'Ilgin', 'Ayverdi', 'B Rh-', 'E', 164, 84, STR_TO_DATE('01/09/1958', '%d/%m/%Y'));
INSERT INTO hasta VALUES ('72347308258', 'Sehrazat', 'Tunceri', 'AB Rh+', 'E', 172, 109, STR_TO_DATE('12/01/1956', '%d/%m/%Y'));
INSERT INTO hasta VALUES ('54499811179', 'Ela', 'Oraloglu', 'A Rh+', 'E', 192, 61, STR_TO_DATE('08/10/1931', '%d/%m/%Y'));
INSERT INTO hasta VALUES ('94648170496', 'Siir', 'Tunceri', 'B Rh+', 'K', 168, 87, STR_TO_DATE('25/05/1972', '%d/%m/%Y'));
INSERT INTO hasta VALUES ('55984070620', 'Hilal', 'Kucukler', 'B Rh+', 'K', 177, 103, STR_TO_DATE('01/01/1948', '%d/%m/%Y'));
INSERT INTO hasta VALUES ('23899743005', 'Okan', 'Kocoglu', 'A Rh+', 'K', 165, 92, STR_TO_DATE('05/01/1918', '%d/%m/%Y'));
INSERT INTO hasta VALUES ('22254163075', 'Nesim', 'Ayverdi', 'AB Rh+', 'K', 176, 100, STR_TO_DATE('16/02/1981', '%d/%m/%Y'));
INSERT INTO hasta VALUES ('33006064979', 'Gunsel', 'Tunceri', 'B Rh-', 'E', 169, 85, STR_TO_DATE('15/04/1940', '%d/%m/%Y'));
INSERT INTO hasta VALUES ('99734592626', 'Diler', 'Oraloglu', 'AB Rh-', 'K', 191, 108, STR_TO_DATE('13/03/1998', '%d/%m/%Y'));
INSERT INTO hasta VALUES ('60181238498', 'Nehir', 'Kucukler', 'AB Rh+', 'K', 187, 58, STR_TO_DATE('23/12/1924', '%d/%m/%Y'));
INSERT INTO hasta VALUES ('59031351734', 'Irem', 'Ayverdi', 'A Rh+', 'K', 172, 62, STR_TO_DATE('29/12/1915', '%d/%m/%Y'));
INSERT INTO hasta VALUES ('94146855422', 'Erberk', 'Ayverdi', 'AB Rh+', 'E', 194, 67, STR_TO_DATE('20/12/2006', '%d/%m/%Y'));
INSERT INTO hasta VALUES ('66094094780', 'Alper', 'Kunter', 'A Rh+', 'K', 159, 61, STR_TO_DATE('13/08/1925', '%d/%m/%Y'));
INSERT INTO hasta VALUES ('13971592724', 'Baykal', 'Tunceri', 'A Rh-', 'K', 197, 52, STR_TO_DATE('09/04/1921', '%d/%m/%Y'));
INSERT INTO hasta VALUES ('46251492535', 'Senay', 'Oraloglu', 'AB Rh-', 'K', 163, 53, STR_TO_DATE('02/02/1984', '%d/%m/%Y'));
INSERT INTO hasta VALUES ('71076797056', 'Furuzan', 'Kucukler', 'A Rh-', 'K', 188, 76, STR_TO_DATE('24/05/1953', '%d/%m/%Y'));
INSERT INTO hasta VALUES ('84327338791', 'Kabil', 'Oraloglu', 'B Rh-', 'K', 189, 77, STR_TO_DATE('15/10/1997', '%d/%m/%Y'));
INSERT INTO hasta VALUES ('25283464292', 'Cagil', 'Kucukler', 'AB Rh-', 'E', 163, 97, STR_TO_DATE('20/09/1974', '%d/%m/%Y'));
INSERT INTO hasta VALUES ('84612639193', 'Erkâm', 'Kunter', 'A Rh+', 'E', 190, 92, STR_TO_DATE('27/11/1927', '%d/%m/%Y'));
INSERT INTO hasta VALUES ('89369856700', 'Rana', 'Ayverdi', 'A Rh-', 'E', 192, 54, STR_TO_DATE('17/01/1970', '%d/%m/%Y'));
INSERT INTO hasta VALUES ('28814699818', 'Ridvan', 'Kunter', 'B Rh-', 'K', 174, 79, STR_TO_DATE('15/06/1939', '%d/%m/%Y'));
INSERT INTO hasta VALUES ('46963109475', 'Gungor', 'Tunceri', 'AB Rh-', 'E', 168, 74, STR_TO_DATE('05/05/1912', '%d/%m/%Y'));
INSERT INTO hasta VALUES ('60933488599', 'Cahid', 'Kocoglu', 'A Rh+', 'E', 166, 103, STR_TO_DATE('10/07/1929', '%d/%m/%Y'));
INSERT INTO hasta VALUES ('12483830065', 'Sevinc', 'Kucukler', 'AB Rh-', 'K', 173, 59, STR_TO_DATE('10/07/1920', '%d/%m/%Y'));
INSERT INTO hasta VALUES ('99183410931', 'Enderun', 'Kocoglu', 'AB Rh-', 'E', 182, 87, STR_TO_DATE('17/01/1916', '%d/%m/%Y'));
INSERT INTO hasta VALUES ('95098025114', 'Mir', 'Kunter', 'AB Rh+', 'K', 175, 89, STR_TO_DATE('03/04/2004', '%d/%m/%Y'));
INSERT INTO hasta VALUES ('23098284068', 'Ozden', 'Tunceri', 'A Rh+', 'K', 183, 70, STR_TO_DATE('29/12/1993', '%d/%m/%Y'));
INSERT INTO hasta VALUES ('29402396254', 'Melis', 'Kunter', 'A Rh+', 'K', 197, 106, STR_TO_DATE('01/06/2000', '%d/%m/%Y'));
INSERT INTO hasta VALUES ('40470008902', 'Cigil', 'Ayverdi', 'AB Rh+', 'E', 166, 102, STR_TO_DATE('08/03/1955', '%d/%m/%Y'));
INSERT INTO hasta VALUES ('25290429930', 'Yeliz', 'Kocoglu', 'A Rh+', 'E', 184, 108, STR_TO_DATE('20/05/1938', '%d/%m/%Y'));
INSERT INTO hasta VALUES ('92620806822', 'Sidki', 'Kucukler', 'B Rh+', 'E', 164, 91, STR_TO_DATE('03/01/1969', '%d/%m/%Y'));
INSERT INTO hastane VALUES ('Medicana Ankara', '08504603521', 'Ankara', 'Cankaya', 'Sogutozu, 2176. Sk. No: 3, 06510 Cankaya/Ankara');
INSERT INTO hastane VALUES ('TOBB ETU Hastanesi', '03127472689', 'Ankara', 'Yenimahalle', 'Bestepe, Yasam Cd. No:5, 06560 Yenimahalle/Ankara');
INSERT INTO hastane VALUES ('Bestepe Devlet Hastanesi', '03126483587', 'Ankara', 'Cankaya', 'Bestepe, Bestepeler Mh, Alparslan Turkes Cd. No:57, 06560 Cankaya/Ankara');
INSERT INTO hastane VALUES ('Acibadem Bursa', '03129749724', 'Bursa', 'Nilufer', 'Fatih Sultan Mehmet Bulvari, Sumer Sk. No:1, 16110 Nilufer/Bursa');
INSERT INTO hastane VALUES ('Ozel Doruk Bursa Hastanesi', '03126547612', 'Bursa', 'Osmangazi', 'Dikkaldirim Mah Cekirge Zubeydehanim Cad. No:5, 16080 Osmangazi/Bursa');
INSERT INTO doktor VALUES ('97935920565', 'Hamza', 'Tunceri', 'Kirklareli Universitesi Tip Fakultesi', 'Uzm.', 'Uroloji', 'Medicana Ankara');
INSERT INTO doktor VALUES ('36887418072', 'Huccet', 'Oraloglu', 'Marmara Universitesi Tip Fakultesi', 'Yrd. Doc.', 'Halk Sagligi', 'Medicana Ankara');
INSERT INTO doktor VALUES ('72536258789', 'Yagmur', 'Oraloglu', 'Gazi Universitesi Tip Fakultesi', 'Yrd. Doc.', 'Cocuk Ruh Sagligi', 'Bestepe Devlet Hastanesi');
INSERT INTO doktor VALUES ('80086694304', 'Zâfir', 'Kunter', 'Sakarya Universitesi Tip Fakultesi', 'Prt.', 'Anestezi ve Reanimasyon', 'Bestepe Devlet Hastanesi');
INSERT INTO doktor VALUES ('54809717426', 'Hasim', 'Kunter', 'Firat Universitesi Tip Fakultesi', 'Uzm.', 'Cocuk Cerrahisi', 'TOBB ETU Hastanesi');
INSERT INTO doktor VALUES ('37643806655', 'Ecem', 'Tunceri', 'Selcuk Universitesi Tip Fakultesi', 'Uzm.', 'Tibbi Farmakoloji', 'Acibadem Bursa');
INSERT INTO doktor VALUES ('35047000816', 'Zuleyha', 'Kocoglu', 'Bursa Uludag Universitesi Tip Fakultesi', 'Doc.', 'Tip Egitimi', 'Ozel Doruk Bursa Hastanesi');
INSERT INTO doktor VALUES ('37236311529', 'Secil', 'Ayverdi', 'Kirklareli Universitesi Tip Fakultesi', 'Doc.', 'Kardiyoloji', 'TOBB ETU Hastanesi');
INSERT INTO doktor VALUES ('57894496005', 'Melda', 'Kocoglu', 'Trakya Universitesi Tip Fakultesi', 'Op.', 'Genel Cerrahi', 'Bestepe Devlet Hastanesi');
INSERT INTO doktor VALUES ('47093323344', 'Fikri', 'Kunter', 'Erciyes Universitesi Tip Fakultesi', 'Op.', 'Tibbi Biyokimya', 'Acibadem Bursa');
INSERT INTO doktor VALUES ('14077721538', 'Anita', 'Oraloglu', 'Bursa Uludag Universitesi Tip Fakultesi', 'Yrd. Doc.', 'Tip Egitimi', 'Bestepe Devlet Hastanesi');
INSERT INTO doktor VALUES ('62934893288', 'Berceste', 'Kocoglu', 'Marmara Universitesi Tip Fakultesi', 'Op.', 'Tip Egitimi', 'Ozel Doruk Bursa Hastanesi');
INSERT INTO doktor VALUES ('59320241925', 'Kader', 'Kucukler', 'Ataturk Universitesi Tip Fakultesi', 'Yrd. Doc.', 'Fizyoloji', 'Acibadem Bursa');
INSERT INTO doktor VALUES ('60496959659', 'Mahzun', 'Kunter', 'Ordu Universitesi Tip Fakultesi', 'Yrd. Doc.', 'Tibbi Genetik', 'Ozel Doruk Bursa Hastanesi');
INSERT INTO doktor VALUES ('46412487749', 'Mihriban', 'Kunter', 'Gazi Universitesi Tip Fakultesi', 'Prt.', 'Ortopedi ve Travmatoloji', 'Ozel Doruk Bursa Hastanesi');
INSERT INTO doktor VALUES ('80501219129', 'Fikriye', 'Ayverdi', 'Duzce Universitesi Tip Fakultesi', 'Prof.', 'Kulak Burun Bogaz', 'TOBB ETU Hastanesi');
INSERT INTO doktor VALUES ('12417339582', 'Cemali', 'Tunceri', 'Bursa Uludag Universitesi Tip Fakultesi', 'Doc.', 'Kulak Burun Bogaz', 'Acibadem Bursa');
INSERT INTO doktor VALUES ('32260818675', 'Fikriye', 'Tunceri', 'Marmara Universitesi Tip Fakultesi', 'Prof.', 'Gogus Hastaliklari', 'Medicana Ankara');
INSERT INTO doktor VALUES ('26616269032', 'Melike', 'Kucukler', 'Mersin Universitesi Tip Fakultesi', 'Doc.', 'Beyin ve Sinir Cerrahisi', 'Medicana Ankara');
INSERT INTO doktor VALUES ('84697672212', 'Ikbal', 'Kucukler', 'Dicle Universitesi Tip Fakultesi', 'Uzm.', 'Kulak Burun Bogaz', 'Bestepe Devlet Hastanesi');
INSERT INTO doktor VALUES ('41696913198', 'Canalp', 'Kunter', 'Kirklareli Universitesi Tip Fakultesi', 'Doc.', 'Biyofizik', 'Medicana Ankara');
INSERT INTO doktor VALUES ('86776719194', 'Leyla', 'Kunter', 'Kastamonu Universitesi Tip Fakultesi', 'Doc.', 'Ortopedi ve Travmatoloji', 'TOBB ETU Hastanesi');
INSERT INTO doktor VALUES ('15054467332', 'Hale', 'Kunter', 'Gazi Universitesi Tip Fakultesi', 'Doc.', 'Beyin ve Sinir Cerrahisi', 'Acibadem Bursa');
INSERT INTO doktor VALUES ('12623953297', 'Ferhat', 'Kocoglu', 'Erciyes Universitesi Tip Fakultesi', 'Prt.', 'Gogus Cerrahisi', 'Acibadem Bursa');
INSERT INTO doktor VALUES ('62874223544', 'Pelinsu', 'Tunceri', 'Siirt Universitesi Tip Fakultesi', 'Prt.', 'Genel Cerrahi', 'Ozel Doruk Bursa Hastanesi');
INSERT INTO doktor VALUES ('66399036248', 'Afi', 'Ayverdi', 'Pamukkale Universitesi Tip Fakultesi', 'Op.', 'Plastik ve Estetik Cerrahi', 'Ozel Doruk Bursa Hastanesi');
INSERT INTO doktor VALUES ('61209854614', 'Dora', 'Kocoglu', 'Kafkas Universitesi Tip Fakultesi', 'Doc.', 'Kadin Hastaliklari ve Dogum', 'Medicana Ankara');
INSERT INTO doktor VALUES ('77516834695', 'Haki', 'Kunter', 'Kocaeli Universitesi Tip Fakultesi', 'Doc.', 'Histoloji ve Embriyoloji', 'Medicana Ankara');
INSERT INTO doktor VALUES ('16258131293', 'Emel', 'Oraloglu', 'Mersin Universitesi Tip Fakultesi', 'Prt.', 'Uroloji', 'Bestepe Devlet Hastanesi');
INSERT INTO doktor VALUES ('73393055456', 'Gulnaz', 'Tunceri', 'Gaziantep Universitesi Tip Fakultesi', 'Op.', 'Fizyoloji', 'Ozel Doruk Bursa Hastanesi');
INSERT INTO doktor VALUES ('97958629191', 'Gulbahar', 'Kocoglu', 'Kirklareli Universitesi Tip Fakultesi', 'Prof.', 'Adli Tip', 'TOBB ETU Hastanesi');
INSERT INTO doktor VALUES ('83249457795', 'Kenan', 'Kucukler', 'Inonu Universitesi Tip Fakultesi', 'Doc.', 'Adli Tip', 'Acibadem Bursa');
INSERT INTO doktor VALUES ('75185578020', 'Cicek', 'Oraloglu', 'Adiyaman Universitesi Tip Fakultesi', 'Op.', 'Kardiyoloji', 'TOBB ETU Hastanesi');
INSERT INTO doktor VALUES ('79549002528', 'Yasin', 'Kunter', 'Dicle Universitesi Tip Fakultesi', 'Doc.', 'Fizyoloji', 'Ozel Doruk Bursa Hastanesi');
INSERT INTO doktor VALUES ('33917153601', 'Serin', 'Kunter', 'Ordu Universitesi Tip Fakultesi', 'Yrd. Doc.', 'Radyoloji', 'TOBB ETU Hastanesi');
INSERT INTO doktor VALUES ('68694064907', 'Umur', 'Oraloglu', 'Dicle Universitesi Tip Fakultesi', 'Doc.', 'Tibbi Genetik', 'Acibadem Bursa');
INSERT INTO doktor VALUES ('92206829851', 'Sadi', 'Kunter', 'Sakarya Universitesi Tip Fakultesi', 'Prt.', 'Ic Hastaliklari', 'Acibadem Bursa');
INSERT INTO doktor VALUES ('97528379387', 'Julide', 'Oraloglu', 'Harran Universitesi Tip Fakultesi', 'Doc.', 'Gogus Cerrahisi', 'TOBB ETU Hastanesi');
INSERT INTO doktor VALUES ('72735156603', 'Barlas', 'Kucukler', 'Ege Universitesi Tip Fakultesi', 'Op.', 'Genel Cerrahi', 'Bestepe Devlet Hastanesi');
INSERT INTO doktor VALUES ('90912220596', 'Mir', 'Tunceri', 'Harran Universitesi Tip Fakultesi', 'Op.', 'Psikiyatri', 'Ozel Doruk Bursa Hastanesi');
INSERT INTO randevu VALUES ('811639046', 'Muayene', STR_TO_DATE('20/07/2022 14:00', '%d/%m/%Y %H:%i'), '86776719194', '62114136264');
INSERT INTO randevu VALUES ('358885300', 'Muayene', STR_TO_DATE('08/11/2022 08:00', '%d/%m/%Y %H:%i'), '16258131293', '92620806822');
INSERT INTO randevu VALUES ('872420727', 'Kontrol', STR_TO_DATE('14/08/2022 11:00', '%d/%m/%Y %H:%i'), '68694064907', '96478445729');
INSERT INTO randevu VALUES ('296196377', 'Kontrol', STR_TO_DATE('24/11/2022 14:00', '%d/%m/%Y %H:%i'), '97528379387', '54552499146');
INSERT INTO randevu VALUES ('677314248', 'Ameliyat', STR_TO_DATE('07/07/2022 09:00', '%d/%m/%Y %H:%i'), '37236311529', '24314496718');
INSERT INTO randevu VALUES ('285189246', 'Muayene', STR_TO_DATE('10/11/2022 10:00', '%d/%m/%Y %H:%i'), '41696913198', '93441206659');
INSERT INTO randevu VALUES ('303885903', 'Muayene', STR_TO_DATE('08/10/2022 13:00', '%d/%m/%Y %H:%i'), '26616269032', '95098025114');
INSERT INTO randevu VALUES ('800943955', 'Kontrol', STR_TO_DATE('15/09/2022 12:00', '%d/%m/%Y %H:%i'), '61209854614', '30359741229');
INSERT INTO randevu VALUES ('763014946', 'Ameliyat', STR_TO_DATE('20/08/2022 11:00', '%d/%m/%Y %H:%i'), '41696913198', '94648170496');
INSERT INTO randevu VALUES ('791556057', 'Kontrol', STR_TO_DATE('10/08/2022 12:00', '%d/%m/%Y %H:%i'), '97528379387', '38297020062');
INSERT INTO randevu VALUES ('141081538', 'Kontrol', STR_TO_DATE('28/11/2022 14:00', '%d/%m/%Y %H:%i'), '37643806655', '10949418181');
INSERT INTO randevu VALUES ('495629555', 'Muayene', STR_TO_DATE('11/08/2022 09:00', '%d/%m/%Y %H:%i'), '73393055456', '24636087496');
INSERT INTO randevu VALUES ('861884188', 'Ameliyat', STR_TO_DATE('04/12/2022 13:00', '%d/%m/%Y %H:%i'), '59320241925', '25290429930');
INSERT INTO randevu VALUES ('632956300', 'Muayene', STR_TO_DATE('13/09/2022 08:00', '%d/%m/%Y %H:%i'), '83249457795', '41679832770');
INSERT INTO randevu VALUES ('320808987', 'Ameliyat', STR_TO_DATE('22/08/2022 11:00', '%d/%m/%Y %H:%i'), '33917153601', '13387671772');
INSERT INTO randevu VALUES ('309464889', 'Kontrol', STR_TO_DATE('17/08/2022 15:00', '%d/%m/%Y %H:%i'), '37236311529', '54499811179');
INSERT INTO randevu VALUES ('678924815', 'Ameliyat', STR_TO_DATE('26/08/2022 12:00', '%d/%m/%Y %H:%i'), '41696913198', '81767890933');
INSERT INTO randevu VALUES ('477087988', 'Muayene', STR_TO_DATE('08/12/2022 14:00', '%d/%m/%Y %H:%i'), '32260818675', '53194614400');
INSERT INTO randevu VALUES ('420776333', 'Muayene', STR_TO_DATE('28/08/2022 08:00', '%d/%m/%Y %H:%i'), '90912220596', '65622100257');
INSERT INTO randevu VALUES ('800044051', 'Muayene', STR_TO_DATE('01/10/2022 10:00', '%d/%m/%Y %H:%i'), '16258131293', '63779377402');
INSERT INTO randevu VALUES ('974847429', 'Ameliyat', STR_TO_DATE('19/10/2022 08:00', '%d/%m/%Y %H:%i'), '26616269032', '46963109475');
INSERT INTO randevu VALUES ('141750451', 'Kontrol', STR_TO_DATE('24/07/2022 10:00', '%d/%m/%Y %H:%i'), '75185578020', '48282956422');
INSERT INTO randevu VALUES ('890008264', 'Ameliyat', STR_TO_DATE('14/11/2022 12:00', '%d/%m/%Y %H:%i'), '35047000816', '25952596837');
INSERT INTO randevu VALUES ('725571614', 'Muayene', STR_TO_DATE('05/09/2022 14:00', '%d/%m/%Y %H:%i'), '97528379387', '80737246912');
INSERT INTO randevu VALUES ('554601984', 'Ameliyat', STR_TO_DATE('01/09/2022 14:00', '%d/%m/%Y %H:%i'), '72536258789', '66706435176');
INSERT INTO randevu VALUES ('163413808', 'Muayene', STR_TO_DATE('06/08/2022 11:00', '%d/%m/%Y %H:%i'), '57894496005', '28814699818');
INSERT INTO randevu VALUES ('786330409', 'Kontrol', STR_TO_DATE('04/09/2022 14:00', '%d/%m/%Y %H:%i'), '46412487749', '94648170496');
INSERT INTO randevu VALUES ('599420078', 'Ameliyat', STR_TO_DATE('23/12/2022 10:00', '%d/%m/%Y %H:%i'), '90912220596', '95098025114');
INSERT INTO randevu VALUES ('668172952', 'Ameliyat', STR_TO_DATE('09/07/2022 11:00', '%d/%m/%Y %H:%i'), '62874223544', '46251492535');
INSERT INTO randevu VALUES ('702296337', 'Ameliyat', STR_TO_DATE('24/10/2022 15:00', '%d/%m/%Y %H:%i'), '12623953297', '71076797056');
INSERT INTO randevu VALUES ('350903459', 'Kontrol', STR_TO_DATE('28/09/2022 14:00', '%d/%m/%Y %H:%i'), '46412487749', '54499811179');
INSERT INTO randevu VALUES ('321786140', 'Ameliyat', STR_TO_DATE('05/10/2022 12:00', '%d/%m/%Y %H:%i'), '14077721538', '60181238498');
INSERT INTO randevu VALUES ('887818509', 'Kontrol', STR_TO_DATE('29/11/2022 12:00', '%d/%m/%Y %H:%i'), '12623953297', '93441206659');
INSERT INTO randevu VALUES ('463992451', 'Ameliyat', STR_TO_DATE('05/12/2022 15:00', '%d/%m/%Y %H:%i'), '72735156603', '50024034998');
INSERT INTO randevu VALUES ('448221598', 'Ameliyat', STR_TO_DATE('11/08/2022 12:00', '%d/%m/%Y %H:%i'), '68694064907', '14512399051');
INSERT INTO randevu VALUES ('188465802', 'Kontrol', STR_TO_DATE('09/07/2022 09:00', '%d/%m/%Y %H:%i'), '97958629191', '81767890933');
INSERT INTO randevu VALUES ('985735333', 'Kontrol', STR_TO_DATE('26/11/2022 10:00', '%d/%m/%Y %H:%i'), '68694064907', '81767890933');
INSERT INTO randevu VALUES ('383340278', 'Kontrol', STR_TO_DATE('21/09/2022 08:00', '%d/%m/%Y %H:%i'), '75185578020', '21848020250');
INSERT INTO randevu VALUES ('471091827', 'Kontrol', STR_TO_DATE('06/10/2022 10:00', '%d/%m/%Y %H:%i'), '26616269032', '91678505007');
INSERT INTO randevu VALUES ('567272967', 'Ameliyat', STR_TO_DATE('11/10/2022 15:00', '%d/%m/%Y %H:%i'), '32260818675', '50024034998');
INSERT INTO randevu VALUES ('732991735', 'Kontrol', STR_TO_DATE('22/11/2022 15:00', '%d/%m/%Y %H:%i'), '79549002528', '14512399051');
INSERT INTO randevu VALUES ('800746287', 'Ameliyat', STR_TO_DATE('01/12/2022 10:00', '%d/%m/%Y %H:%i'), '68694064907', '43997499474');
INSERT INTO randevu VALUES ('997417261', 'Kontrol', STR_TO_DATE('29/12/2022 10:00', '%d/%m/%Y %H:%i'), '54809717426', '59031351734');
INSERT INTO randevu VALUES ('458045880', 'Ameliyat', STR_TO_DATE('28/11/2022 13:00', '%d/%m/%Y %H:%i'), '79549002528', '99734592626');
INSERT INTO randevu VALUES ('745152719', 'Ameliyat', STR_TO_DATE('13/11/2022 15:00', '%d/%m/%Y %H:%i'), '77516834695', '66706435176');
INSERT INTO randevu VALUES ('218550420', 'Ameliyat', STR_TO_DATE('22/10/2022 15:00', '%d/%m/%Y %H:%i'), '80501219129', '92620806822');
INSERT INTO randevu VALUES ('393442322', 'Muayene', STR_TO_DATE('15/11/2022 11:00', '%d/%m/%Y %H:%i'), '47093323344', '70220259545');
INSERT INTO randevu VALUES ('346602866', 'Kontrol', STR_TO_DATE('06/10/2022 12:00', '%d/%m/%Y %H:%i'), '97935920565', '25952596837');
INSERT INTO randevu VALUES ('554924545', 'Ameliyat', STR_TO_DATE('23/12/2022 09:00', '%d/%m/%Y %H:%i'), '62874223544', '89369856700');
INSERT INTO randevu VALUES ('814418602', 'Muayene', STR_TO_DATE('25/08/2022 09:00', '%d/%m/%Y %H:%i'), '32260818675', '23098284068');
INSERT INTO randevu VALUES ('311104045', 'Muayene', STR_TO_DATE('17/09/2022 10:00', '%d/%m/%Y %H:%i'), '62874223544', '33006064979');
INSERT INTO randevu VALUES ('666746813', 'Kontrol', STR_TO_DATE('10/11/2022 10:00', '%d/%m/%Y %H:%i'), '66399036248', '92620806822');
INSERT INTO randevu VALUES ('692647495', 'Kontrol', STR_TO_DATE('01/08/2022 10:00', '%d/%m/%Y %H:%i'), '60496959659', '54499811179');
INSERT INTO randevu VALUES ('983518158', 'Kontrol', STR_TO_DATE('17/07/2022 09:00', '%d/%m/%Y %H:%i'), '60496959659', '23899743005');
INSERT INTO randevu VALUES ('232887864', 'Kontrol', STR_TO_DATE('09/12/2022 11:00', '%d/%m/%Y %H:%i'), '12623953297', '29567766329');
INSERT INTO randevu VALUES ('612409499', 'Ameliyat', STR_TO_DATE('08/10/2022 15:00', '%d/%m/%Y %H:%i'), '32260818675', '23899743005');
INSERT INTO randevu VALUES ('894978869', 'Ameliyat', STR_TO_DATE('12/11/2022 09:00', '%d/%m/%Y %H:%i'), '57894496005', '24314496718');
INSERT INTO randevu VALUES ('478534211', 'Muayene', STR_TO_DATE('12/09/2022 12:00', '%d/%m/%Y %H:%i'), '68694064907', '10949418181');
INSERT INTO randevu VALUES ('542555784', 'Kontrol', STR_TO_DATE('28/12/2022 13:00', '%d/%m/%Y %H:%i'), '84697672212', '41331783343');
INSERT INTO randevu VALUES ('344016870', 'Muayene', STR_TO_DATE('28/07/2022 11:00', '%d/%m/%Y %H:%i'), '54809717426', '23899743005');
INSERT INTO randevu VALUES ('164758121', 'Muayene', STR_TO_DATE('09/08/2022 11:00', '%d/%m/%Y %H:%i'), '86776719194', '23899743005');
INSERT INTO randevu VALUES ('660781688', 'Kontrol', STR_TO_DATE('15/08/2022 13:00', '%d/%m/%Y %H:%i'), '97935920565', '63614833234');
INSERT INTO randevu VALUES ('692462714', 'Kontrol', STR_TO_DATE('25/10/2022 14:00', '%d/%m/%Y %H:%i'), '97528379387', '48282956422');
INSERT INTO randevu VALUES ('636128438', 'Muayene', STR_TO_DATE('18/08/2022 09:00', '%d/%m/%Y %H:%i'), '47093323344', '50024034998');
INSERT INTO randevu VALUES ('341893874', 'Muayene', STR_TO_DATE('22/10/2022 12:00', '%d/%m/%Y %H:%i'), '68694064907', '25179943979');
INSERT INTO randevu VALUES ('639253599', 'Ameliyat', STR_TO_DATE('22/08/2022 08:00', '%d/%m/%Y %H:%i'), '97958629191', '66706435176');
INSERT INTO randevu VALUES ('256954952', 'Kontrol', STR_TO_DATE('16/10/2022 10:00', '%d/%m/%Y %H:%i'), '77516834695', '99734592626');
INSERT INTO randevu VALUES ('260318243', 'Muayene', STR_TO_DATE('01/11/2022 09:00', '%d/%m/%Y %H:%i'), '26616269032', '66094094780');
INSERT INTO randevu VALUES ('937773060', 'Ameliyat', STR_TO_DATE('04/09/2022 13:00', '%d/%m/%Y %H:%i'), '37236311529', '46963109475');
INSERT INTO randevu VALUES ('954992210', 'Ameliyat', STR_TO_DATE('14/08/2022 10:00', '%d/%m/%Y %H:%i'), '72735156603', '16510317684');
INSERT INTO randevu VALUES ('594263800', 'Kontrol', STR_TO_DATE('19/09/2022 15:00', '%d/%m/%Y %H:%i'), '14077721538', '13387671772');
INSERT INTO randevu VALUES ('670177640', 'Ameliyat', STR_TO_DATE('16/10/2022 10:00', '%d/%m/%Y %H:%i'), '72536258789', '43997499474');
INSERT INTO randevu VALUES ('979751842', 'Muayene', STR_TO_DATE('13/07/2022 09:00', '%d/%m/%Y %H:%i'), '62934893288', '10949418181');
INSERT INTO randevu VALUES ('457025243', 'Ameliyat', STR_TO_DATE('29/10/2022 13:00', '%d/%m/%Y %H:%i'), '97958629191', '13971592724');
INSERT INTO randevu VALUES ('472232095', 'Muayene', STR_TO_DATE('26/09/2022 10:00', '%d/%m/%Y %H:%i'), '72735156603', '99183410931');
INSERT INTO randevu VALUES ('850085120', 'Muayene', STR_TO_DATE('02/08/2022 11:00', '%d/%m/%Y %H:%i'), '54809717426', '28814699818');
INSERT INTO randevu VALUES ('772984098', 'Ameliyat', STR_TO_DATE('21/12/2022 11:00', '%d/%m/%Y %H:%i'), '86776719194', '91662075162');
INSERT INTO randevu VALUES ('492150886', 'Muayene', STR_TO_DATE('01/07/2022 09:00', '%d/%m/%Y %H:%i'), '83249457795', '95024905237');
INSERT INTO randevu VALUES ('702975647', 'Kontrol', STR_TO_DATE('18/10/2022 09:00', '%d/%m/%Y %H:%i'), '66399036248', '48159128530');
INSERT INTO randevu VALUES ('549588706', 'Ameliyat', STR_TO_DATE('13/10/2022 10:00', '%d/%m/%Y %H:%i'), '33917153601', '38297020062');
INSERT INTO randevu VALUES ('882815102', 'Ameliyat', STR_TO_DATE('27/11/2022 15:00', '%d/%m/%Y %H:%i'), '59320241925', '18836430541');
INSERT INTO randevu VALUES ('485306536', 'Muayene', STR_TO_DATE('17/08/2022 08:00', '%d/%m/%Y %H:%i'), '37643806655', '47430552115');
INSERT INTO randevu VALUES ('615322043', 'Muayene', STR_TO_DATE('15/09/2022 10:00', '%d/%m/%Y %H:%i'), '54809717426', '53194614400');
INSERT INTO randevu VALUES ('425524172', 'Kontrol', STR_TO_DATE('23/08/2022 14:00', '%d/%m/%Y %H:%i'), '12623953297', '75393456468');
INSERT INTO randevu VALUES ('599002533', 'Kontrol', STR_TO_DATE('08/09/2022 13:00', '%d/%m/%Y %H:%i'), '15054467332', '71976035091');
INSERT INTO randevu VALUES ('753214058', 'Kontrol', STR_TO_DATE('07/10/2022 15:00', '%d/%m/%Y %H:%i'), '61209854614', '84327338791');
INSERT INTO randevu VALUES ('117658564', 'Muayene', STR_TO_DATE('13/09/2022 09:00', '%d/%m/%Y %H:%i'), '41696913198', '15022055378');
INSERT INTO randevu VALUES ('568013411', 'Ameliyat', STR_TO_DATE('05/10/2022 14:00', '%d/%m/%Y %H:%i'), '47093323344', '50024034998');
INSERT INTO randevu VALUES ('143241927', 'Ameliyat', STR_TO_DATE('19/10/2022 13:00', '%d/%m/%Y %H:%i'), '37236311529', '70220259545');
INSERT INTO randevu VALUES ('683072182', 'Kontrol', STR_TO_DATE('28/09/2022 14:00', '%d/%m/%Y %H:%i'), '37236311529', '91662075162');
INSERT INTO randevu VALUES ('752298055', 'Ameliyat', STR_TO_DATE('21/12/2022 11:00', '%d/%m/%Y %H:%i'), '46412487749', '46251492535');
INSERT INTO randevu VALUES ('543564587', 'Ameliyat', STR_TO_DATE('14/07/2022 13:00', '%d/%m/%Y %H:%i'), '47093323344', '93441206659');
INSERT INTO randevu VALUES ('179532712', 'Ameliyat', STR_TO_DATE('01/09/2022 10:00', '%d/%m/%Y %H:%i'), '97528379387', '46251492535');
INSERT INTO randevu VALUES ('814851728', 'Kontrol', STR_TO_DATE('25/10/2022 10:00', '%d/%m/%Y %H:%i'), '16258131293', '96478445729');
INSERT INTO randevu VALUES ('535150620', 'Ameliyat', STR_TO_DATE('09/09/2022 09:00', '%d/%m/%Y %H:%i'), '68694064907', '96478445729');
INSERT INTO randevu VALUES ('586269883', 'Kontrol', STR_TO_DATE('25/07/2022 14:00', '%d/%m/%Y %H:%i'), '97935920565', '90914279299');
INSERT INTO randevu VALUES ('961968244', 'Muayene', STR_TO_DATE('12/08/2022 09:00', '%d/%m/%Y %H:%i'), '62874223544', '33006064979');
INSERT INTO randevu VALUES ('331709904', 'Muayene', STR_TO_DATE('09/09/2022 08:00', '%d/%m/%Y %H:%i'), '47093323344', '97675845136');
INSERT INTO randevu VALUES ('914740472', 'Ameliyat', STR_TO_DATE('01/12/2022 13:00', '%d/%m/%Y %H:%i'), '83249457795', '61667608628');
INSERT INTO randevu VALUES ('628476732', 'Muayene', STR_TO_DATE('23/09/2022 08:00', '%d/%m/%Y %H:%i'), '83249457795', '30359741229');
INSERT INTO randevu VALUES ('616241255', 'Muayene', STR_TO_DATE('22/09/2022 08:00', '%d/%m/%Y %H:%i'), '97935920565', '21848020250');
INSERT INTO randevu VALUES ('376207313', 'Kontrol', STR_TO_DATE('17/07/2022 11:00', '%d/%m/%Y %H:%i'), '72536258789', '37778204115');
INSERT INTO randevu VALUES ('286922285', 'Ameliyat', STR_TO_DATE('21/12/2022 15:00', '%d/%m/%Y %H:%i'), '80086694304', '25283464292');
INSERT INTO randevu VALUES ('540349455', 'Muayene', STR_TO_DATE('03/08/2022 11:00', '%d/%m/%Y %H:%i'), '90912220596', '92620806822');
INSERT INTO randevu VALUES ('742521720', 'Muayene', STR_TO_DATE('02/12/2022 12:00', '%d/%m/%Y %H:%i'), '54809717426', '18580400570');
INSERT INTO randevu VALUES ('472031761', 'Muayene', STR_TO_DATE('13/12/2022 10:00', '%d/%m/%Y %H:%i'), '75185578020', '31890366151');
INSERT INTO randevu VALUES ('502960945', 'Kontrol', STR_TO_DATE('29/11/2022 08:00', '%d/%m/%Y %H:%i'), '68694064907', '33006064979');
INSERT INTO randevu VALUES ('330876140', 'Muayene', STR_TO_DATE('24/09/2022 10:00', '%d/%m/%Y %H:%i'), '12623953297', '25283464292');
INSERT INTO randevu VALUES ('965475458', 'Kontrol', STR_TO_DATE('21/12/2022 09:00', '%d/%m/%Y %H:%i'), '37643806655', '36303602843');
INSERT INTO randevu VALUES ('590220048', 'Muayene', STR_TO_DATE('23/08/2022 12:00', '%d/%m/%Y %H:%i'), '66399036248', '66706435176');
INSERT INTO randevu VALUES ('307783256', 'Kontrol', STR_TO_DATE('09/08/2022 09:00', '%d/%m/%Y %H:%i'), '60496959659', '91662075162');
INSERT INTO randevu VALUES ('944717825', 'Ameliyat', STR_TO_DATE('02/10/2022 11:00', '%d/%m/%Y %H:%i'), '16258131293', '48282956422');
INSERT INTO randevu VALUES ('478532021', 'Kontrol', STR_TO_DATE('05/07/2022 14:00', '%d/%m/%Y %H:%i'), '37236311529', '28814699818');
INSERT INTO randevu VALUES ('632922127', 'Kontrol', STR_TO_DATE('09/08/2022 09:00', '%d/%m/%Y %H:%i'), '77516834695', '10949418181');
INSERT INTO randevu VALUES ('825349158', 'Kontrol', STR_TO_DATE('23/10/2022 08:00', '%d/%m/%Y %H:%i'), '54809717426', '39811084618');
INSERT INTO randevu VALUES ('382245210', 'Kontrol', STR_TO_DATE('18/11/2022 12:00', '%d/%m/%Y %H:%i'), '84697672212', '23899743005');
INSERT INTO randevu VALUES ('746542303', 'Kontrol', STR_TO_DATE('16/09/2022 13:00', '%d/%m/%Y %H:%i'), '46412487749', '71976035091');
INSERT INTO randevu VALUES ('205995956', 'Kontrol', STR_TO_DATE('12/12/2022 15:00', '%d/%m/%Y %H:%i'), '66399036248', '23228320976');
INSERT INTO randevu VALUES ('482398375', 'Ameliyat', STR_TO_DATE('06/12/2022 09:00', '%d/%m/%Y %H:%i'), '86776719194', '24314496718');
INSERT INTO randevu VALUES ('481248471', 'Kontrol', STR_TO_DATE('05/09/2022 10:00', '%d/%m/%Y %H:%i'), '72735156603', '16510317684');
INSERT INTO randevu VALUES ('852862388', 'Muayene', STR_TO_DATE('23/07/2022 14:00', '%d/%m/%Y %H:%i'), '79549002528', '13387671772');
INSERT INTO randevu VALUES ('655257315', 'Ameliyat', STR_TO_DATE('06/11/2022 12:00', '%d/%m/%Y %H:%i'), '54809717426', '24314496718');
INSERT INTO randevu VALUES ('698189203', 'Muayene', STR_TO_DATE('09/11/2022 14:00', '%d/%m/%Y %H:%i'), '68694064907', '68819992654');
INSERT INTO randevu VALUES ('350746922', 'Muayene', STR_TO_DATE('21/11/2022 09:00', '%d/%m/%Y %H:%i'), '92206829851', '72347308258');
INSERT INTO randevu VALUES ('277779919', 'Muayene', STR_TO_DATE('29/11/2022 10:00', '%d/%m/%Y %H:%i'), '37236311529', '49306803601');
INSERT INTO randevu VALUES ('443312378', 'Ameliyat', STR_TO_DATE('19/11/2022 09:00', '%d/%m/%Y %H:%i'), '84697672212', '41331783343');
INSERT INTO randevu VALUES ('457927972', 'Muayene', STR_TO_DATE('11/08/2022 13:00', '%d/%m/%Y %H:%i'), '80501219129', '24636087496');
INSERT INTO randevu VALUES ('965984214', 'Kontrol', STR_TO_DATE('05/11/2022 11:00', '%d/%m/%Y %H:%i'), '97528379387', '66706435176');
INSERT INTO randevu VALUES ('197965363', 'Kontrol', STR_TO_DATE('03/08/2022 13:00', '%d/%m/%Y %H:%i'), '57894496005', '46963109475');
INSERT INTO randevu VALUES ('419293499', 'Muayene', STR_TO_DATE('20/10/2022 12:00', '%d/%m/%Y %H:%i'), '37236311529', '79008042611');
INSERT INTO randevu VALUES ('220267974', 'Kontrol', STR_TO_DATE('29/11/2022 12:00', '%d/%m/%Y %H:%i'), '97935920565', '47430552115');
INSERT INTO randevu VALUES ('276807740', 'Kontrol', STR_TO_DATE('24/09/2022 10:00', '%d/%m/%Y %H:%i'), '79549002528', '95098025114');
INSERT INTO randevu VALUES ('538481644', 'Kontrol', STR_TO_DATE('03/09/2022 14:00', '%d/%m/%Y %H:%i'), '15054467332', '54526741033');
INSERT INTO randevu VALUES ('613137307', 'Kontrol', STR_TO_DATE('10/10/2022 08:00', '%d/%m/%Y %H:%i'), '77516834695', '54526741033');
INSERT INTO randevu VALUES ('664109481', 'Kontrol', STR_TO_DATE('01/07/2022 08:00', '%d/%m/%Y %H:%i'), '68694064907', '95300996184');
INSERT INTO randevu VALUES ('642248019', 'Ameliyat', STR_TO_DATE('21/12/2022 08:00', '%d/%m/%Y %H:%i'), '59320241925', '38297020062');
INSERT INTO randevu VALUES ('505844692', 'Muayene', STR_TO_DATE('02/10/2022 12:00', '%d/%m/%Y %H:%i'), '72536258789', '55984070620');
INSERT INTO randevu VALUES ('762308018', 'Kontrol', STR_TO_DATE('24/12/2022 14:00', '%d/%m/%Y %H:%i'), '77516834695', '14512399051');
INSERT INTO randevu VALUES ('903433990', 'Ameliyat', STR_TO_DATE('08/11/2022 11:00', '%d/%m/%Y %H:%i'), '80086694304', '34435564777');
INSERT INTO randevu VALUES ('394662360', 'Muayene', STR_TO_DATE('08/07/2022 13:00', '%d/%m/%Y %H:%i'), '26616269032', '85844766646');
INSERT INTO randevu VALUES ('604148707', 'Ameliyat', STR_TO_DATE('06/11/2022 08:00', '%d/%m/%Y %H:%i'), '90912220596', '99295907741');
INSERT INTO randevu VALUES ('385859500', 'Kontrol', STR_TO_DATE('10/12/2022 12:00', '%d/%m/%Y %H:%i'), '77516834695', '59664657107');
INSERT INTO randevu VALUES ('770393154', 'Muayene', STR_TO_DATE('22/12/2022 12:00', '%d/%m/%Y %H:%i'), '12623953297', '25290429930');
INSERT INTO randevu VALUES ('877109419', 'Kontrol', STR_TO_DATE('18/10/2022 09:00', '%d/%m/%Y %H:%i'), '37643806655', '99295907741');
INSERT INTO randevu VALUES ('619805912', 'Ameliyat', STR_TO_DATE('19/08/2022 15:00', '%d/%m/%Y %H:%i'), '72735156603', '95186051862');
INSERT INTO randevu VALUES ('453312497', 'Muayene', STR_TO_DATE('26/11/2022 12:00', '%d/%m/%Y %H:%i'), '33917153601', '23899743005');
INSERT INTO randevu VALUES ('493836059', 'Ameliyat', STR_TO_DATE('29/10/2022 12:00', '%d/%m/%Y %H:%i'), '97935920565', '28814699818');
INSERT INTO randevu VALUES ('850520345', 'Muayene', STR_TO_DATE('20/11/2022 14:00', '%d/%m/%Y %H:%i'), '16258131293', '99295907741');
INSERT INTO randevu VALUES ('452284794', 'Ameliyat', STR_TO_DATE('11/12/2022 11:00', '%d/%m/%Y %H:%i'), '54809717426', '71976035091');
INSERT INTO randevu VALUES ('862224467', 'Ameliyat', STR_TO_DATE('04/11/2022 12:00', '%d/%m/%Y %H:%i'), '54809717426', '70220259545');
INSERT INTO randevu VALUES ('431529943', 'Muayene', STR_TO_DATE('03/12/2022 08:00', '%d/%m/%Y %H:%i'), '35047000816', '43997499474');
INSERT INTO randevu VALUES ('536013263', 'Ameliyat', STR_TO_DATE('19/09/2022 10:00', '%d/%m/%Y %H:%i'), '15054467332', '66706435176');
INSERT INTO randevu VALUES ('719964612', 'Ameliyat', STR_TO_DATE('14/07/2022 12:00', '%d/%m/%Y %H:%i'), '72536258789', '24636087496');
INSERT INTO randevu VALUES ('445363528', 'Muayene', STR_TO_DATE('08/11/2022 15:00', '%d/%m/%Y %H:%i'), '32260818675', '79008042611');
INSERT INTO randevu VALUES ('610233261', 'Ameliyat', STR_TO_DATE('07/07/2022 14:00', '%d/%m/%Y %H:%i'), '41696913198', '29402396254');
INSERT INTO randevu VALUES ('549221253', 'Ameliyat', STR_TO_DATE('09/12/2022 10:00', '%d/%m/%Y %H:%i'), '37643806655', '23899743005');
INSERT INTO randevu VALUES ('999390696', 'Muayene', STR_TO_DATE('18/10/2022 14:00', '%d/%m/%Y %H:%i'), '66399036248', '63779377402');
INSERT INTO randevu VALUES ('154307134', 'Kontrol', STR_TO_DATE('18/10/2022 11:00', '%d/%m/%Y %H:%i'), '46412487749', '99734592626');
INSERT INTO randevu VALUES ('599479042', 'Kontrol', STR_TO_DATE('08/12/2022 08:00', '%d/%m/%Y %H:%i'), '37236311529', '63614833234');
INSERT INTO randevu VALUES ('567172090', 'Muayene', STR_TO_DATE('08/11/2022 13:00', '%d/%m/%Y %H:%i'), '32260818675', '41331783343');
INSERT INTO randevu VALUES ('284725853', 'Muayene', STR_TO_DATE('19/07/2022 09:00', '%d/%m/%Y %H:%i'), '66399036248', '48159128530');
INSERT INTO randevu VALUES ('905876198', 'Kontrol', STR_TO_DATE('20/08/2022 10:00', '%d/%m/%Y %H:%i'), '37236311529', '95508355265');
INSERT INTO randevu VALUES ('541822624', 'Kontrol', STR_TO_DATE('17/07/2022 12:00', '%d/%m/%Y %H:%i'), '79549002528', '70809859930');
INSERT INTO randevu VALUES ('598972825', 'Muayene', STR_TO_DATE('07/12/2022 08:00', '%d/%m/%Y %H:%i'), '86776719194', '40470008902');
INSERT INTO randevu VALUES ('539697473', 'Ameliyat', STR_TO_DATE('26/08/2022 13:00', '%d/%m/%Y %H:%i'), '84697672212', '93441206659');
INSERT INTO randevu VALUES ('478520445', 'Kontrol', STR_TO_DATE('14/11/2022 11:00', '%d/%m/%Y %H:%i'), '72735156603', '97675845136');
INSERT INTO randevu VALUES ('455152719', 'Kontrol', STR_TO_DATE('04/12/2022 11:00', '%d/%m/%Y %H:%i'), '60496959659', '22254163075');
INSERT INTO randevu VALUES ('183000111', 'Muayene', STR_TO_DATE('29/07/2022 10:00', '%d/%m/%Y %H:%i'), '36887418072', '95098025114');
INSERT INTO randevu VALUES ('390185185', 'Kontrol', STR_TO_DATE('05/08/2022 13:00', '%d/%m/%Y %H:%i'), '37643806655', '39811084618');
INSERT INTO randevu VALUES ('852104176', 'Ameliyat', STR_TO_DATE('05/10/2022 08:00', '%d/%m/%Y %H:%i'), '60496959659', '22254163075');
INSERT INTO randevu VALUES ('956487977', 'Ameliyat', STR_TO_DATE('26/11/2022 09:00', '%d/%m/%Y %H:%i'), '12623953297', '22254163075');
INSERT INTO randevu VALUES ('410028024', 'Ameliyat', STR_TO_DATE('21/08/2022 12:00', '%d/%m/%Y %H:%i'), '73393055456', '70809859930');
INSERT INTO randevu VALUES ('187090661', 'Ameliyat', STR_TO_DATE('19/12/2022 10:00', '%d/%m/%Y %H:%i'), '73393055456', '95300996184');
INSERT INTO randevu VALUES ('266411036', 'Ameliyat', STR_TO_DATE('15/10/2022 11:00', '%d/%m/%Y %H:%i'), '97528379387', '91662075162');
INSERT INTO randevu VALUES ('361891977', 'Muayene', STR_TO_DATE('16/09/2022 10:00', '%d/%m/%Y %H:%i'), '60496959659', '96478445729');
INSERT INTO randevu VALUES ('434738596', 'Ameliyat', STR_TO_DATE('01/11/2022 14:00', '%d/%m/%Y %H:%i'), '47093323344', '41331783343');
INSERT INTO randevu VALUES ('118047896', 'Kontrol', STR_TO_DATE('20/11/2022 11:00', '%d/%m/%Y %H:%i'), '86776719194', '25290429930');
INSERT INTO randevu VALUES ('698918521', 'Kontrol', STR_TO_DATE('01/10/2022 14:00', '%d/%m/%Y %H:%i'), '59320241925', '95186051862');
INSERT INTO randevu VALUES ('656874071', 'Kontrol', STR_TO_DATE('25/12/2022 08:00', '%d/%m/%Y %H:%i'), '57894496005', '91678505007');
INSERT INTO randevu VALUES ('826428585', 'Ameliyat', STR_TO_DATE('18/07/2022 11:00', '%d/%m/%Y %H:%i'), '97935920565', '25283464292');
INSERT INTO randevu VALUES ('586556807', 'Ameliyat', STR_TO_DATE('13/12/2022 11:00', '%d/%m/%Y %H:%i'), '83249457795', '54552499146');
INSERT INTO randevu VALUES ('766549205', 'Muayene', STR_TO_DATE('12/11/2022 12:00', '%d/%m/%Y %H:%i'), '90912220596', '29402396254');
INSERT INTO randevu VALUES ('580991234', 'Kontrol', STR_TO_DATE('13/07/2022 15:00', '%d/%m/%Y %H:%i'), '54809717426', '23098284068');
INSERT INTO randevu VALUES ('651982782', 'Kontrol', STR_TO_DATE('06/08/2022 13:00', '%d/%m/%Y %H:%i'), '80501219129', '89007497726');
INSERT INTO randevu VALUES ('659394540', 'Ameliyat', STR_TO_DATE('08/09/2022 14:00', '%d/%m/%Y %H:%i'), '15054467332', '18580400570');
INSERT INTO randevu VALUES ('600291736', 'Muayene', STR_TO_DATE('08/10/2022 09:00', '%d/%m/%Y %H:%i'), '92206829851', '85844766646');
INSERT INTO randevu VALUES ('200301804', 'Kontrol', STR_TO_DATE('13/11/2022 09:00', '%d/%m/%Y %H:%i'), '62934893288', '92620806822');
INSERT INTO randevu VALUES ('508436448', 'Muayene', STR_TO_DATE('12/07/2022 13:00', '%d/%m/%Y %H:%i'), '37236311529', '25283464292');
INSERT INTO randevu VALUES ('152232979', 'Muayene', STR_TO_DATE('24/11/2022 13:00', '%d/%m/%Y %H:%i'), '86776719194', '25290429930');
INSERT INTO randevu VALUES ('214256104', 'Ameliyat', STR_TO_DATE('01/11/2022 08:00', '%d/%m/%Y %H:%i'), '15054467332', '89007497726');
INSERT INTO randevu VALUES ('454931030', 'Kontrol', STR_TO_DATE('29/08/2022 14:00', '%d/%m/%Y %H:%i'), '46412487749', '90914279299');
INSERT INTO randevu VALUES ('887528558', 'Kontrol', STR_TO_DATE('01/07/2022 11:00', '%d/%m/%Y %H:%i'), '60496959659', '45096514509');
INSERT INTO randevu VALUES ('294860972', 'Ameliyat', STR_TO_DATE('22/10/2022 11:00', '%d/%m/%Y %H:%i'), '41696913198', '95098025114');
INSERT INTO randevu VALUES ('828544837', 'Kontrol', STR_TO_DATE('13/08/2022 08:00', '%d/%m/%Y %H:%i'), '83249457795', '84327338791');
INSERT INTO randevu VALUES ('199553961', 'Muayene', STR_TO_DATE('04/12/2022 12:00', '%d/%m/%Y %H:%i'), '92206829851', '25290429930');
INSERT INTO randevu VALUES ('855491761', 'Kontrol', STR_TO_DATE('27/11/2022 09:00', '%d/%m/%Y %H:%i'), '62874223544', '25290429930');
INSERT INTO randevu VALUES ('152757658', 'Kontrol', STR_TO_DATE('21/11/2022 11:00', '%d/%m/%Y %H:%i'), '61209854614', '68819992654');
INSERT INTO randevu VALUES ('973051052', 'Muayene', STR_TO_DATE('13/10/2022 09:00', '%d/%m/%Y %H:%i'), '97958629191', '30359741229');
INSERT INTO randevu VALUES ('799978568', 'Ameliyat', STR_TO_DATE('08/08/2022 14:00', '%d/%m/%Y %H:%i'), '14077721538', '15022055378');
INSERT INTO randevu VALUES ('605391175', 'Ameliyat', STR_TO_DATE('24/11/2022 09:00', '%d/%m/%Y %H:%i'), '80501219129', '72347308258');
INSERT INTO randevu VALUES ('806248514', 'Kontrol', STR_TO_DATE('18/11/2022 08:00', '%d/%m/%Y %H:%i'), '62934893288', '60181238498');
INSERT INTO randevu VALUES ('384753032', 'Kontrol', STR_TO_DATE('17/11/2022 08:00', '%d/%m/%Y %H:%i'), '32260818675', '99734592626');
INSERT INTO randevu VALUES ('646438889', 'Muayene', STR_TO_DATE('15/08/2022 10:00', '%d/%m/%Y %H:%i'), '62934893288', '13971592724');
INSERT INTO randevu VALUES ('594613984', 'Muayene', STR_TO_DATE('22/12/2022 14:00', '%d/%m/%Y %H:%i'), '37236311529', '79008042611');
INSERT INTO randevu VALUES ('526159060', 'Ameliyat', STR_TO_DATE('27/11/2022 13:00', '%d/%m/%Y %H:%i'), '14077721538', '91662075162');
INSERT INTO randevu VALUES ('792021064', 'Kontrol', STR_TO_DATE('06/07/2022 15:00', '%d/%m/%Y %H:%i'), '75185578020', '80737246912');
INSERT INTO randevu VALUES ('507049070', 'Kontrol', STR_TO_DATE('18/11/2022 08:00', '%d/%m/%Y %H:%i'), '36887418072', '93441206659');
INSERT INTO randevu VALUES ('883689498', 'Kontrol', STR_TO_DATE('28/10/2022 10:00', '%d/%m/%Y %H:%i'), '12417339582', '79008042611');
INSERT INTO randevu VALUES ('686304368', 'Ameliyat', STR_TO_DATE('08/08/2022 11:00', '%d/%m/%Y %H:%i'), '77516834695', '20669036664');
INSERT INTO randevu VALUES ('715370988', 'Kontrol', STR_TO_DATE('12/07/2022 09:00', '%d/%m/%Y %H:%i'), '75185578020', '47430552115');
INSERT INTO randevu VALUES ('786610738', 'Kontrol', STR_TO_DATE('25/10/2022 13:00', '%d/%m/%Y %H:%i'), '54809717426', '99183410931');
INSERT INTO randevu VALUES ('689081659', 'Kontrol', STR_TO_DATE('01/11/2022 08:00', '%d/%m/%Y %H:%i'), '59320241925', '40470008902');
INSERT INTO randevu VALUES ('392847761', 'Muayene', STR_TO_DATE('10/08/2022 14:00', '%d/%m/%Y %H:%i'), '15054467332', '95508355265');
INSERT INTO randevu VALUES ('395139476', 'Kontrol', STR_TO_DATE('06/11/2022 15:00', '%d/%m/%Y %H:%i'), '97958629191', '34435564777');
INSERT INTO randevu VALUES ('691753238', 'Kontrol', STR_TO_DATE('01/10/2022 11:00', '%d/%m/%Y %H:%i'), '73393055456', '25952596837');
INSERT INTO randevu VALUES ('254003850', 'Muayene', STR_TO_DATE('16/11/2022 15:00', '%d/%m/%Y %H:%i'), '72735156603', '92620806822');
INSERT INTO randevu VALUES ('581090034', 'Muayene', STR_TO_DATE('01/08/2022 13:00', '%d/%m/%Y %H:%i'), '92206829851', '46251492535');
INSERT INTO randevu VALUES ('830266156', 'Kontrol', STR_TO_DATE('28/11/2022 14:00', '%d/%m/%Y %H:%i'), '97958629191', '91662075162');
INSERT INTO randevu VALUES ('304625459', 'Ameliyat', STR_TO_DATE('02/08/2022 11:00', '%d/%m/%Y %H:%i'), '35047000816', '13387671772');
INSERT INTO randevu VALUES ('522993218', 'Ameliyat', STR_TO_DATE('01/10/2022 15:00', '%d/%m/%Y %H:%i'), '66399036248', '59031351734');
INSERT INTO randevu VALUES ('865343575', 'Ameliyat', STR_TO_DATE('29/11/2022 13:00', '%d/%m/%Y %H:%i'), '59320241925', '59031351734');
INSERT INTO randevu VALUES ('896622016', 'Kontrol', STR_TO_DATE('14/12/2022 14:00', '%d/%m/%Y %H:%i'), '37236311529', '48159128530');
INSERT INTO randevu VALUES ('869194097', 'Muayene', STR_TO_DATE('06/07/2022 09:00', '%d/%m/%Y %H:%i'), '12417339582', '36303602843');
INSERT INTO randevu VALUES ('816175345', 'Ameliyat', STR_TO_DATE('25/12/2022 09:00', '%d/%m/%Y %H:%i'), '80501219129', '13387671772');
INSERT INTO randevu VALUES ('641321927', 'Kontrol', STR_TO_DATE('18/09/2022 14:00', '%d/%m/%Y %H:%i'), '83249457795', '23228320976');
INSERT INTO randevu VALUES ('792387555', 'Muayene', STR_TO_DATE('07/11/2022 15:00', '%d/%m/%Y %H:%i'), '92206829851', '37778204115');
INSERT INTO randevu VALUES ('758310228', 'Ameliyat', STR_TO_DATE('21/11/2022 13:00', '%d/%m/%Y %H:%i'), '97935920565', '41331783343');
INSERT INTO randevu VALUES ('224144690', 'Muayene', STR_TO_DATE('03/12/2022 09:00', '%d/%m/%Y %H:%i'), '66399036248', '33006064979');
INSERT INTO randevu VALUES ('138198725', 'Muayene', STR_TO_DATE('05/12/2022 10:00', '%d/%m/%Y %H:%i'), '72735156603', '63779377402');
INSERT INTO randevu VALUES ('833066264', 'Kontrol', STR_TO_DATE('23/08/2022 08:00', '%d/%m/%Y %H:%i'), '14077721538', '54499811179');
INSERT INTO randevu VALUES ('593571760', 'Ameliyat', STR_TO_DATE('02/09/2022 09:00', '%d/%m/%Y %H:%i'), '14077721538', '70809859930');
INSERT INTO randevu VALUES ('727282103', 'Kontrol', STR_TO_DATE('07/10/2022 14:00', '%d/%m/%Y %H:%i'), '41696913198', '95024905237');
INSERT INTO randevu VALUES ('693755250', 'Ameliyat', STR_TO_DATE('19/08/2022 11:00', '%d/%m/%Y %H:%i'), '61209854614', '80737246912');
INSERT INTO randevu VALUES ('342196497', 'Kontrol', STR_TO_DATE('29/11/2022 15:00', '%d/%m/%Y %H:%i'), '68694064907', '54499811179');
INSERT INTO randevu VALUES ('201866158', 'Ameliyat', STR_TO_DATE('19/07/2022 08:00', '%d/%m/%Y %H:%i'), '12623953297', '50024034998');
INSERT INTO randevu VALUES ('966617276', 'Muayene', STR_TO_DATE('28/07/2022 10:00', '%d/%m/%Y %H:%i'), '86776719194', '65147696538');
INSERT INTO randevu VALUES ('780934283', 'Kontrol', STR_TO_DATE('14/11/2022 11:00', '%d/%m/%Y %H:%i'), '57894496005', '60181238498');
INSERT INTO randevu VALUES ('430007800', 'Kontrol', STR_TO_DATE('18/07/2022 13:00', '%d/%m/%Y %H:%i'), '92206829851', '24636087496');
INSERT INTO randevu VALUES ('392049286', 'Ameliyat', STR_TO_DATE('27/11/2022 12:00', '%d/%m/%Y %H:%i'), '72735156603', '71976035091');
INSERT INTO randevu VALUES ('330796331', 'Muayene', STR_TO_DATE('27/09/2022 08:00', '%d/%m/%Y %H:%i'), '75185578020', '63481840737');
INSERT INTO randevu VALUES ('152665493', 'Ameliyat', STR_TO_DATE('22/08/2022 13:00', '%d/%m/%Y %H:%i'), '86776719194', '60933488599');
INSERT INTO randevu VALUES ('166177104', 'Kontrol', STR_TO_DATE('27/07/2022 11:00', '%d/%m/%Y %H:%i'), '92206829851', '72347308258');
INSERT INTO randevu VALUES ('721638050', 'Ameliyat', STR_TO_DATE('10/12/2022 11:00', '%d/%m/%Y %H:%i'), '75185578020', '70809859930');
INSERT INTO randevu VALUES ('622399053', 'Muayene', STR_TO_DATE('11/10/2022 14:00', '%d/%m/%Y %H:%i'), '35047000816', '13971592724');
INSERT INTO randevu VALUES ('628715116', 'Muayene', STR_TO_DATE('24/09/2022 10:00', '%d/%m/%Y %H:%i'), '90912220596', '41331783343');
INSERT INTO randevu VALUES ('534505672', 'Ameliyat', STR_TO_DATE('12/08/2022 15:00', '%d/%m/%Y %H:%i'), '36887418072', '16510317684');
INSERT INTO randevu VALUES ('392309991', 'Kontrol', STR_TO_DATE('07/11/2022 12:00', '%d/%m/%Y %H:%i'), '75185578020', '39811084618');
INSERT INTO randevu VALUES ('244414557', 'Ameliyat', STR_TO_DATE('03/09/2022 12:00', '%d/%m/%Y %H:%i'), '41696913198', '39811084618');
INSERT INTO randevu VALUES ('314936210', 'Muayene', STR_TO_DATE('13/12/2022 13:00', '%d/%m/%Y %H:%i'), '77516834695', '24636087496');
INSERT INTO randevu VALUES ('560452671', 'Muayene', STR_TO_DATE('19/09/2022 08:00', '%d/%m/%Y %H:%i'), '57894496005', '40470008902');
INSERT INTO randevu VALUES ('762615871', 'Ameliyat', STR_TO_DATE('14/10/2022 09:00', '%d/%m/%Y %H:%i'), '86776719194', '47430552115');
INSERT INTO randevu VALUES ('968991974', 'Ameliyat', STR_TO_DATE('24/08/2022 13:00', '%d/%m/%Y %H:%i'), '77516834695', '62114136264');
INSERT INTO randevu VALUES ('720529694', 'Muayene', STR_TO_DATE('06/08/2022 12:00', '%d/%m/%Y %H:%i'), '80086694304', '53194614400');
INSERT INTO randevu VALUES ('868246966', 'Muayene', STR_TO_DATE('12/12/2022 09:00', '%d/%m/%Y %H:%i'), '77516834695', '85844766646');
INSERT INTO randevu VALUES ('700576868', 'Ameliyat', STR_TO_DATE('09/12/2022 10:00', '%d/%m/%Y %H:%i'), '32260818675', '71076797056');
INSERT INTO randevu VALUES ('749435903', 'Muayene', STR_TO_DATE('01/10/2022 09:00', '%d/%m/%Y %H:%i'), '35047000816', '23899743005');
INSERT INTO randevu VALUES ('469297016', 'Ameliyat', STR_TO_DATE('17/10/2022 14:00', '%d/%m/%Y %H:%i'), '86776719194', '79008042611');
INSERT INTO randevu VALUES ('422247877', 'Ameliyat', STR_TO_DATE('07/12/2022 11:00', '%d/%m/%Y %H:%i'), '66399036248', '95098025114');
INSERT INTO randevu VALUES ('101643284', 'Kontrol', STR_TO_DATE('07/12/2022 15:00', '%d/%m/%Y %H:%i'), '97528379387', '12483830065');
INSERT INTO randevu VALUES ('537506412', 'Kontrol', STR_TO_DATE('01/09/2022 09:00', '%d/%m/%Y %H:%i'), '32260818675', '95186051862');
INSERT INTO randevu VALUES ('599718334', 'Kontrol', STR_TO_DATE('06/12/2022 08:00', '%d/%m/%Y %H:%i'), '62934893288', '54552499146');
INSERT INTO randevu VALUES ('681795480', 'Muayene', STR_TO_DATE('01/10/2022 09:00', '%d/%m/%Y %H:%i'), '16258131293', '80737246912');
INSERT INTO randevu VALUES ('409609554', 'Kontrol', STR_TO_DATE('29/08/2022 15:00', '%d/%m/%Y %H:%i'), '86776719194', '99734592626');
INSERT INTO randevu VALUES ('868091461', 'Muayene', STR_TO_DATE('15/12/2022 12:00', '%d/%m/%Y %H:%i'), '59320241925', '18580400570');
INSERT INTO randevu VALUES ('763343605', 'Muayene', STR_TO_DATE('17/11/2022 09:00', '%d/%m/%Y %H:%i'), '97935920565', '15022055378');
INSERT INTO randevu VALUES ('485238583', 'Muayene', STR_TO_DATE('06/08/2022 08:00', '%d/%m/%Y %H:%i'), '41696913198', '59031351734');
INSERT INTO randevu VALUES ('662779703', 'Ameliyat', STR_TO_DATE('20/10/2022 14:00', '%d/%m/%Y %H:%i'), '73393055456', '46251492535');
INSERT INTO randevu VALUES ('252581353', 'Muayene', STR_TO_DATE('21/07/2022 11:00', '%d/%m/%Y %H:%i'), '33917153601', '63481840737');
INSERT INTO randevu VALUES ('158336570', 'Kontrol', STR_TO_DATE('19/09/2022 09:00', '%d/%m/%Y %H:%i'), '84697672212', '95098025114');
INSERT INTO randevu VALUES ('882826414', 'Ameliyat', STR_TO_DATE('18/09/2022 15:00', '%d/%m/%Y %H:%i'), '62874223544', '63779377402');
INSERT INTO randevu VALUES ('400722358', 'Ameliyat', STR_TO_DATE('26/12/2022 10:00', '%d/%m/%Y %H:%i'), '15054467332', '99183410931');
INSERT INTO randevu VALUES ('312360208', 'Muayene', STR_TO_DATE('29/11/2022 15:00', '%d/%m/%Y %H:%i'), '12417339582', '94146855422');
INSERT INTO randevu VALUES ('950251672', 'Ameliyat', STR_TO_DATE('14/11/2022 15:00', '%d/%m/%Y %H:%i'), '15054467332', '70809859930');
INSERT INTO randevu VALUES ('534663320', 'Ameliyat', STR_TO_DATE('10/11/2022 11:00', '%d/%m/%Y %H:%i'), '73393055456', '89369856700');
INSERT INTO randevu VALUES ('685918882', 'Muayene', STR_TO_DATE('23/12/2022 10:00', '%d/%m/%Y %H:%i'), '84697672212', '91662075162');
INSERT INTO randevu VALUES ('928594018', 'Muayene', STR_TO_DATE('13/08/2022 08:00', '%d/%m/%Y %H:%i'), '80086694304', '15022055378');
INSERT INTO randevu VALUES ('149073212', 'Muayene', STR_TO_DATE('01/09/2022 14:00', '%d/%m/%Y %H:%i'), '97935920565', '63614833234');
INSERT INTO randevu VALUES ('491182681', 'Ameliyat', STR_TO_DATE('13/09/2022 12:00', '%d/%m/%Y %H:%i'), '46412487749', '16510317684');
INSERT INTO randevu VALUES ('171550055', 'Kontrol', STR_TO_DATE('10/08/2022 14:00', '%d/%m/%Y %H:%i'), '26616269032', '63779377402');
INSERT INTO randevu VALUES ('397065381', 'Ameliyat', STR_TO_DATE('12/09/2022 13:00', '%d/%m/%Y %H:%i'), '37236311529', '16378256846');
INSERT INTO randevu VALUES ('818706185', 'Muayene', STR_TO_DATE('08/10/2022 11:00', '%d/%m/%Y %H:%i'), '80086694304', '41331783343');
INSERT INTO randevu VALUES ('939694807', 'Muayene', STR_TO_DATE('17/09/2022 13:00', '%d/%m/%Y %H:%i'), '86776719194', '84327338791');
INSERT INTO randevu VALUES ('252853139', 'Kontrol', STR_TO_DATE('18/07/2022 15:00', '%d/%m/%Y %H:%i'), '33917153601', '84612639193');
INSERT INTO randevu VALUES ('600079682', 'Kontrol', STR_TO_DATE('23/11/2022 12:00', '%d/%m/%Y %H:%i'), '73393055456', '79008042611');
INSERT INTO randevu VALUES ('127358638', 'Ameliyat', STR_TO_DATE('21/11/2022 12:00', '%d/%m/%Y %H:%i'), '12623953297', '16510317684');
INSERT INTO randevu VALUES ('569392763', 'Kontrol', STR_TO_DATE('06/10/2022 12:00', '%d/%m/%Y %H:%i'), '90912220596', '95508355265');
INSERT INTO randevu VALUES ('633179710', 'Kontrol', STR_TO_DATE('25/11/2022 09:00', '%d/%m/%Y %H:%i'), '75185578020', '25952596837');
INSERT INTO randevu VALUES ('145897026', 'Kontrol', STR_TO_DATE('17/10/2022 13:00', '%d/%m/%Y %H:%i'), '35047000816', '10949418181');
INSERT INTO randevu VALUES ('695874976', 'Kontrol', STR_TO_DATE('04/11/2022 10:00', '%d/%m/%Y %H:%i'), '90912220596', '24636087496');
INSERT INTO randevu VALUES ('533646597', 'Muayene', STR_TO_DATE('04/07/2022 10:00', '%d/%m/%Y %H:%i'), '47093323344', '91662075162');
INSERT INTO randevu VALUES ('128491319', 'Kontrol', STR_TO_DATE('01/10/2022 14:00', '%d/%m/%Y %H:%i'), '36887418072', '72347308258');
INSERT INTO randevu VALUES ('910786723', 'Kontrol', STR_TO_DATE('08/08/2022 10:00', '%d/%m/%Y %H:%i'), '66399036248', '30359741229');
INSERT INTO randevu VALUES ('286080336', 'Muayene', STR_TO_DATE('16/11/2022 14:00', '%d/%m/%Y %H:%i'), '72536258789', '93441206659');
INSERT INTO randevu VALUES ('932878769', 'Kontrol', STR_TO_DATE('20/12/2022 13:00', '%d/%m/%Y %H:%i'), '60496959659', '99734592626');
INSERT INTO randevu VALUES ('204630138', 'Kontrol', STR_TO_DATE('14/12/2022 10:00', '%d/%m/%Y %H:%i'), '97528379387', '38297020062');
INSERT INTO randevu VALUES ('921973746', 'Muayene', STR_TO_DATE('07/10/2022 14:00', '%d/%m/%Y %H:%i'), '16258131293', '99295907741');
INSERT INTO randevu VALUES ('447995422', 'Ameliyat', STR_TO_DATE('16/08/2022 11:00', '%d/%m/%Y %H:%i'), '54809717426', '62114136264');
INSERT INTO randevu VALUES ('397412718', 'Kontrol', STR_TO_DATE('08/12/2022 10:00', '%d/%m/%Y %H:%i'), '14077721538', '12483830065');
INSERT INTO randevu VALUES ('516226817', 'Kontrol', STR_TO_DATE('06/11/2022 13:00', '%d/%m/%Y %H:%i'), '90912220596', '85844766646');
INSERT INTO randevu VALUES ('943842568', 'Muayene', STR_TO_DATE('02/12/2022 12:00', '%d/%m/%Y %H:%i'), '59320241925', '29567766329');
INSERT INTO randevu VALUES ('745195540', 'Muayene', STR_TO_DATE('06/08/2022 09:00', '%d/%m/%Y %H:%i'), '47093323344', '54552499146');
INSERT INTO randevu VALUES ('868818907', 'Kontrol', STR_TO_DATE('03/09/2022 08:00', '%d/%m/%Y %H:%i'), '46412487749', '63779377402');
INSERT INTO randevu VALUES ('656535197', 'Kontrol', STR_TO_DATE('22/07/2022 10:00', '%d/%m/%Y %H:%i'), '36887418072', '18836430541');
INSERT INTO randevu VALUES ('649996984', 'Kontrol', STR_TO_DATE('15/09/2022 15:00', '%d/%m/%Y %H:%i'), '14077721538', '13971592724');
INSERT INTO randevu VALUES ('440540617', 'Muayene', STR_TO_DATE('03/12/2022 15:00', '%d/%m/%Y %H:%i'), '75185578020', '68819992654');
INSERT INTO randevu VALUES ('241008730', 'Ameliyat', STR_TO_DATE('07/10/2022 11:00', '%d/%m/%Y %H:%i'), '37236311529', '41331783343');
INSERT INTO randevu VALUES ('996038657', 'Ameliyat', STR_TO_DATE('06/09/2022 10:00', '%d/%m/%Y %H:%i'), '16258131293', '90914279299');
INSERT INTO randevu VALUES ('433461982', 'Muayene', STR_TO_DATE('29/07/2022 13:00', '%d/%m/%Y %H:%i'), '60496959659', '40470008902');
INSERT INTO randevu VALUES ('101632484', 'Kontrol', STR_TO_DATE('13/09/2022 11:00', '%d/%m/%Y %H:%i'), '15054467332', '66706435176');
INSERT INTO randevu VALUES ('205325600', 'Ameliyat', STR_TO_DATE('15/11/2022 09:00', '%d/%m/%Y %H:%i'), '41696913198', '91662075162');
INSERT INTO randevu VALUES ('100314754', 'Kontrol', STR_TO_DATE('29/12/2022 10:00', '%d/%m/%Y %H:%i'), '26616269032', '24314496718');
INSERT INTO randevu VALUES ('789751198', 'Ameliyat', STR_TO_DATE('10/10/2022 11:00', '%d/%m/%Y %H:%i'), '14077721538', '60181238498');
INSERT INTO randevu VALUES ('427955003', 'Muayene', STR_TO_DATE('06/09/2022 08:00', '%d/%m/%Y %H:%i'), '62874223544', '16510317684');
INSERT INTO randevu VALUES ('648688157', 'Kontrol', STR_TO_DATE('28/08/2022 13:00', '%d/%m/%Y %H:%i'), '54809717426', '62114136264');
INSERT INTO randevu VALUES ('905868807', 'Kontrol', STR_TO_DATE('16/11/2022 15:00', '%d/%m/%Y %H:%i'), '33917153601', '50024034998');
INSERT INTO randevu VALUES ('259169371', 'Ameliyat', STR_TO_DATE('21/11/2022 09:00', '%d/%m/%Y %H:%i'), '37643806655', '83538922446');
INSERT INTO randevu VALUES ('453177587', 'Muayene', STR_TO_DATE('17/08/2022 15:00', '%d/%m/%Y %H:%i'), '90912220596', '59957396383');
INSERT INTO randevu VALUES ('487085086', 'Muayene', STR_TO_DATE('01/11/2022 11:00', '%d/%m/%Y %H:%i'), '15054467332', '31890366151');
INSERT INTO randevu VALUES ('885015836', 'Muayene', STR_TO_DATE('01/07/2022 14:00', '%d/%m/%Y %H:%i'), '97528379387', '53881784307');
INSERT INTO randevu VALUES ('662899393', 'Ameliyat', STR_TO_DATE('01/10/2022 09:00', '%d/%m/%Y %H:%i'), '36887418072', '31890366151');
INSERT INTO randevu VALUES ('486672739', 'Ameliyat', STR_TO_DATE('06/10/2022 15:00', '%d/%m/%Y %H:%i'), '79549002528', '68819992654');
INSERT INTO randevu VALUES ('693189400', 'Kontrol', STR_TO_DATE('01/11/2022 13:00', '%d/%m/%Y %H:%i'), '47093323344', '95098025114');
INSERT INTO randevu VALUES ('849984297', 'Kontrol', STR_TO_DATE('09/09/2022 10:00', '%d/%m/%Y %H:%i'), '62874223544', '62114136264');
INSERT INTO randevu VALUES ('916851076', 'Muayene', STR_TO_DATE('10/07/2022 11:00', '%d/%m/%Y %H:%i'), '66399036248', '89007497726');
INSERT INTO randevu VALUES ('686781384', 'Muayene', STR_TO_DATE('13/11/2022 09:00', '%d/%m/%Y %H:%i'), '62874223544', '55984070620');
INSERT INTO randevu VALUES ('925921487', 'Kontrol', STR_TO_DATE('06/07/2022 14:00', '%d/%m/%Y %H:%i'), '73393055456', '65622100257');
INSERT INTO randevu VALUES ('431680573', 'Muayene', STR_TO_DATE('24/10/2022 10:00', '%d/%m/%Y %H:%i'), '32260818675', '71976035091');
INSERT INTO randevu VALUES ('519296442', 'Kontrol', STR_TO_DATE('01/07/2022 11:00', '%d/%m/%Y %H:%i'), '92206829851', '43997499474');
INSERT INTO randevu VALUES ('945856451', 'Ameliyat', STR_TO_DATE('28/12/2022 14:00', '%d/%m/%Y %H:%i'), '92206829851', '83538922446');
INSERT INTO randevu VALUES ('682674633', 'Kontrol', STR_TO_DATE('27/09/2022 11:00', '%d/%m/%Y %H:%i'), '46412487749', '54526741033');
INSERT INTO randevu VALUES ('412707088', 'Kontrol', STR_TO_DATE('01/11/2022 14:00', '%d/%m/%Y %H:%i'), '86776719194', '25179943979');
INSERT INTO randevu VALUES ('997554010', 'Muayene', STR_TO_DATE('10/12/2022 13:00', '%d/%m/%Y %H:%i'), '90912220596', '95508355265');
INSERT INTO randevu VALUES ('374893244', 'Muayene', STR_TO_DATE('09/12/2022 08:00', '%d/%m/%Y %H:%i'), '36887418072', '34435564777');
INSERT INTO randevu VALUES ('248634389', 'Kontrol', STR_TO_DATE('01/11/2022 14:00', '%d/%m/%Y %H:%i'), '75185578020', '94648170496');
INSERT INTO randevu VALUES ('494253817', 'Ameliyat', STR_TO_DATE('11/11/2022 09:00', '%d/%m/%Y %H:%i'), '26616269032', '48282956422');
INSERT INTO randevu VALUES ('850484306', 'Ameliyat', STR_TO_DATE('08/08/2022 09:00', '%d/%m/%Y %H:%i'), '79549002528', '84327338791');
INSERT INTO randevu VALUES ('134317893', 'Kontrol', STR_TO_DATE('28/12/2022 08:00', '%d/%m/%Y %H:%i'), '62934893288', '54552499146');
INSERT INTO randevu VALUES ('922696030', 'Muayene', STR_TO_DATE('27/07/2022 08:00', '%d/%m/%Y %H:%i'), '37643806655', '94146855422');
INSERT INTO randevu VALUES ('283786535', 'Kontrol', STR_TO_DATE('01/11/2022 12:00', '%d/%m/%Y %H:%i'), '59320241925', '97675845136');
INSERT INTO randevu VALUES ('470006059', 'Muayene', STR_TO_DATE('11/08/2022 08:00', '%d/%m/%Y %H:%i'), '97528379387', '53881784307');
INSERT INTO randevu VALUES ('871957990', 'Kontrol', STR_TO_DATE('14/09/2022 08:00', '%d/%m/%Y %H:%i'), '57894496005', '63481840737');
INSERT INTO randevu VALUES ('913617056', 'Kontrol', STR_TO_DATE('29/10/2022 09:00', '%d/%m/%Y %H:%i'), '73393055456', '91678505007');
INSERT INTO randevu VALUES ('107026519', 'Kontrol', STR_TO_DATE('29/09/2022 10:00', '%d/%m/%Y %H:%i'), '12623953297', '84612639193');
INSERT INTO randevu VALUES ('386026732', 'Muayene', STR_TO_DATE('24/07/2022 08:00', '%d/%m/%Y %H:%i'), '15054467332', '45096514509');
INSERT INTO randevu VALUES ('381436208', 'Ameliyat', STR_TO_DATE('15/07/2022 13:00', '%d/%m/%Y %H:%i'), '72536258789', '38297020062');
INSERT INTO randevu VALUES ('106127266', 'Kontrol', STR_TO_DATE('26/09/2022 08:00', '%d/%m/%Y %H:%i'), '33917153601', '84327338791');
INSERT INTO randevu VALUES ('297215207', 'Ameliyat', STR_TO_DATE('10/07/2022 11:00', '%d/%m/%Y %H:%i'), '66399036248', '66706435176');
INSERT INTO randevu VALUES ('716734468', 'Muayene', STR_TO_DATE('12/08/2022 11:00', '%d/%m/%Y %H:%i'), '62934893288', '95098025114');
INSERT INTO randevu VALUES ('530200552', 'Kontrol', STR_TO_DATE('21/10/2022 13:00', '%d/%m/%Y %H:%i'), '59320241925', '41331783343');
INSERT INTO randevu VALUES ('250747944', 'Ameliyat', STR_TO_DATE('24/09/2022 10:00', '%d/%m/%Y %H:%i'), '92206829851', '24636087496');
INSERT INTO randevu VALUES ('107411099', 'Muayene', STR_TO_DATE('16/07/2022 14:00', '%d/%m/%Y %H:%i'), '14077721538', '37778204115');
INSERT INTO randevu VALUES ('524264368', 'Ameliyat', STR_TO_DATE('21/12/2022 11:00', '%d/%m/%Y %H:%i'), '62934893288', '84327338791');
INSERT INTO randevu VALUES ('184027948', 'Ameliyat', STR_TO_DATE('18/07/2022 15:00', '%d/%m/%Y %H:%i'), '75185578020', '24636087496');
INSERT INTO randevu VALUES ('140512083', 'Ameliyat', STR_TO_DATE('24/11/2022 11:00', '%d/%m/%Y %H:%i'), '72536258789', '36303602843');
INSERT INTO randevu VALUES ('690925733', 'Ameliyat', STR_TO_DATE('04/12/2022 11:00', '%d/%m/%Y %H:%i'), '68694064907', '49306803601');
INSERT INTO randevu VALUES ('839365443', 'Kontrol', STR_TO_DATE('27/08/2022 11:00', '%d/%m/%Y %H:%i'), '77516834695', '65622100257');
INSERT INTO randevu VALUES ('490796912', 'Muayene', STR_TO_DATE('24/10/2022 13:00', '%d/%m/%Y %H:%i'), '14077721538', '83538922446');
INSERT INTO randevu VALUES ('997808008', 'Muayene', STR_TO_DATE('28/09/2022 09:00', '%d/%m/%Y %H:%i'), '14077721538', '65147696538');
INSERT INTO randevu VALUES ('226125992', 'Ameliyat', STR_TO_DATE('28/12/2022 13:00', '%d/%m/%Y %H:%i'), '73393055456', '54526741033');
INSERT INTO randevu VALUES ('629908058', 'Kontrol', STR_TO_DATE('01/09/2022 12:00', '%d/%m/%Y %H:%i'), '35047000816', '21848020250');
INSERT INTO randevu VALUES ('382861961', 'Ameliyat', STR_TO_DATE('01/09/2022 11:00', '%d/%m/%Y %H:%i'), '26616269032', '24314496718');
INSERT INTO randevu VALUES ('198793805', 'Ameliyat', STR_TO_DATE('09/09/2022 11:00', '%d/%m/%Y %H:%i'), '68694064907', '23228320976');
INSERT INTO randevu VALUES ('232948952', 'Muayene', STR_TO_DATE('22/07/2022 08:00', '%d/%m/%Y %H:%i'), '36887418072', '43997499474');
INSERT INTO randevu VALUES ('460680616', 'Ameliyat', STR_TO_DATE('10/07/2022 11:00', '%d/%m/%Y %H:%i'), '54809717426', '60181238498');
INSERT INTO randevu VALUES ('644681991', 'Kontrol', STR_TO_DATE('12/07/2022 15:00', '%d/%m/%Y %H:%i'), '14077721538', '11185088108');
INSERT INTO randevu VALUES ('558771863', 'Muayene', STR_TO_DATE('07/08/2022 12:00', '%d/%m/%Y %H:%i'), '41696913198', '22254163075');
INSERT INTO randevu VALUES ('265121686', 'Muayene', STR_TO_DATE('07/11/2022 12:00', '%d/%m/%Y %H:%i'), '83249457795', '97675845136');
INSERT INTO randevu VALUES ('195669302', 'Kontrol', STR_TO_DATE('25/08/2022 15:00', '%d/%m/%Y %H:%i'), '79549002528', '92620806822');
INSERT INTO randevu VALUES ('494748588', 'Muayene', STR_TO_DATE('13/08/2022 14:00', '%d/%m/%Y %H:%i'), '16258131293', '41331783343');
INSERT INTO randevu VALUES ('725218885', 'Kontrol', STR_TO_DATE('25/08/2022 12:00', '%d/%m/%Y %H:%i'), '37236311529', '21848020250');
INSERT INTO randevu VALUES ('260492160', 'Ameliyat', STR_TO_DATE('01/10/2022 08:00', '%d/%m/%Y %H:%i'), '54809717426', '37778204115');
INSERT INTO randevu VALUES ('648751886', 'Muayene', STR_TO_DATE('29/10/2022 10:00', '%d/%m/%Y %H:%i'), '68694064907', '93441206659');
INSERT INTO randevu VALUES ('966314920', 'Kontrol', STR_TO_DATE('22/12/2022 14:00', '%d/%m/%Y %H:%i'), '35047000816', '93441206659');
INSERT INTO randevu VALUES ('772407016', 'Ameliyat', STR_TO_DATE('28/10/2022 13:00', '%d/%m/%Y %H:%i'), '84697672212', '89369856700');
INSERT INTO randevu VALUES ('501280559', 'Muayene', STR_TO_DATE('13/09/2022 15:00', '%d/%m/%Y %H:%i'), '12623953297', '66094094780');
INSERT INTO randevu VALUES ('141397501', 'Kontrol', STR_TO_DATE('20/08/2022 15:00', '%d/%m/%Y %H:%i'), '80501219129', '99183410931');
INSERT INTO randevu VALUES ('748335995', 'Muayene', STR_TO_DATE('17/12/2022 10:00', '%d/%m/%Y %H:%i'), '79549002528', '40470008902');
INSERT INTO randevu VALUES ('266106887', 'Muayene', STR_TO_DATE('04/11/2022 13:00', '%d/%m/%Y %H:%i'), '97935920565', '79008042611');
INSERT INTO randevu VALUES ('985717656', 'Ameliyat', STR_TO_DATE('01/09/2022 08:00', '%d/%m/%Y %H:%i'), '14077721538', '16378256846');
INSERT INTO randevu VALUES ('191846709', 'Kontrol', STR_TO_DATE('15/12/2022 12:00', '%d/%m/%Y %H:%i'), '68694064907', '59664657107');
INSERT INTO randevu VALUES ('140096788', 'Kontrol', STR_TO_DATE('01/11/2022 11:00', '%d/%m/%Y %H:%i'), '72735156603', '18580400570');
INSERT INTO randevu VALUES ('193957739', 'Muayene', STR_TO_DATE('09/07/2022 12:00', '%d/%m/%Y %H:%i'), '60496959659', '91678505007');
INSERT INTO randevu VALUES ('425168257', 'Kontrol', STR_TO_DATE('26/11/2022 14:00', '%d/%m/%Y %H:%i'), '62874223544', '24314496718');
INSERT INTO randevu VALUES ('484988248', 'Kontrol', STR_TO_DATE('08/12/2022 14:00', '%d/%m/%Y %H:%i'), '36887418072', '89369856700');
INSERT INTO randevu VALUES ('834635505', 'Ameliyat', STR_TO_DATE('21/10/2022 10:00', '%d/%m/%Y %H:%i'), '15054467332', '92620806822');
INSERT INTO randevu VALUES ('400919173', 'Ameliyat', STR_TO_DATE('13/07/2022 10:00', '%d/%m/%Y %H:%i'), '16258131293', '99183410931');
INSERT INTO randevu VALUES ('925228007', 'Kontrol', STR_TO_DATE('18/10/2022 09:00', '%d/%m/%Y %H:%i'), '72735156603', '48282956422');
INSERT INTO randevu VALUES ('536865769', 'Kontrol', STR_TO_DATE('24/07/2022 12:00', '%d/%m/%Y %H:%i'), '35047000816', '97675845136');
INSERT INTO randevu VALUES ('522466830', 'Kontrol', STR_TO_DATE('10/10/2022 14:00', '%d/%m/%Y %H:%i'), '37236311529', '93441206659');
INSERT INTO randevu VALUES ('955616612', 'Muayene', STR_TO_DATE('16/11/2022 08:00', '%d/%m/%Y %H:%i'), '68694064907', '71976035091');
INSERT INTO randevu VALUES ('462497752', 'Kontrol', STR_TO_DATE('17/08/2022 09:00', '%d/%m/%Y %H:%i'), '90912220596', '22254163075');
INSERT INTO randevu VALUES ('209866067', 'Muayene', STR_TO_DATE('06/12/2022 10:00', '%d/%m/%Y %H:%i'), '86776719194', '63614833234');
INSERT INTO randevu VALUES ('141761469', 'Muayene', STR_TO_DATE('18/12/2022 13:00', '%d/%m/%Y %H:%i'), '59320241925', '13971592724');
INSERT INTO randevu VALUES ('233175205', 'Muayene', STR_TO_DATE('05/07/2022 09:00', '%d/%m/%Y %H:%i'), '12623953297', '66094094780');
INSERT INTO randevu VALUES ('325559959', 'Muayene', STR_TO_DATE('05/08/2022 11:00', '%d/%m/%Y %H:%i'), '37236311529', '53881784307');
INSERT INTO randevu VALUES ('138295944', 'Muayene', STR_TO_DATE('11/12/2022 10:00', '%d/%m/%Y %H:%i'), '86776719194', '85844766646');
INSERT INTO randevu VALUES ('923551938', 'Ameliyat', STR_TO_DATE('22/10/2022 14:00', '%d/%m/%Y %H:%i'), '97958629191', '94146855422');
INSERT INTO randevu VALUES ('132211674', 'Kontrol', STR_TO_DATE('01/11/2022 15:00', '%d/%m/%Y %H:%i'), '77516834695', '95186051862');
INSERT INTO randevu VALUES ('181556173', 'Ameliyat', STR_TO_DATE('16/07/2022 11:00', '%d/%m/%Y %H:%i'), '60496959659', '83538922446');
INSERT INTO randevu VALUES ('614759318', 'Ameliyat', STR_TO_DATE('01/12/2022 09:00', '%d/%m/%Y %H:%i'), '54809717426', '30359741229');
INSERT INTO randevu VALUES ('986823902', 'Kontrol', STR_TO_DATE('08/08/2022 13:00', '%d/%m/%Y %H:%i'), '60496959659', '66309490975');
INSERT INTO randevu VALUES ('170181561', 'Ameliyat', STR_TO_DATE('08/07/2022 12:00', '%d/%m/%Y %H:%i'), '80501219129', '21848020250');
INSERT INTO randevu VALUES ('943941732', 'Muayene', STR_TO_DATE('17/07/2022 08:00', '%d/%m/%Y %H:%i'), '60496959659', '85844766646');
INSERT INTO randevu VALUES ('163446286', 'Muayene', STR_TO_DATE('11/10/2022 09:00', '%d/%m/%Y %H:%i'), '16258131293', '24314496718');
INSERT INTO randevu VALUES ('578054997', 'Kontrol', STR_TO_DATE('14/11/2022 13:00', '%d/%m/%Y %H:%i'), '26616269032', '10949418181');
INSERT INTO randevu VALUES ('255986061', 'Muayene', STR_TO_DATE('04/07/2022 11:00', '%d/%m/%Y %H:%i'), '47093323344', '13387671772');
INSERT INTO randevu VALUES ('946277271', 'Muayene', STR_TO_DATE('28/09/2022 10:00', '%d/%m/%Y %H:%i'), '68694064907', '23098284068');
INSERT INTO randevu VALUES ('624957206', 'Ameliyat', STR_TO_DATE('23/09/2022 15:00', '%d/%m/%Y %H:%i'), '84697672212', '97675845136');
INSERT INTO randevu VALUES ('228117278', 'Muayene', STR_TO_DATE('26/09/2022 15:00', '%d/%m/%Y %H:%i'), '80501219129', '23228320976');
INSERT INTO randevu VALUES ('405878832', 'Ameliyat', STR_TO_DATE('14/09/2022 09:00', '%d/%m/%Y %H:%i'), '33917153601', '28814699818');
INSERT INTO randevu VALUES ('377156957', 'Kontrol', STR_TO_DATE('04/11/2022 11:00', '%d/%m/%Y %H:%i'), '41696913198', '91678505007');
INSERT INTO randevu VALUES ('705765339', 'Kontrol', STR_TO_DATE('06/07/2022 09:00', '%d/%m/%Y %H:%i'), '15054467332', '63779377402');
INSERT INTO randevu VALUES ('817140808', 'Kontrol', STR_TO_DATE('29/09/2022 12:00', '%d/%m/%Y %H:%i'), '12417339582', '29402396254');
INSERT INTO randevu VALUES ('941729237', 'Ameliyat', STR_TO_DATE('19/07/2022 12:00', '%d/%m/%Y %H:%i'), '73393055456', '20669036664');
INSERT INTO randevu VALUES ('422153781', 'Kontrol', STR_TO_DATE('12/11/2022 15:00', '%d/%m/%Y %H:%i'), '77516834695', '66309490975');
INSERT INTO randevu VALUES ('412014430', 'Ameliyat', STR_TO_DATE('06/08/2022 08:00', '%d/%m/%Y %H:%i'), '37236311529', '66094094780');
INSERT INTO randevu VALUES ('721928983', 'Kontrol', STR_TO_DATE('19/12/2022 13:00', '%d/%m/%Y %H:%i'), '12623953297', '83538922446');
INSERT INTO randevu VALUES ('187761915', 'Kontrol', STR_TO_DATE('26/10/2022 08:00', '%d/%m/%Y %H:%i'), '62874223544', '70220259545');
INSERT INTO randevu VALUES ('582047201', 'Ameliyat', STR_TO_DATE('01/09/2022 15:00', '%d/%m/%Y %H:%i'), '47093323344', '40470008902');
INSERT INTO randevu VALUES ('434167892', 'Muayene', STR_TO_DATE('22/12/2022 09:00', '%d/%m/%Y %H:%i'), '59320241925', '92620806822');
INSERT INTO randevu VALUES ('250957440', 'Kontrol', STR_TO_DATE('05/12/2022 11:00', '%d/%m/%Y %H:%i'), '68694064907', '61667608628');
INSERT INTO randevu VALUES ('901859268', 'Ameliyat', STR_TO_DATE('03/08/2022 12:00', '%d/%m/%Y %H:%i'), '37643806655', '47430552115');
INSERT INTO randevu VALUES ('832129254', 'Muayene', STR_TO_DATE('24/10/2022 14:00', '%d/%m/%Y %H:%i'), '97935920565', '94146855422');
INSERT INTO randevu VALUES ('478759085', 'Kontrol', STR_TO_DATE('18/12/2022 12:00', '%d/%m/%Y %H:%i'), '57894496005', '70220259545');
INSERT INTO randevu VALUES ('109138289', 'Ameliyat', STR_TO_DATE('04/12/2022 11:00', '%d/%m/%Y %H:%i'), '57894496005', '70220259545');
INSERT INTO randevu VALUES ('687344161', 'Muayene', STR_TO_DATE('29/08/2022 14:00', '%d/%m/%Y %H:%i'), '33917153601', '71076797056');
INSERT INTO randevu VALUES ('301760152', 'Kontrol', STR_TO_DATE('23/09/2022 15:00', '%d/%m/%Y %H:%i'), '62874223544', '94648170496');
INSERT INTO randevu VALUES ('347768304', 'Ameliyat', STR_TO_DATE('05/07/2022 13:00', '%d/%m/%Y %H:%i'), '80501219129', '53194614400');
INSERT INTO randevu VALUES ('762072976', 'Muayene', STR_TO_DATE('26/08/2022 08:00', '%d/%m/%Y %H:%i'), '77516834695', '11185088108');
INSERT INTO randevu VALUES ('270943756', 'Muayene', STR_TO_DATE('18/12/2022 09:00', '%d/%m/%Y %H:%i'), '47093323344', '94146855422');
INSERT INTO randevu VALUES ('153651615', 'Ameliyat', STR_TO_DATE('22/09/2022 11:00', '%d/%m/%Y %H:%i'), '12417339582', '53881784307');
INSERT INTO randevu VALUES ('312563521', 'Kontrol', STR_TO_DATE('25/08/2022 09:00', '%d/%m/%Y %H:%i'), '33917153601', '83538922446');
INSERT INTO randevu VALUES ('669436171', 'Kontrol', STR_TO_DATE('07/10/2022 15:00', '%d/%m/%Y %H:%i'), '14077721538', '72347308258');
INSERT INTO randevu VALUES ('350282608', 'Kontrol', STR_TO_DATE('01/11/2022 09:00', '%d/%m/%Y %H:%i'), '84697672212', '68819992654');
INSERT INTO randevu VALUES ('413918301', 'Kontrol', STR_TO_DATE('05/12/2022 15:00', '%d/%m/%Y %H:%i'), '72735156603', '34435564777');
INSERT INTO randevu VALUES ('143623709', 'Muayene', STR_TO_DATE('28/11/2022 08:00', '%d/%m/%Y %H:%i'), '80086694304', '30359741229');
INSERT INTO randevu VALUES ('665156975', 'Kontrol', STR_TO_DATE('06/09/2022 10:00', '%d/%m/%Y %H:%i'), '41696913198', '53881784307');
INSERT INTO randevu VALUES ('336173014', 'Muayene', STR_TO_DATE('03/08/2022 08:00', '%d/%m/%Y %H:%i'), '62874223544', '41331783343');
INSERT INTO randevu VALUES ('802679836', 'Muayene', STR_TO_DATE('02/07/2022 09:00', '%d/%m/%Y %H:%i'), '72536258789', '99183410931');
INSERT INTO randevu VALUES ('482556412', 'Ameliyat', STR_TO_DATE('16/10/2022 10:00', '%d/%m/%Y %H:%i'), '14077721538', '39811084618');
INSERT INTO randevu VALUES ('191735396', 'Kontrol', STR_TO_DATE('07/09/2022 11:00', '%d/%m/%Y %H:%i'), '97528379387', '54526741033');
INSERT INTO randevu VALUES ('669507527', 'Muayene', STR_TO_DATE('23/07/2022 11:00', '%d/%m/%Y %H:%i'), '97935920565', '68819992654');
INSERT INTO randevu VALUES ('795121995', 'Kontrol', STR_TO_DATE('28/10/2022 10:00', '%d/%m/%Y %H:%i'), '97528379387', '59031351734');
INSERT INTO randevu VALUES ('707476908', 'Muayene', STR_TO_DATE('19/09/2022 08:00', '%d/%m/%Y %H:%i'), '61209854614', '95300996184');
INSERT INTO randevu VALUES ('170278725', 'Muayene', STR_TO_DATE('04/08/2022 09:00', '%d/%m/%Y %H:%i'), '60496959659', '66094094780');
INSERT INTO randevu VALUES ('879254498', 'Kontrol', STR_TO_DATE('28/07/2022 08:00', '%d/%m/%Y %H:%i'), '92206829851', '63481840737');
INSERT INTO randevu VALUES ('407783592', 'Kontrol', STR_TO_DATE('04/09/2022 08:00', '%d/%m/%Y %H:%i'), '72735156603', '94146855422');
INSERT INTO randevu VALUES ('946954903', 'Kontrol', STR_TO_DATE('01/10/2022 11:00', '%d/%m/%Y %H:%i'), '62874223544', '33006064979');
INSERT INTO randevu VALUES ('851861149', 'Kontrol', STR_TO_DATE('07/07/2022 08:00', '%d/%m/%Y %H:%i'), '66399036248', '48159128530');
INSERT INTO randevu VALUES ('301319218', 'Kontrol', STR_TO_DATE('24/08/2022 12:00', '%d/%m/%Y %H:%i'), '36887418072', '66094094780');
INSERT INTO randevu VALUES ('999936812', 'Kontrol', STR_TO_DATE('22/12/2022 14:00', '%d/%m/%Y %H:%i'), '92206829851', '55984070620');
INSERT INTO randevu VALUES ('622424051', 'Ameliyat', STR_TO_DATE('23/08/2022 11:00', '%d/%m/%Y %H:%i'), '80086694304', '83538922446');
INSERT INTO randevu VALUES ('777869637', 'Kontrol', STR_TO_DATE('20/11/2022 11:00', '%d/%m/%Y %H:%i'), '75185578020', '47430552115');
INSERT INTO randevu VALUES ('474764224', 'Kontrol', STR_TO_DATE('12/09/2022 14:00', '%d/%m/%Y %H:%i'), '60496959659', '28814699818');
INSERT INTO randevu VALUES ('679264713', 'Ameliyat', STR_TO_DATE('16/07/2022 10:00', '%d/%m/%Y %H:%i'), '77516834695', '65147696538');
INSERT INTO randevu VALUES ('231440812', 'Kontrol', STR_TO_DATE('16/08/2022 13:00', '%d/%m/%Y %H:%i'), '73393055456', '97675845136');
INSERT INTO randevu VALUES ('234017100', 'Ameliyat', STR_TO_DATE('04/07/2022 11:00', '%d/%m/%Y %H:%i'), '97528379387', '84612639193');
INSERT INTO randevu VALUES ('305510134', 'Kontrol', STR_TO_DATE('17/07/2022 14:00', '%d/%m/%Y %H:%i'), '35047000816', '16510317684');
INSERT INTO randevu VALUES ('568180437', 'Ameliyat', STR_TO_DATE('07/09/2022 13:00', '%d/%m/%Y %H:%i'), '36887418072', '50024034998');
INSERT INTO randevu VALUES ('934427109', 'Muayene', STR_TO_DATE('08/11/2022 09:00', '%d/%m/%Y %H:%i'), '97528379387', '79008042611');
INSERT INTO randevu VALUES ('963724618', 'Muayene', STR_TO_DATE('14/11/2022 15:00', '%d/%m/%Y %H:%i'), '97958629191', '13971592724');
INSERT INTO randevu VALUES ('850335861', 'Kontrol', STR_TO_DATE('23/10/2022 14:00', '%d/%m/%Y %H:%i'), '47093323344', '63779377402');
INSERT INTO randevu VALUES ('241886291', 'Kontrol', STR_TO_DATE('11/08/2022 09:00', '%d/%m/%Y %H:%i'), '60496959659', '65147696538');
INSERT INTO randevu VALUES ('693198497', 'Ameliyat', STR_TO_DATE('13/10/2022 10:00', '%d/%m/%Y %H:%i'), '37643806655', '24636087496');
INSERT INTO randevu VALUES ('643170700', 'Muayene', STR_TO_DATE('21/11/2022 12:00', '%d/%m/%Y %H:%i'), '83249457795', '60181238498');
INSERT INTO randevu VALUES ('278262898', 'Kontrol', STR_TO_DATE('16/12/2022 08:00', '%d/%m/%Y %H:%i'), '54809717426', '20669036664');
INSERT INTO randevu VALUES ('978995574', 'Muayene', STR_TO_DATE('07/11/2022 09:00', '%d/%m/%Y %H:%i'), '80501219129', '29402396254');
INSERT INTO randevu VALUES ('399709242', 'Muayene', STR_TO_DATE('24/09/2022 14:00', '%d/%m/%Y %H:%i'), '97528379387', '81767890933');
INSERT INTO randevu VALUES ('696958314', 'Ameliyat', STR_TO_DATE('15/07/2022 11:00', '%d/%m/%Y %H:%i'), '77516834695', '33006064979');
INSERT INTO randevu VALUES ('262046315', 'Kontrol', STR_TO_DATE('12/12/2022 09:00', '%d/%m/%Y %H:%i'), '79549002528', '95024905237');
INSERT INTO randevu VALUES ('360855013', 'Ameliyat', STR_TO_DATE('10/07/2022 11:00', '%d/%m/%Y %H:%i'), '37643806655', '66706435176');
INSERT INTO randevu VALUES ('501980701', 'Ameliyat', STR_TO_DATE('09/11/2022 13:00', '%d/%m/%Y %H:%i'), '46412487749', '84612639193');
INSERT INTO randevu VALUES ('459687766', 'Muayene', STR_TO_DATE('06/12/2022 13:00', '%d/%m/%Y %H:%i'), '15054467332', '63481840737');
INSERT INTO randevu VALUES ('161771502', 'Muayene', STR_TO_DATE('28/12/2022 14:00', '%d/%m/%Y %H:%i'), '83249457795', '12483830065');
INSERT INTO randevu VALUES ('332134377', 'Ameliyat', STR_TO_DATE('15/12/2022 11:00', '%d/%m/%Y %H:%i'), '72536258789', '83538922446');
INSERT INTO randevu VALUES ('974223297', 'Kontrol', STR_TO_DATE('04/07/2022 10:00', '%d/%m/%Y %H:%i'), '57894496005', '25283464292');
INSERT INTO randevu VALUES ('209828839', 'Kontrol', STR_TO_DATE('09/07/2022 11:00', '%d/%m/%Y %H:%i'), '33917153601', '24314496718');
INSERT INTO randevu VALUES ('449147917', 'Ameliyat', STR_TO_DATE('08/08/2022 15:00', '%d/%m/%Y %H:%i'), '90912220596', '60933488599');
INSERT INTO randevu VALUES ('452756788', 'Muayene', STR_TO_DATE('16/09/2022 15:00', '%d/%m/%Y %H:%i'), '62874223544', '25283464292');
INSERT INTO randevu VALUES ('853527003', 'Ameliyat', STR_TO_DATE('04/10/2022 13:00', '%d/%m/%Y %H:%i'), '92206829851', '97675845136');
INSERT INTO randevu VALUES ('927530313', 'Ameliyat', STR_TO_DATE('26/07/2022 15:00', '%d/%m/%Y %H:%i'), '47093323344', '43997499474');
INSERT INTO randevu VALUES ('248910049', 'Ameliyat', STR_TO_DATE('03/12/2022 12:00', '%d/%m/%Y %H:%i'), '32260818675', '84612639193');
INSERT INTO randevu VALUES ('324633810', 'Ameliyat', STR_TO_DATE('29/10/2022 09:00', '%d/%m/%Y %H:%i'), '92206829851', '63779377402');
INSERT INTO randevu VALUES ('642722908', 'Muayene', STR_TO_DATE('16/11/2022 13:00', '%d/%m/%Y %H:%i'), '37236311529', '71976035091');
INSERT INTO randevu VALUES ('182112210', 'Ameliyat', STR_TO_DATE('09/08/2022 10:00', '%d/%m/%Y %H:%i'), '54809717426', '59664657107');
INSERT INTO randevu VALUES ('463766903', 'Kontrol', STR_TO_DATE('09/11/2022 11:00', '%d/%m/%Y %H:%i'), '47093323344', '99295907741');
INSERT INTO randevu VALUES ('463029480', 'Kontrol', STR_TO_DATE('17/07/2022 08:00', '%d/%m/%Y %H:%i'), '32260818675', '38297020062');
INSERT INTO randevu VALUES ('470168421', 'Ameliyat', STR_TO_DATE('22/10/2022 09:00', '%d/%m/%Y %H:%i'), '75185578020', '70220259545');
INSERT INTO randevu VALUES ('838616381', 'Ameliyat', STR_TO_DATE('16/11/2022 09:00', '%d/%m/%Y %H:%i'), '32260818675', '79008042611');
INSERT INTO randevu VALUES ('521499008', 'Ameliyat', STR_TO_DATE('25/12/2022 09:00', '%d/%m/%Y %H:%i'), '80501219129', '46963109475');
INSERT INTO randevu VALUES ('542253228', 'Muayene', STR_TO_DATE('16/11/2022 10:00', '%d/%m/%Y %H:%i'), '77516834695', '95300996184');
INSERT INTO randevu VALUES ('217885595', 'Muayene', STR_TO_DATE('17/11/2022 10:00', '%d/%m/%Y %H:%i'), '79549002528', '23899743005');
INSERT INTO randevu VALUES ('961395435', 'Muayene', STR_TO_DATE('13/10/2022 14:00', '%d/%m/%Y %H:%i'), '66399036248', '41331783343');
INSERT INTO randevu VALUES ('411383822', 'Ameliyat', STR_TO_DATE('03/10/2022 12:00', '%d/%m/%Y %H:%i'), '14077721538', '25290429930');
INSERT INTO randevu VALUES ('526369424', 'Muayene', STR_TO_DATE('26/08/2022 13:00', '%d/%m/%Y %H:%i'), '41696913198', '22254163075');
INSERT INTO randevu VALUES ('923884022', 'Muayene', STR_TO_DATE('17/08/2022 08:00', '%d/%m/%Y %H:%i'), '41696913198', '48282956422');
INSERT INTO randevu VALUES ('220457113', 'Muayene', STR_TO_DATE('08/12/2022 10:00', '%d/%m/%Y %H:%i'), '37643806655', '95186051862');
INSERT INTO randevu VALUES ('206280839', 'Kontrol', STR_TO_DATE('11/09/2022 11:00', '%d/%m/%Y %H:%i'), '41696913198', '54499811179');
INSERT INTO randevu VALUES ('438192514', 'Kontrol', STR_TO_DATE('02/09/2022 10:00', '%d/%m/%Y %H:%i'), '41696913198', '53194614400');
INSERT INTO randevu VALUES ('872526004', 'Kontrol', STR_TO_DATE('26/08/2022 13:00', '%d/%m/%Y %H:%i'), '66399036248', '83538922446');
INSERT INTO randevu VALUES ('743384443', 'Muayene', STR_TO_DATE('09/11/2022 08:00', '%d/%m/%Y %H:%i'), '32260818675', '45096514509');
INSERT INTO randevu VALUES ('183349128', 'Ameliyat', STR_TO_DATE('15/08/2022 08:00', '%d/%m/%Y %H:%i'), '14077721538', '23228320976');
INSERT INTO randevu VALUES ('829576294', 'Ameliyat', STR_TO_DATE('02/08/2022 15:00', '%d/%m/%Y %H:%i'), '12417339582', '65622100257');
INSERT INTO randevu VALUES ('117204331', 'Muayene', STR_TO_DATE('17/08/2022 15:00', '%d/%m/%Y %H:%i'), '32260818675', '14512399051');
INSERT INTO randevu VALUES ('804042892', 'Ameliyat', STR_TO_DATE('18/11/2022 13:00', '%d/%m/%Y %H:%i'), '32260818675', '48282956422');
INSERT INTO randevu VALUES ('220405282', 'Muayene', STR_TO_DATE('20/08/2022 13:00', '%d/%m/%Y %H:%i'), '92206829851', '33006064979');
INSERT INTO randevu VALUES ('149742963', 'Muayene', STR_TO_DATE('22/08/2022 11:00', '%d/%m/%Y %H:%i'), '68694064907', '49306803601');
INSERT INTO randevu VALUES ('675816347', 'Ameliyat', STR_TO_DATE('01/11/2022 11:00', '%d/%m/%Y %H:%i'), '59320241925', '59664657107');
INSERT INTO randevu VALUES ('927338054', 'Ameliyat', STR_TO_DATE('18/09/2022 09:00', '%d/%m/%Y %H:%i'), '36887418072', '40470008902');
INSERT INTO randevu VALUES ('975864922', 'Kontrol', STR_TO_DATE('26/07/2022 09:00', '%d/%m/%Y %H:%i'), '80086694304', '48159128530');
INSERT INTO randevu VALUES ('866697355', 'Kontrol', STR_TO_DATE('19/07/2022 11:00', '%d/%m/%Y %H:%i'), '79549002528', '43997499474');
INSERT INTO randevu VALUES ('948754035', 'Muayene', STR_TO_DATE('23/12/2022 11:00', '%d/%m/%Y %H:%i'), '54809717426', '16510317684');
INSERT INTO randevu VALUES ('857032803', 'Muayene', STR_TO_DATE('25/11/2022 13:00', '%d/%m/%Y %H:%i'), '15054467332', '70809859930');
INSERT INTO randevu VALUES ('363467263', 'Ameliyat', STR_TO_DATE('03/11/2022 09:00', '%d/%m/%Y %H:%i'), '62934893288', '15022055378');
INSERT INTO randevu VALUES ('144048517', 'Kontrol', STR_TO_DATE('28/07/2022 09:00', '%d/%m/%Y %H:%i'), '75185578020', '22254163075');
INSERT INTO randevu VALUES ('831520365', 'Ameliyat', STR_TO_DATE('11/09/2022 11:00', '%d/%m/%Y %H:%i'), '84697672212', '72347308258');
INSERT INTO randevu VALUES ('860434435', 'Kontrol', STR_TO_DATE('01/09/2022 09:00', '%d/%m/%Y %H:%i'), '16258131293', '34435564777');
INSERT INTO randevu VALUES ('847959041', 'Muayene', STR_TO_DATE('20/07/2022 12:00', '%d/%m/%Y %H:%i'), '15054467332', '59957396383');
INSERT INTO randevu VALUES ('575336409', 'Muayene', STR_TO_DATE('19/10/2022 08:00', '%d/%m/%Y %H:%i'), '37236311529', '89369856700');
INSERT INTO randevu VALUES ('172923143', 'Muayene', STR_TO_DATE('03/09/2022 13:00', '%d/%m/%Y %H:%i'), '80086694304', '80737246912');
INSERT INTO randevu VALUES ('660270332', 'Kontrol', STR_TO_DATE('20/08/2022 11:00', '%d/%m/%Y %H:%i'), '37236311529', '11185088108');
INSERT INTO randevu VALUES ('833837595', 'Kontrol', STR_TO_DATE('25/08/2022 15:00', '%d/%m/%Y %H:%i'), '73393055456', '53881784307');
INSERT INTO randevu VALUES ('962942919', 'Ameliyat', STR_TO_DATE('02/07/2022 15:00', '%d/%m/%Y %H:%i'), '79549002528', '71076797056');
INSERT INTO randevu VALUES ('582032827', 'Muayene', STR_TO_DATE('01/08/2022 14:00', '%d/%m/%Y %H:%i'), '86776719194', '48282956422');
INSERT INTO randevu VALUES ('519863486', 'Kontrol', STR_TO_DATE('07/08/2022 12:00', '%d/%m/%Y %H:%i'), '84697672212', '24636087496');
INSERT INTO randevu VALUES ('795307520', 'Muayene', STR_TO_DATE('10/11/2022 15:00', '%d/%m/%Y %H:%i'), '26616269032', '54552499146');
INSERT INTO randevu VALUES ('220711086', 'Ameliyat', STR_TO_DATE('27/11/2022 13:00', '%d/%m/%Y %H:%i'), '33917153601', '54499811179');
INSERT INTO randevu VALUES ('957561061', 'Kontrol', STR_TO_DATE('04/08/2022 14:00', '%d/%m/%Y %H:%i'), '97935920565', '16378256846');
INSERT INTO randevu VALUES ('241496380', 'Muayene', STR_TO_DATE('19/08/2022 11:00', '%d/%m/%Y %H:%i'), '80501219129', '37778204115');
INSERT INTO randevu VALUES ('214204312', 'Ameliyat', STR_TO_DATE('20/12/2022 11:00', '%d/%m/%Y %H:%i'), '62934893288', '95098025114');
INSERT INTO randevu VALUES ('293227857', 'Kontrol', STR_TO_DATE('03/09/2022 14:00', '%d/%m/%Y %H:%i'), '83249457795', '97675845136');
INSERT INTO randevu VALUES ('234422330', 'Ameliyat', STR_TO_DATE('06/12/2022 12:00', '%d/%m/%Y %H:%i'), '84697672212', '59957396383');
INSERT INTO randevu VALUES ('140793689', 'Ameliyat', STR_TO_DATE('08/08/2022 15:00', '%d/%m/%Y %H:%i'), '60496959659', '89007497726');
INSERT INTO randevu VALUES ('814405181', 'Kontrol', STR_TO_DATE('12/10/2022 14:00', '%d/%m/%Y %H:%i'), '60496959659', '95300996184');
INSERT INTO randevu VALUES ('399680169', 'Muayene', STR_TO_DATE('25/10/2022 13:00', '%d/%m/%Y %H:%i'), '84697672212', '37778204115');
INSERT INTO randevu VALUES ('162793344', 'Kontrol', STR_TO_DATE('25/07/2022 08:00', '%d/%m/%Y %H:%i'), '37236311529', '11185088108');
INSERT INTO randevu VALUES ('238615406', 'Kontrol', STR_TO_DATE('21/08/2022 10:00', '%d/%m/%Y %H:%i'), '57894496005', '48159128530');
INSERT INTO randevu VALUES ('832701346', 'Muayene', STR_TO_DATE('20/12/2022 11:00', '%d/%m/%Y %H:%i'), '46412487749', '85844766646');
INSERT INTO randevu VALUES ('313550518', 'Muayene', STR_TO_DATE('20/11/2022 14:00', '%d/%m/%Y %H:%i'), '16258131293', '33006064979');
INSERT INTO randevu VALUES ('903069633', 'Muayene', STR_TO_DATE('15/08/2022 15:00', '%d/%m/%Y %H:%i'), '16258131293', '70809859930');
INSERT INTO randevu VALUES ('129541163', 'Kontrol', STR_TO_DATE('01/08/2022 11:00', '%d/%m/%Y %H:%i'), '77516834695', '38297020062');
INSERT INTO randevu VALUES ('987801790', 'Kontrol', STR_TO_DATE('16/08/2022 08:00', '%d/%m/%Y %H:%i'), '14077721538', '95098025114');
INSERT INTO randevu VALUES ('388754756', 'Ameliyat', STR_TO_DATE('10/12/2022 13:00', '%d/%m/%Y %H:%i'), '84697672212', '15022055378');
INSERT INTO randevu VALUES ('853207825', 'Ameliyat', STR_TO_DATE('05/10/2022 08:00', '%d/%m/%Y %H:%i'), '33917153601', '16510317684');
INSERT INTO randevu VALUES ('723559919', 'Ameliyat', STR_TO_DATE('20/07/2022 08:00', '%d/%m/%Y %H:%i'), '80501219129', '59664657107');
INSERT INTO randevu VALUES ('530686539', 'Muayene', STR_TO_DATE('12/12/2022 12:00', '%d/%m/%Y %H:%i'), '97528379387', '16378256846');
INSERT INTO randevu VALUES ('956682205', 'Ameliyat', STR_TO_DATE('06/07/2022 13:00', '%d/%m/%Y %H:%i'), '46412487749', '22254163075');
INSERT INTO randevu VALUES ('665007531', 'Muayene', STR_TO_DATE('22/07/2022 11:00', '%d/%m/%Y %H:%i'), '77516834695', '89369856700');
INSERT INTO randevu VALUES ('293277451', 'Muayene', STR_TO_DATE('21/12/2022 11:00', '%d/%m/%Y %H:%i'), '75185578020', '41679832770');
INSERT INTO randevu VALUES ('268511575', 'Kontrol', STR_TO_DATE('08/11/2022 13:00', '%d/%m/%Y %H:%i'), '14077721538', '25179943979');
INSERT INTO randevu VALUES ('880621515', 'Kontrol', STR_TO_DATE('27/11/2022 15:00', '%d/%m/%Y %H:%i'), '84697672212', '75393456468');
INSERT INTO randevu VALUES ('404810120', 'Muayene', STR_TO_DATE('04/11/2022 11:00', '%d/%m/%Y %H:%i'), '62934893288', '40470008902');
INSERT INTO randevu VALUES ('564180803', 'Ameliyat', STR_TO_DATE('05/09/2022 12:00', '%d/%m/%Y %H:%i'), '73393055456', '46251492535');
INSERT INTO randevu VALUES ('871057335', 'Ameliyat', STR_TO_DATE('01/09/2022 12:00', '%d/%m/%Y %H:%i'), '83249457795', '13971592724');
INSERT INTO randevu VALUES ('490784108', 'Muayene', STR_TO_DATE('04/12/2022 14:00', '%d/%m/%Y %H:%i'), '75185578020', '63614833234');
INSERT INTO randevu VALUES ('452196764', 'Muayene', STR_TO_DATE('22/09/2022 09:00', '%d/%m/%Y %H:%i'), '72735156603', '61667608628');
INSERT INTO randevu VALUES ('903049907', 'Muayene', STR_TO_DATE('16/10/2022 15:00', '%d/%m/%Y %H:%i'), '36887418072', '14512399051');
INSERT INTO randevu VALUES ('751474297', 'Muayene', STR_TO_DATE('24/10/2022 09:00', '%d/%m/%Y %H:%i'), '80501219129', '71976035091');
INSERT INTO randevu VALUES ('665225712', 'Kontrol', STR_TO_DATE('24/12/2022 14:00', '%d/%m/%Y %H:%i'), '86776719194', '34435564777');
INSERT INTO randevu VALUES ('868853044', 'Muayene', STR_TO_DATE('27/07/2022 11:00', '%d/%m/%Y %H:%i'), '12417339582', '41679832770');
INSERT INTO randevu VALUES ('559576561', 'Kontrol', STR_TO_DATE('17/08/2022 08:00', '%d/%m/%Y %H:%i'), '61209854614', '59664657107');
INSERT INTO randevu VALUES ('261895710', 'Muayene', STR_TO_DATE('29/09/2022 11:00', '%d/%m/%Y %H:%i'), '12623953297', '80737246912');
INSERT INTO randevu VALUES ('187668957', 'Ameliyat', STR_TO_DATE('14/07/2022 08:00', '%d/%m/%Y %H:%i'), '83249457795', '99183410931');
INSERT INTO randevu VALUES ('616213552', 'Kontrol', STR_TO_DATE('20/09/2022 15:00', '%d/%m/%Y %H:%i'), '84697672212', '23899743005');
INSERT INTO randevu VALUES ('779183951', 'Ameliyat', STR_TO_DATE('08/08/2022 12:00', '%d/%m/%Y %H:%i'), '97958629191', '75393456468');
INSERT INTO randevu VALUES ('988295432', 'Muayene', STR_TO_DATE('25/11/2022 14:00', '%d/%m/%Y %H:%i'), '73393055456', '63614833234');
INSERT INTO randevu VALUES ('241101334', 'Muayene', STR_TO_DATE('25/08/2022 09:00', '%d/%m/%Y %H:%i'), '12417339582', '23228320976');
INSERT INTO randevu VALUES ('281762596', 'Kontrol', STR_TO_DATE('03/07/2022 14:00', '%d/%m/%Y %H:%i'), '15054467332', '75393456468');
INSERT INTO randevu VALUES ('735186594', 'Ameliyat', STR_TO_DATE('04/12/2022 08:00', '%d/%m/%Y %H:%i'), '92206829851', '59957396383');
INSERT INTO randevu VALUES ('307213852', 'Kontrol', STR_TO_DATE('02/07/2022 12:00', '%d/%m/%Y %H:%i'), '12623953297', '30359741229');
INSERT INTO randevu VALUES ('766428302', 'Muayene', STR_TO_DATE('01/07/2022 13:00', '%d/%m/%Y %H:%i'), '37236311529', '25179943979');
INSERT INTO randevu VALUES ('417065206', 'Kontrol', STR_TO_DATE('20/09/2022 11:00', '%d/%m/%Y %H:%i'), '41696913198', '84327338791');
INSERT INTO randevu VALUES ('278932925', 'Ameliyat', STR_TO_DATE('01/11/2022 10:00', '%d/%m/%Y %H:%i'), '12417339582', '83538922446');
INSERT INTO randevu VALUES ('569597816', 'Ameliyat', STR_TO_DATE('10/08/2022 08:00', '%d/%m/%Y %H:%i'), '73393055456', '66706435176');
INSERT INTO randevu VALUES ('573193012', 'Kontrol', STR_TO_DATE('02/12/2022 12:00', '%d/%m/%Y %H:%i'), '97958629191', '60933488599');
INSERT INTO randevu VALUES ('729606706', 'Kontrol', STR_TO_DATE('29/11/2022 12:00', '%d/%m/%Y %H:%i'), '61209854614', '91662075162');
INSERT INTO randevu VALUES ('426690835', 'Ameliyat', STR_TO_DATE('03/09/2022 09:00', '%d/%m/%Y %H:%i'), '84697672212', '43997499474');
INSERT INTO randevu VALUES ('267058781', 'Muayene', STR_TO_DATE('27/11/2022 14:00', '%d/%m/%Y %H:%i'), '68694064907', '89007497726');
INSERT INTO randevu VALUES ('376755122', 'Kontrol', STR_TO_DATE('09/09/2022 14:00', '%d/%m/%Y %H:%i'), '33917153601', '15022055378');
INSERT INTO randevu VALUES ('348435039', 'Ameliyat', STR_TO_DATE('01/12/2022 11:00', '%d/%m/%Y %H:%i'), '80086694304', '48282956422');
INSERT INTO randevu VALUES ('824860252', 'Ameliyat', STR_TO_DATE('02/08/2022 09:00', '%d/%m/%Y %H:%i'), '62934893288', '28814699818');
INSERT INTO randevu VALUES ('299392572', 'Kontrol', STR_TO_DATE('28/09/2022 08:00', '%d/%m/%Y %H:%i'), '15054467332', '20669036664');
INSERT INTO randevu VALUES ('977222531', 'Muayene', STR_TO_DATE('18/09/2022 08:00', '%d/%m/%Y %H:%i'), '73393055456', '61667608628');
INSERT INTO randevu VALUES ('687703672', 'Ameliyat', STR_TO_DATE('10/10/2022 12:00', '%d/%m/%Y %H:%i'), '97958629191', '21848020250');
INSERT INTO randevu VALUES ('523690211', 'Kontrol', STR_TO_DATE('12/07/2022 09:00', '%d/%m/%Y %H:%i'), '75185578020', '71976035091');
INSERT INTO randevu VALUES ('919565485', 'Muayene', STR_TO_DATE('25/08/2022 08:00', '%d/%m/%Y %H:%i'), '16258131293', '18836430541');
INSERT INTO randevu VALUES ('435305764', 'Ameliyat', STR_TO_DATE('16/08/2022 13:00', '%d/%m/%Y %H:%i'), '36887418072', '21848020250');
INSERT INTO randevu VALUES ('595477517', 'Ameliyat', STR_TO_DATE('09/12/2022 15:00', '%d/%m/%Y %H:%i'), '26616269032', '25283464292');
INSERT INTO randevu VALUES ('222221854', 'Muayene', STR_TO_DATE('27/08/2022 10:00', '%d/%m/%Y %H:%i'), '12623953297', '13387671772');
INSERT INTO randevu VALUES ('391882939', 'Kontrol', STR_TO_DATE('06/07/2022 10:00', '%d/%m/%Y %H:%i'), '41696913198', '25952596837');
INSERT INTO randevu VALUES ('797686621', 'Ameliyat', STR_TO_DATE('08/09/2022 10:00', '%d/%m/%Y %H:%i'), '79549002528', '11185088108');
INSERT INTO randevu VALUES ('797661384', 'Muayene', STR_TO_DATE('22/10/2022 13:00', '%d/%m/%Y %H:%i'), '66399036248', '85844766646');
INSERT INTO randevu VALUES ('293511383', 'Muayene', STR_TO_DATE('15/08/2022 12:00', '%d/%m/%Y %H:%i'), '41696913198', '25290429930');
INSERT INTO randevu VALUES ('954864157', 'Ameliyat', STR_TO_DATE('14/11/2022 12:00', '%d/%m/%Y %H:%i'), '32260818675', '46963109475');
INSERT INTO randevu VALUES ('439421188', 'Ameliyat', STR_TO_DATE('18/07/2022 11:00', '%d/%m/%Y %H:%i'), '79549002528', '96478445729');
INSERT INTO randevu VALUES ('849317129', 'Kontrol', STR_TO_DATE('22/10/2022 10:00', '%d/%m/%Y %H:%i'), '62934893288', '41331783343');
INSERT INTO randevu VALUES ('480352510', 'Muayene', STR_TO_DATE('15/07/2022 13:00', '%d/%m/%Y %H:%i'), '80501219129', '84612639193');
INSERT INTO randevu VALUES ('920431800', 'Muayene', STR_TO_DATE('22/09/2022 08:00', '%d/%m/%Y %H:%i'), '16258131293', '99295907741');
INSERT INTO randevu VALUES ('670757527', 'Kontrol', STR_TO_DATE('23/07/2022 12:00', '%d/%m/%Y %H:%i'), '37643806655', '94146855422');
INSERT INTO randevu VALUES ('846882904', 'Kontrol', STR_TO_DATE('19/09/2022 08:00', '%d/%m/%Y %H:%i'), '60496959659', '29567766329');
INSERT INTO randevu VALUES ('726709215', 'Ameliyat', STR_TO_DATE('19/12/2022 14:00', '%d/%m/%Y %H:%i'), '33917153601', '80737246912');
INSERT INTO randevu VALUES ('183648766', 'Kontrol', STR_TO_DATE('01/12/2022 10:00', '%d/%m/%Y %H:%i'), '92206829851', '40470008902');
INSERT INTO randevu VALUES ('854547716', 'Kontrol', STR_TO_DATE('01/10/2022 10:00', '%d/%m/%Y %H:%i'), '32260818675', '91662075162');
INSERT INTO randevu VALUES ('665808840', 'Kontrol', STR_TO_DATE('05/07/2022 12:00', '%d/%m/%Y %H:%i'), '59320241925', '84327338791');
INSERT INTO randevu VALUES ('195922837', 'Ameliyat', STR_TO_DATE('18/12/2022 08:00', '%d/%m/%Y %H:%i'), '68694064907', '66706435176');
INSERT INTO randevu VALUES ('575149950', 'Kontrol', STR_TO_DATE('15/12/2022 11:00', '%d/%m/%Y %H:%i'), '60496959659', '71076797056');
INSERT INTO randevu VALUES ('212024791', 'Muayene', STR_TO_DATE('18/10/2022 09:00', '%d/%m/%Y %H:%i'), '62934893288', '18836430541');
INSERT INTO randevu VALUES ('149787373', 'Ameliyat', STR_TO_DATE('03/09/2022 11:00', '%d/%m/%Y %H:%i'), '86776719194', '59957396383');
INSERT INTO randevu VALUES ('962337106', 'Kontrol', STR_TO_DATE('24/12/2022 12:00', '%d/%m/%Y %H:%i'), '35047000816', '12483830065');
INSERT INTO randevu VALUES ('296430338', 'Muayene', STR_TO_DATE('25/08/2022 12:00', '%d/%m/%Y %H:%i'), '62934893288', '54552499146');
INSERT INTO randevu VALUES ('126075510', 'Muayene', STR_TO_DATE('22/10/2022 11:00', '%d/%m/%Y %H:%i'), '35047000816', '79008042611');
INSERT INTO randevu VALUES ('314606004', 'Muayene', STR_TO_DATE('19/12/2022 09:00', '%d/%m/%Y %H:%i'), '97958629191', '55984070620');
INSERT INTO randevu VALUES ('790884407', 'Ameliyat', STR_TO_DATE('17/08/2022 10:00', '%d/%m/%Y %H:%i'), '61209854614', '89369856700');
INSERT INTO randevu VALUES ('356180675', 'Muayene', STR_TO_DATE('08/12/2022 10:00', '%d/%m/%Y %H:%i'), '62874223544', '25290429930');
INSERT INTO randevu VALUES ('296802497', 'Muayene', STR_TO_DATE('29/10/2022 11:00', '%d/%m/%Y %H:%i'), '97528379387', '63614833234');
INSERT INTO randevu VALUES ('587704423', 'Ameliyat', STR_TO_DATE('01/07/2022 12:00', '%d/%m/%Y %H:%i'), '97528379387', '16378256846');
INSERT INTO randevu VALUES ('306211167', 'Ameliyat', STR_TO_DATE('28/11/2022 11:00', '%d/%m/%Y %H:%i'), '37643806655', '59664657107');
INSERT INTO randevu VALUES ('438635603', 'Ameliyat', STR_TO_DATE('11/12/2022 11:00', '%d/%m/%Y %H:%i'), '68694064907', '24314496718');
INSERT INTO randevu VALUES ('729482348', 'Kontrol', STR_TO_DATE('21/12/2022 11:00', '%d/%m/%Y %H:%i'), '15054467332', '23098284068');
INSERT INTO randevu VALUES ('196097693', 'Kontrol', STR_TO_DATE('10/09/2022 12:00', '%d/%m/%Y %H:%i'), '72735156603', '25283464292');
INSERT INTO randevu VALUES ('647533920', 'Muayene', STR_TO_DATE('02/08/2022 08:00', '%d/%m/%Y %H:%i'), '15054467332', '91678505007');
INSERT INTO randevu VALUES ('431015669', 'Muayene', STR_TO_DATE('26/08/2022 15:00', '%d/%m/%Y %H:%i'), '77516834695', '70220259545');
INSERT INTO randevu VALUES ('660050062', 'Muayene', STR_TO_DATE('13/08/2022 13:00', '%d/%m/%Y %H:%i'), '60496959659', '31890366151');
INSERT INTO randevu VALUES ('728432201', 'Kontrol', STR_TO_DATE('26/08/2022 15:00', '%d/%m/%Y %H:%i'), '84697672212', '85844766646');
INSERT INTO randevu VALUES ('602377715', 'Muayene', STR_TO_DATE('29/08/2022 12:00', '%d/%m/%Y %H:%i'), '77516834695', '99183410931');
INSERT INTO randevu VALUES ('881467214', 'Ameliyat', STR_TO_DATE('05/08/2022 09:00', '%d/%m/%Y %H:%i'), '60496959659', '71976035091');
INSERT INTO randevu VALUES ('724620606', 'Kontrol', STR_TO_DATE('15/09/2022 09:00', '%d/%m/%Y %H:%i'), '97935920565', '28814699818');
INSERT INTO randevu VALUES ('461255242', 'Muayene', STR_TO_DATE('18/11/2022 13:00', '%d/%m/%Y %H:%i'), '41696913198', '60933488599');
INSERT INTO randevu VALUES ('902408170', 'Muayene', STR_TO_DATE('16/09/2022 15:00', '%d/%m/%Y %H:%i'), '59320241925', '29402396254');
INSERT INTO randevu VALUES ('260778947', 'Muayene', STR_TO_DATE('22/11/2022 10:00', '%d/%m/%Y %H:%i'), '61209854614', '85844766646');
INSERT INTO randevu VALUES ('512987289', 'Muayene', STR_TO_DATE('27/10/2022 12:00', '%d/%m/%Y %H:%i'), '80501219129', '39811084618');
INSERT INTO randevu VALUES ('539495659', 'Muayene', STR_TO_DATE('19/12/2022 09:00', '%d/%m/%Y %H:%i'), '92206829851', '90914279299');
INSERT INTO randevu VALUES ('529065067', 'Kontrol', STR_TO_DATE('11/10/2022 12:00', '%d/%m/%Y %H:%i'), '92206829851', '99734592626');
INSERT INTO randevu VALUES ('761465118', 'Ameliyat', STR_TO_DATE('18/08/2022 13:00', '%d/%m/%Y %H:%i'), '35047000816', '54499811179');
INSERT INTO randevu VALUES ('316652499', 'Muayene', STR_TO_DATE('14/09/2022 14:00', '%d/%m/%Y %H:%i'), '77516834695', '54526741033');
INSERT INTO randevu VALUES ('932758853', 'Kontrol', STR_TO_DATE('24/08/2022 15:00', '%d/%m/%Y %H:%i'), '26616269032', '41679832770');
INSERT INTO randevu VALUES ('150898310', 'Ameliyat', STR_TO_DATE('15/07/2022 09:00', '%d/%m/%Y %H:%i'), '80501219129', '11185088108');
INSERT INTO randevu VALUES ('390421809', 'Ameliyat', STR_TO_DATE('20/08/2022 10:00', '%d/%m/%Y %H:%i'), '37643806655', '91662075162');
INSERT INTO randevu VALUES ('562532668', 'Kontrol', STR_TO_DATE('04/11/2022 10:00', '%d/%m/%Y %H:%i'), '84697672212', '63614833234');
INSERT INTO randevu VALUES ('559994701', 'Ameliyat', STR_TO_DATE('11/08/2022 14:00', '%d/%m/%Y %H:%i'), '83249457795', '23098284068');
INSERT INTO randevu VALUES ('887525340', 'Muayene', STR_TO_DATE('28/11/2022 11:00', '%d/%m/%Y %H:%i'), '54809717426', '48282956422');
INSERT INTO randevu VALUES ('781429281', 'Muayene', STR_TO_DATE('12/11/2022 10:00', '%d/%m/%Y %H:%i'), '61209854614', '47430552115');
INSERT INTO randevu VALUES ('919859858', 'Muayene', STR_TO_DATE('27/09/2022 12:00', '%d/%m/%Y %H:%i'), '62874223544', '95186051862');
INSERT INTO randevu VALUES ('150300492', 'Muayene', STR_TO_DATE('29/09/2022 12:00', '%d/%m/%Y %H:%i'), '72735156603', '95186051862');
INSERT INTO randevu VALUES ('494046044', 'Ameliyat', STR_TO_DATE('22/08/2022 14:00', '%d/%m/%Y %H:%i'), '37236311529', '89369856700');
INSERT INTO randevu VALUES ('358285567', 'Muayene', STR_TO_DATE('06/09/2022 13:00', '%d/%m/%Y %H:%i'), '54809717426', '55984070620');
INSERT INTO randevu VALUES ('310952532', 'Muayene', STR_TO_DATE('10/09/2022 14:00', '%d/%m/%Y %H:%i'), '41696913198', '45096514509');
INSERT INTO randevu VALUES ('385759515', 'Muayene', STR_TO_DATE('12/11/2022 08:00', '%d/%m/%Y %H:%i'), '46412487749', '75393456468');
INSERT INTO randevu VALUES ('646024144', 'Kontrol', STR_TO_DATE('13/09/2022 08:00', '%d/%m/%Y %H:%i'), '80086694304', '66094094780');
INSERT INTO randevu VALUES ('142565580', 'Muayene', STR_TO_DATE('16/07/2022 12:00', '%d/%m/%Y %H:%i'), '12623953297', '31890366151');
INSERT INTO randevu VALUES ('638273357', 'Kontrol', STR_TO_DATE('20/10/2022 14:00', '%d/%m/%Y %H:%i'), '26616269032', '21848020250');
INSERT INTO randevu VALUES ('519320050', 'Kontrol', STR_TO_DATE('07/12/2022 15:00', '%d/%m/%Y %H:%i'), '46412487749', '99734592626');
INSERT INTO randevu VALUES ('282488275', 'Muayene', STR_TO_DATE('03/08/2022 14:00', '%d/%m/%Y %H:%i'), '97935920565', '49306803601');
INSERT INTO randevu VALUES ('894964219', 'Kontrol', STR_TO_DATE('28/09/2022 11:00', '%d/%m/%Y %H:%i'), '90912220596', '85844766646');
INSERT INTO randevu VALUES ('214443559', 'Kontrol', STR_TO_DATE('01/10/2022 08:00', '%d/%m/%Y %H:%i'), '60496959659', '23098284068');
INSERT INTO randevu VALUES ('206492319', 'Kontrol', STR_TO_DATE('11/12/2022 11:00', '%d/%m/%Y %H:%i'), '12623953297', '41331783343');
INSERT INTO randevu VALUES ('530623228', 'Muayene', STR_TO_DATE('16/08/2022 11:00', '%d/%m/%Y %H:%i'), '36887418072', '94648170496');
INSERT INTO randevu VALUES ('281519812', 'Kontrol', STR_TO_DATE('19/10/2022 14:00', '%d/%m/%Y %H:%i'), '36887418072', '93441206659');
INSERT INTO randevu VALUES ('121449501', 'Ameliyat', STR_TO_DATE('22/09/2022 14:00', '%d/%m/%Y %H:%i'), '59320241925', '94146855422');
INSERT INTO randevu VALUES ('206120177', 'Kontrol', STR_TO_DATE('20/12/2022 12:00', '%d/%m/%Y %H:%i'), '37643806655', '72347308258');
INSERT INTO randevu VALUES ('302809180', 'Muayene', STR_TO_DATE('22/11/2022 11:00', '%d/%m/%Y %H:%i'), '47093323344', '10949418181');
INSERT INTO randevu VALUES ('790729229', 'Kontrol', STR_TO_DATE('04/10/2022 09:00', '%d/%m/%Y %H:%i'), '37643806655', '95300996184');
INSERT INTO randevu VALUES ('372470363', 'Muayene', STR_TO_DATE('09/08/2022 12:00', '%d/%m/%Y %H:%i'), '15054467332', '46251492535');
INSERT INTO randevu VALUES ('882404440', 'Ameliyat', STR_TO_DATE('14/07/2022 09:00', '%d/%m/%Y %H:%i'), '47093323344', '99295907741');
INSERT INTO randevu VALUES ('712979240', 'Muayene', STR_TO_DATE('04/09/2022 10:00', '%d/%m/%Y %H:%i'), '97935920565', '47430552115');
INSERT INTO randevu VALUES ('842056884', 'Ameliyat', STR_TO_DATE('02/09/2022 09:00', '%d/%m/%Y %H:%i'), '66399036248', '93441206659');
INSERT INTO randevu VALUES ('584343305', 'Ameliyat', STR_TO_DATE('02/12/2022 14:00', '%d/%m/%Y %H:%i'), '90912220596', '10949418181');
INSERT INTO randevu VALUES ('833657038', 'Kontrol', STR_TO_DATE('09/12/2022 13:00', '%d/%m/%Y %H:%i'), '66399036248', '46963109475');
INSERT INTO randevu VALUES ('590173410', 'Kontrol', STR_TO_DATE('18/10/2022 08:00', '%d/%m/%Y %H:%i'), '41696913198', '25283464292');
INSERT INTO randevu VALUES ('275602566', 'Ameliyat', STR_TO_DATE('09/09/2022 11:00', '%d/%m/%Y %H:%i'), '41696913198', '59664657107');
INSERT INTO randevu VALUES ('164492727', 'Kontrol', STR_TO_DATE('23/09/2022 08:00', '%d/%m/%Y %H:%i'), '90912220596', '99295907741');
INSERT INTO randevu VALUES ('850109472', 'Kontrol', STR_TO_DATE('06/09/2022 09:00', '%d/%m/%Y %H:%i'), '35047000816', '47430552115');
INSERT INTO randevu VALUES ('400109142', 'Muayene', STR_TO_DATE('07/07/2022 09:00', '%d/%m/%Y %H:%i'), '46412487749', '83538922446');
INSERT INTO randevu VALUES ('844839747', 'Kontrol', STR_TO_DATE('13/07/2022 10:00', '%d/%m/%Y %H:%i'), '68694064907', '91678505007');
INSERT INTO randevu VALUES ('468546116', 'Kontrol', STR_TO_DATE('22/10/2022 10:00', '%d/%m/%Y %H:%i'), '26616269032', '59031351734');
INSERT INTO randevu VALUES ('566732503', 'Ameliyat', STR_TO_DATE('04/08/2022 09:00', '%d/%m/%Y %H:%i'), '62874223544', '59031351734');
INSERT INTO randevu VALUES ('103811436', 'Muayene', STR_TO_DATE('19/07/2022 08:00', '%d/%m/%Y %H:%i'), '80086694304', '70220259545');
INSERT INTO randevu VALUES ('447892719', 'Ameliyat', STR_TO_DATE('04/07/2022 14:00', '%d/%m/%Y %H:%i'), '26616269032', '48282956422');
INSERT INTO randevu VALUES ('245999823', 'Kontrol', STR_TO_DATE('18/09/2022 14:00', '%d/%m/%Y %H:%i'), '60496959659', '79008042611');
INSERT INTO randevu VALUES ('507584690', 'Muayene', STR_TO_DATE('21/10/2022 10:00', '%d/%m/%Y %H:%i'), '83249457795', '68819992654');
INSERT INTO randevu VALUES ('812345099', 'Ameliyat', STR_TO_DATE('18/10/2022 14:00', '%d/%m/%Y %H:%i'), '80086694304', '50024034998');
INSERT INTO randevu VALUES ('368016396', 'Kontrol', STR_TO_DATE('07/10/2022 10:00', '%d/%m/%Y %H:%i'), '37643806655', '49306803601');
INSERT INTO randevu VALUES ('913623164', 'Muayene', STR_TO_DATE('21/07/2022 12:00', '%d/%m/%Y %H:%i'), '97935920565', '91662075162');
INSERT INTO randevu VALUES ('253950855', 'Ameliyat', STR_TO_DATE('07/12/2022 11:00', '%d/%m/%Y %H:%i'), '62934893288', '23899743005');
INSERT INTO randevu VALUES ('170922807', 'Kontrol', STR_TO_DATE('02/07/2022 13:00', '%d/%m/%Y %H:%i'), '66399036248', '96478445729');
INSERT INTO randevu VALUES ('439885800', 'Kontrol', STR_TO_DATE('25/09/2022 13:00', '%d/%m/%Y %H:%i'), '83249457795', '70809859930');
INSERT INTO randevu VALUES ('677803639', 'Kontrol', STR_TO_DATE('21/07/2022 09:00', '%d/%m/%Y %H:%i'), '86776719194', '95300996184');
INSERT INTO randevu VALUES ('260382010', 'Muayene', STR_TO_DATE('05/12/2022 11:00', '%d/%m/%Y %H:%i'), '62874223544', '25290429930');
INSERT INTO randevu VALUES ('114311301', 'Ameliyat', STR_TO_DATE('27/09/2022 08:00', '%d/%m/%Y %H:%i'), '77516834695', '40470008902');
INSERT INTO randevu VALUES ('280806664', 'Muayene', STR_TO_DATE('21/12/2022 08:00', '%d/%m/%Y %H:%i'), '97958629191', '81767890933');
INSERT INTO randevu VALUES ('484729958', 'Kontrol', STR_TO_DATE('02/10/2022 12:00', '%d/%m/%Y %H:%i'), '54809717426', '23098284068');
INSERT INTO randevu VALUES ('370911939', 'Kontrol', STR_TO_DATE('26/11/2022 15:00', '%d/%m/%Y %H:%i'), '59320241925', '53194614400');
INSERT INTO randevu VALUES ('581272614', 'Kontrol', STR_TO_DATE('24/11/2022 09:00', '%d/%m/%Y %H:%i'), '68694064907', '10949418181');
INSERT INTO randevu VALUES ('746879483', 'Muayene', STR_TO_DATE('28/08/2022 08:00', '%d/%m/%Y %H:%i'), '97528379387', '37778204115');
INSERT INTO randevu VALUES ('903682389', 'Kontrol', STR_TO_DATE('12/07/2022 11:00', '%d/%m/%Y %H:%i'), '97528379387', '23899743005');
INSERT INTO randevu VALUES ('784376380', 'Kontrol', STR_TO_DATE('03/09/2022 11:00', '%d/%m/%Y %H:%i'), '57894496005', '99295907741');
INSERT INTO randevu VALUES ('975439595', 'Kontrol', STR_TO_DATE('12/07/2022 08:00', '%d/%m/%Y %H:%i'), '33917153601', '47430552115');
INSERT INTO randevu VALUES ('233175103', 'Kontrol', STR_TO_DATE('03/07/2022 09:00', '%d/%m/%Y %H:%i'), '37236311529', '24636087496');
INSERT INTO randevu VALUES ('449902935', 'Ameliyat', STR_TO_DATE('01/07/2022 12:00', '%d/%m/%Y %H:%i'), '47093323344', '39811084618');
INSERT INTO randevu VALUES ('649037546', 'Ameliyat', STR_TO_DATE('22/08/2022 15:00', '%d/%m/%Y %H:%i'), '66399036248', '41331783343');
INSERT INTO randevu VALUES ('917117460', 'Muayene', STR_TO_DATE('18/10/2022 10:00', '%d/%m/%Y %H:%i'), '59320241925', '63481840737');
INSERT INTO randevu VALUES ('494941889', 'Kontrol', STR_TO_DATE('11/07/2022 10:00', '%d/%m/%Y %H:%i'), '37643806655', '54526741033');
INSERT INTO randevu VALUES ('286250154', 'Kontrol', STR_TO_DATE('27/08/2022 15:00', '%d/%m/%Y %H:%i'), '84697672212', '65147696538');
INSERT INTO randevu VALUES ('166892107', 'Ameliyat', STR_TO_DATE('14/08/2022 13:00', '%d/%m/%Y %H:%i'), '35047000816', '39811084618');
INSERT INTO randevu VALUES ('967836616', 'Ameliyat', STR_TO_DATE('07/10/2022 14:00', '%d/%m/%Y %H:%i'), '73393055456', '23228320976');
INSERT INTO randevu VALUES ('755153534', 'Kontrol', STR_TO_DATE('09/07/2022 12:00', '%d/%m/%Y %H:%i'), '59320241925', '18580400570');
INSERT INTO randevu VALUES ('423277684', 'Ameliyat', STR_TO_DATE('04/10/2022 13:00', '%d/%m/%Y %H:%i'), '80501219129', '50024034998');
INSERT INTO randevu VALUES ('271346915', 'Muayene', STR_TO_DATE('17/12/2022 09:00', '%d/%m/%Y %H:%i'), '62934893288', '81767890933');
INSERT INTO randevu VALUES ('314052841', 'Muayene', STR_TO_DATE('19/10/2022 14:00', '%d/%m/%Y %H:%i'), '62934893288', '62114136264');
INSERT INTO randevu VALUES ('282827514', 'Ameliyat', STR_TO_DATE('03/11/2022 12:00', '%d/%m/%Y %H:%i'), '92206829851', '29567766329');
INSERT INTO randevu VALUES ('431492112', 'Ameliyat', STR_TO_DATE('29/08/2022 11:00', '%d/%m/%Y %H:%i'), '47093323344', '85844766646');
INSERT INTO randevu VALUES ('684757817', 'Kontrol', STR_TO_DATE('22/07/2022 08:00', '%d/%m/%Y %H:%i'), '62874223544', '63614833234');
INSERT INTO randevu VALUES ('262931949', 'Kontrol', STR_TO_DATE('16/10/2022 10:00', '%d/%m/%Y %H:%i'), '77516834695', '37778204115');
INSERT INTO randevu VALUES ('842794169', 'Kontrol', STR_TO_DATE('28/10/2022 10:00', '%d/%m/%Y %H:%i'), '37643806655', '43997499474');
INSERT INTO randevu VALUES ('753279313', 'Ameliyat', STR_TO_DATE('27/09/2022 09:00', '%d/%m/%Y %H:%i'), '62874223544', '99295907741');
INSERT INTO randevu VALUES ('663631825', 'Muayene', STR_TO_DATE('20/10/2022 08:00', '%d/%m/%Y %H:%i'), '90912220596', '13971592724');
INSERT INTO randevu VALUES ('901064970', 'Muayene', STR_TO_DATE('27/07/2022 11:00', '%d/%m/%Y %H:%i'), '33917153601', '36303602843');
INSERT INTO randevu VALUES ('977347253', 'Kontrol', STR_TO_DATE('08/10/2022 11:00', '%d/%m/%Y %H:%i'), '72536258789', '53881784307');
INSERT INTO randevu VALUES ('467687506', 'Kontrol', STR_TO_DATE('05/10/2022 10:00', '%d/%m/%Y %H:%i'), '72735156603', '53881784307');
INSERT INTO randevu VALUES ('373802747', 'Muayene', STR_TO_DATE('01/08/2022 15:00', '%d/%m/%Y %H:%i'), '97958629191', '16510317684');
INSERT INTO randevu VALUES ('828767240', 'Muayene', STR_TO_DATE('09/12/2022 13:00', '%d/%m/%Y %H:%i'), '26616269032', '63481840737');
INSERT INTO randevu VALUES ('406622505', 'Kontrol', STR_TO_DATE('19/08/2022 10:00', '%d/%m/%Y %H:%i'), '84697672212', '63614833234');
INSERT INTO randevu VALUES ('635286968', 'Ameliyat', STR_TO_DATE('09/09/2022 09:00', '%d/%m/%Y %H:%i'), '33917153601', '84612639193');
INSERT INTO randevu VALUES ('746467149', 'Muayene', STR_TO_DATE('26/12/2022 12:00', '%d/%m/%Y %H:%i'), '60496959659', '37778204115');
INSERT INTO randevu VALUES ('670515984', 'Muayene', STR_TO_DATE('26/08/2022 11:00', '%d/%m/%Y %H:%i'), '83249457795', '95186051862');
INSERT INTO randevu VALUES ('554987270', 'Ameliyat', STR_TO_DATE('09/09/2022 12:00', '%d/%m/%Y %H:%i'), '32260818675', '91678505007');
INSERT INTO randevu VALUES ('176337621', 'Muayene', STR_TO_DATE('23/08/2022 12:00', '%d/%m/%Y %H:%i'), '37236311529', '49306803601');
INSERT INTO randevu VALUES ('983134583', 'Ameliyat', STR_TO_DATE('23/12/2022 08:00', '%d/%m/%Y %H:%i'), '54809717426', '25283464292');
INSERT INTO randevu VALUES ('597492458', 'Muayene', STR_TO_DATE('25/11/2022 08:00', '%d/%m/%Y %H:%i'), '36887418072', '93441206659');
INSERT INTO randevu VALUES ('805756490', 'Ameliyat', STR_TO_DATE('21/09/2022 13:00', '%d/%m/%Y %H:%i'), '97958629191', '25290429930');
INSERT INTO randevu VALUES ('411144561', 'Kontrol', STR_TO_DATE('25/11/2022 11:00', '%d/%m/%Y %H:%i'), '41696913198', '24636087496');
INSERT INTO randevu VALUES ('831881055', 'Ameliyat', STR_TO_DATE('20/08/2022 15:00', '%d/%m/%Y %H:%i'), '12417339582', '92620806822');
INSERT INTO randevu VALUES ('206700591', 'Kontrol', STR_TO_DATE('03/08/2022 15:00', '%d/%m/%Y %H:%i'), '26616269032', '47430552115');
INSERT INTO randevu VALUES ('985179068', 'Muayene', STR_TO_DATE('09/07/2022 14:00', '%d/%m/%Y %H:%i'), '16258131293', '80737246912');
INSERT INTO randevu VALUES ('681754742', 'Ameliyat', STR_TO_DATE('07/11/2022 15:00', '%d/%m/%Y %H:%i'), '33917153601', '63614833234');
INSERT INTO randevu VALUES ('388274925', 'Muayene', STR_TO_DATE('24/09/2022 12:00', '%d/%m/%Y %H:%i'), '86776719194', '99183410931');
INSERT INTO randevu VALUES ('622583565', 'Muayene', STR_TO_DATE('23/08/2022 10:00', '%d/%m/%Y %H:%i'), '14077721538', '99183410931');
INSERT INTO randevu VALUES ('997680620', 'Kontrol', STR_TO_DATE('10/10/2022 09:00', '%d/%m/%Y %H:%i'), '12417339582', '65147696538');
INSERT INTO randevu VALUES ('608850064', 'Ameliyat', STR_TO_DATE('25/10/2022 15:00', '%d/%m/%Y %H:%i'), '12417339582', '96478445729');
INSERT INTO randevu VALUES ('638743805', 'Ameliyat', STR_TO_DATE('01/11/2022 14:00', '%d/%m/%Y %H:%i'), '60496959659', '83538922446');
INSERT INTO randevu VALUES ('426605534', 'Ameliyat', STR_TO_DATE('18/09/2022 08:00', '%d/%m/%Y %H:%i'), '35047000816', '65622100257');
INSERT INTO randevu VALUES ('392387580', 'Kontrol', STR_TO_DATE('08/09/2022 14:00', '%d/%m/%Y %H:%i'), '37643806655', '59664657107');
INSERT INTO randevu VALUES ('803319066', 'Kontrol', STR_TO_DATE('19/12/2022 09:00', '%d/%m/%Y %H:%i'), '26616269032', '29567766329');
INSERT INTO randevu VALUES ('537845700', 'Kontrol', STR_TO_DATE('23/08/2022 09:00', '%d/%m/%Y %H:%i'), '12417339582', '25283464292');
INSERT INTO randevu VALUES ('879973218', 'Muayene', STR_TO_DATE('09/09/2022 11:00', '%d/%m/%Y %H:%i'), '84697672212', '81767890933');
INSERT INTO randevu VALUES ('389786019', 'Muayene', STR_TO_DATE('13/08/2022 09:00', '%d/%m/%Y %H:%i'), '97528379387', '40470008902');
INSERT INTO randevu VALUES ('614792452', 'Ameliyat', STR_TO_DATE('04/11/2022 15:00', '%d/%m/%Y %H:%i'), '14077721538', '65622100257');
INSERT INTO randevu VALUES ('957950660', 'Ameliyat', STR_TO_DATE('19/08/2022 12:00', '%d/%m/%Y %H:%i'), '41696913198', '10949418181');
INSERT INTO randevu VALUES ('748492267', 'Ameliyat', STR_TO_DATE('12/08/2022 09:00', '%d/%m/%Y %H:%i'), '59320241925', '12483830065');
INSERT INTO randevu VALUES ('654283087', 'Ameliyat', STR_TO_DATE('04/09/2022 13:00', '%d/%m/%Y %H:%i'), '90912220596', '45096514509');
INSERT INTO randevu VALUES ('106678128', 'Muayene', STR_TO_DATE('20/07/2022 13:00', '%d/%m/%Y %H:%i'), '80086694304', '60933488599');
INSERT INTO randevu VALUES ('319100307', 'Kontrol', STR_TO_DATE('21/09/2022 09:00', '%d/%m/%Y %H:%i'), '46412487749', '72347308258');
INSERT INTO randevu VALUES ('311629073', 'Ameliyat', STR_TO_DATE('03/12/2022 11:00', '%d/%m/%Y %H:%i'), '62874223544', '28814699818');
INSERT INTO randevu VALUES ('977633635', 'Muayene', STR_TO_DATE('14/08/2022 12:00', '%d/%m/%Y %H:%i'), '15054467332', '95186051862');
INSERT INTO randevu VALUES ('809445690', 'Kontrol', STR_TO_DATE('02/09/2022 08:00', '%d/%m/%Y %H:%i'), '37643806655', '25179943979');
INSERT INTO randevu VALUES ('190774049', 'Muayene', STR_TO_DATE('27/07/2022 12:00', '%d/%m/%Y %H:%i'), '79549002528', '53881784307');
INSERT INTO randevu VALUES ('165077396', 'Ameliyat', STR_TO_DATE('13/09/2022 12:00', '%d/%m/%Y %H:%i'), '37236311529', '75393456468');
INSERT INTO randevu VALUES ('636566379', 'Ameliyat', STR_TO_DATE('03/07/2022 10:00', '%d/%m/%Y %H:%i'), '47093323344', '43997499474');
INSERT INTO randevu VALUES ('156006289', 'Kontrol', STR_TO_DATE('05/12/2022 08:00', '%d/%m/%Y %H:%i'), '54809717426', '25290429930');
INSERT INTO randevu VALUES ('812223470', 'Ameliyat', STR_TO_DATE('22/10/2022 12:00', '%d/%m/%Y %H:%i'), '80501219129', '59031351734');
INSERT INTO randevu VALUES ('236414609', 'Kontrol', STR_TO_DATE('25/07/2022 08:00', '%d/%m/%Y %H:%i'), '54809717426', '53881784307');
INSERT INTO randevu VALUES ('944840659', 'Ameliyat', STR_TO_DATE('24/11/2022 08:00', '%d/%m/%Y %H:%i'), '97528379387', '30359741229');
INSERT INTO randevu VALUES ('743502472', 'Kontrol', STR_TO_DATE('10/07/2022 11:00', '%d/%m/%Y %H:%i'), '12417339582', '72347308258');
INSERT INTO randevu VALUES ('466587590', 'Muayene', STR_TO_DATE('03/07/2022 10:00', '%d/%m/%Y %H:%i'), '32260818675', '11185088108');
INSERT INTO randevu VALUES ('577919053', 'Kontrol', STR_TO_DATE('23/07/2022 11:00', '%d/%m/%Y %H:%i'), '97528379387', '72347308258');
INSERT INTO randevu VALUES ('340198653', 'Muayene', STR_TO_DATE('03/09/2022 09:00', '%d/%m/%Y %H:%i'), '46412487749', '94146855422');
INSERT INTO randevu VALUES ('635684767', 'Ameliyat', STR_TO_DATE('25/10/2022 13:00', '%d/%m/%Y %H:%i'), '46412487749', '70809859930');
INSERT INTO randevu VALUES ('266943425', 'Ameliyat', STR_TO_DATE('01/07/2022 09:00', '%d/%m/%Y %H:%i'), '62934893288', '71976035091');
INSERT INTO randevu VALUES ('402290705', 'Kontrol', STR_TO_DATE('19/11/2022 10:00', '%d/%m/%Y %H:%i'), '54809717426', '66309490975');
INSERT INTO randevu VALUES ('888696908', 'Muayene', STR_TO_DATE('28/07/2022 11:00', '%d/%m/%Y %H:%i'), '80501219129', '71976035091');
INSERT INTO randevu VALUES ('762451926', 'Kontrol', STR_TO_DATE('23/12/2022 14:00', '%d/%m/%Y %H:%i'), '33917153601', '90914279299');
INSERT INTO randevu VALUES ('188542614', 'Ameliyat', STR_TO_DATE('27/11/2022 08:00', '%d/%m/%Y %H:%i'), '54809717426', '71076797056');
INSERT INTO randevu VALUES ('904272072', 'Ameliyat', STR_TO_DATE('28/09/2022 12:00', '%d/%m/%Y %H:%i'), '66399036248', '41331783343');
INSERT INTO randevu VALUES ('859792640', 'Kontrol', STR_TO_DATE('21/11/2022 15:00', '%d/%m/%Y %H:%i'), '92206829851', '29567766329');
INSERT INTO randevu VALUES ('376916366', 'Kontrol', STR_TO_DATE('06/08/2022 13:00', '%d/%m/%Y %H:%i'), '12623953297', '22254163075');
INSERT INTO randevu VALUES ('314438640', 'Muayene', STR_TO_DATE('11/10/2022 15:00', '%d/%m/%Y %H:%i'), '36887418072', '38297020062');
INSERT INTO randevu VALUES ('510397952', 'Muayene', STR_TO_DATE('21/09/2022 11:00', '%d/%m/%Y %H:%i'), '77516834695', '25179943979');
INSERT INTO randevu VALUES ('172133196', 'Kontrol', STR_TO_DATE('01/12/2022 12:00', '%d/%m/%Y %H:%i'), '86776719194', '34435564777');
INSERT INTO randevu VALUES ('356449037', 'Muayene', STR_TO_DATE('10/07/2022 11:00', '%d/%m/%Y %H:%i'), '57894496005', '62114136264');
INSERT INTO randevu VALUES ('676904089', 'Muayene', STR_TO_DATE('19/08/2022 10:00', '%d/%m/%Y %H:%i'), '72536258789', '91662075162');
INSERT INTO randevu VALUES ('635337102', 'Ameliyat', STR_TO_DATE('19/11/2022 08:00', '%d/%m/%Y %H:%i'), '12417339582', '25290429930');
INSERT INTO randevu VALUES ('242384625', 'Kontrol', STR_TO_DATE('01/10/2022 08:00', '%d/%m/%Y %H:%i'), '83249457795', '91662075162');
INSERT INTO randevu VALUES ('802371434', 'Muayene', STR_TO_DATE('19/09/2022 10:00', '%d/%m/%Y %H:%i'), '59320241925', '13387671772');
INSERT INTO randevu VALUES ('113138253', 'Ameliyat', STR_TO_DATE('27/12/2022 09:00', '%d/%m/%Y %H:%i'), '36887418072', '84327338791');
INSERT INTO randevu VALUES ('176008783', 'Muayene', STR_TO_DATE('18/12/2022 10:00', '%d/%m/%Y %H:%i'), '73393055456', '95024905237');
INSERT INTO randevu VALUES ('997585783', 'Ameliyat', STR_TO_DATE('20/11/2022 11:00', '%d/%m/%Y %H:%i'), '41696913198', '13387671772');
INSERT INTO randevu VALUES ('490723301', 'Kontrol', STR_TO_DATE('06/07/2022 11:00', '%d/%m/%Y %H:%i'), '66399036248', '91662075162');
INSERT INTO randevu VALUES ('965072758', 'Kontrol', STR_TO_DATE('08/07/2022 13:00', '%d/%m/%Y %H:%i'), '80501219129', '46963109475');
INSERT INTO randevu VALUES ('369890023', 'Muayene', STR_TO_DATE('01/07/2022 14:00', '%d/%m/%Y %H:%i'), '60496959659', '21848020250');
INSERT INTO randevu VALUES ('896303289', 'Muayene', STR_TO_DATE('28/10/2022 09:00', '%d/%m/%Y %H:%i'), '72536258789', '99734592626');
INSERT INTO randevu VALUES ('681131106', 'Kontrol', STR_TO_DATE('24/08/2022 08:00', '%d/%m/%Y %H:%i'), '61209854614', '36303602843');
INSERT INTO randevu VALUES ('483785671', 'Ameliyat', STR_TO_DATE('13/12/2022 12:00', '%d/%m/%Y %H:%i'), '77516834695', '89007497726');
INSERT INTO randevu VALUES ('441789407', 'Kontrol', STR_TO_DATE('18/11/2022 08:00', '%d/%m/%Y %H:%i'), '47093323344', '54552499146');
INSERT INTO randevu VALUES ('388531761', 'Kontrol', STR_TO_DATE('19/09/2022 12:00', '%d/%m/%Y %H:%i'), '33917153601', '55984070620');
INSERT INTO randevu VALUES ('245684561', 'Ameliyat', STR_TO_DATE('01/11/2022 12:00', '%d/%m/%Y %H:%i'), '90912220596', '43997499474');
INSERT INTO randevu VALUES ('167354410', 'Kontrol', STR_TO_DATE('04/11/2022 15:00', '%d/%m/%Y %H:%i'), '37236311529', '46963109475');
INSERT INTO randevu VALUES ('784545595', 'Kontrol', STR_TO_DATE('21/12/2022 14:00', '%d/%m/%Y %H:%i'), '62874223544', '66309490975');
INSERT INTO randevu VALUES ('106023071', 'Muayene', STR_TO_DATE('27/07/2022 11:00', '%d/%m/%Y %H:%i'), '83249457795', '16510317684');
INSERT INTO randevu VALUES ('504093347', 'Muayene', STR_TO_DATE('14/08/2022 09:00', '%d/%m/%Y %H:%i'), '37236311529', '72347308258');
INSERT INTO randevu VALUES ('363662100', 'Ameliyat', STR_TO_DATE('22/11/2022 12:00', '%d/%m/%Y %H:%i'), '62874223544', '90914279299');
INSERT INTO randevu VALUES ('190920001', 'Muayene', STR_TO_DATE('23/12/2022 14:00', '%d/%m/%Y %H:%i'), '62874223544', '66706435176');
INSERT INTO randevu VALUES ('552576193', 'Ameliyat', STR_TO_DATE('20/10/2022 11:00', '%d/%m/%Y %H:%i'), '37236311529', '48159128530');
INSERT INTO randevu VALUES ('759273166', 'Ameliyat', STR_TO_DATE('05/12/2022 13:00', '%d/%m/%Y %H:%i'), '73393055456', '93441206659');
INSERT INTO randevu VALUES ('127109513', 'Ameliyat', STR_TO_DATE('16/12/2022 15:00', '%d/%m/%Y %H:%i'), '97958629191', '14512399051');
INSERT INTO randevu VALUES ('144156918', 'Ameliyat', STR_TO_DATE('06/07/2022 14:00', '%d/%m/%Y %H:%i'), '12623953297', '70809859930');
INSERT INTO randevu VALUES ('292127530', 'Ameliyat', STR_TO_DATE('12/11/2022 14:00', '%d/%m/%Y %H:%i'), '47093323344', '60181238498');
INSERT INTO randevu VALUES ('389507579', 'Kontrol', STR_TO_DATE('29/10/2022 14:00', '%d/%m/%Y %H:%i'), '73393055456', '24636087496');
INSERT INTO randevu VALUES ('211582285', 'Ameliyat', STR_TO_DATE('25/11/2022 12:00', '%d/%m/%Y %H:%i'), '86776719194', '37778204115');
INSERT INTO randevu VALUES ('427959268', 'Muayene', STR_TO_DATE('11/09/2022 14:00', '%d/%m/%Y %H:%i'), '15054467332', '85844766646');
INSERT INTO randevu VALUES ('449364212', 'Kontrol', STR_TO_DATE('13/07/2022 15:00', '%d/%m/%Y %H:%i'), '66399036248', '22254163075');
INSERT INTO randevu VALUES ('644463574', 'Ameliyat', STR_TO_DATE('23/11/2022 10:00', '%d/%m/%Y %H:%i'), '83249457795', '54526741033');
INSERT INTO randevu VALUES ('761582138', 'Ameliyat', STR_TO_DATE('24/07/2022 10:00', '%d/%m/%Y %H:%i'), '33917153601', '53194614400');
INSERT INTO randevu VALUES ('219516274', 'Ameliyat', STR_TO_DATE('15/09/2022 08:00', '%d/%m/%Y %H:%i'), '59320241925', '39811084618');
INSERT INTO randevu VALUES ('552129479', 'Ameliyat', STR_TO_DATE('15/08/2022 13:00', '%d/%m/%Y %H:%i'), '66399036248', '23228320976');
INSERT INTO randevu VALUES ('361610300', 'Ameliyat', STR_TO_DATE('25/10/2022 11:00', '%d/%m/%Y %H:%i'), '66399036248', '11185088108');
INSERT INTO randevu VALUES ('346614551', 'Kontrol', STR_TO_DATE('25/10/2022 13:00', '%d/%m/%Y %H:%i'), '16258131293', '60933488599');
INSERT INTO randevu VALUES ('903150515', 'Muayene', STR_TO_DATE('09/12/2022 12:00', '%d/%m/%Y %H:%i'), '72735156603', '90914279299');
INSERT INTO randevu VALUES ('282430541', 'Muayene', STR_TO_DATE('23/11/2022 15:00', '%d/%m/%Y %H:%i'), '14077721538', '13387671772');
INSERT INTO randevu VALUES ('868535143', 'Kontrol', STR_TO_DATE('11/12/2022 14:00', '%d/%m/%Y %H:%i'), '75185578020', '95024905237');
INSERT INTO randevu VALUES ('347389792', 'Ameliyat', STR_TO_DATE('29/07/2022 14:00', '%d/%m/%Y %H:%i'), '37643806655', '95300996184');
INSERT INTO randevu VALUES ('780693060', 'Muayene', STR_TO_DATE('13/07/2022 08:00', '%d/%m/%Y %H:%i'), '79549002528', '37778204115');
INSERT INTO randevu VALUES ('818466950', 'Muayene', STR_TO_DATE('01/12/2022 11:00', '%d/%m/%Y %H:%i'), '97528379387', '54526741033');
INSERT INTO randevu VALUES ('123475056', 'Ameliyat', STR_TO_DATE('28/11/2022 08:00', '%d/%m/%Y %H:%i'), '54809717426', '99734592626');
INSERT INTO randevu VALUES ('113801880', 'Muayene', STR_TO_DATE('02/10/2022 11:00', '%d/%m/%Y %H:%i'), '35047000816', '63481840737');
INSERT INTO randevu VALUES ('620571673', 'Muayene', STR_TO_DATE('08/11/2022 13:00', '%d/%m/%Y %H:%i'), '68694064907', '54499811179');
INSERT INTO randevu VALUES ('311995092', 'Ameliyat', STR_TO_DATE('02/11/2022 08:00', '%d/%m/%Y %H:%i'), '86776719194', '94648170496');
INSERT INTO randevu VALUES ('806898933', 'Muayene', STR_TO_DATE('23/10/2022 10:00', '%d/%m/%Y %H:%i'), '16258131293', '23228320976');
INSERT INTO randevu VALUES ('889511080', 'Muayene', STR_TO_DATE('11/10/2022 09:00', '%d/%m/%Y %H:%i'), '90912220596', '18836430541');
INSERT INTO randevu VALUES ('911425828', 'Ameliyat', STR_TO_DATE('08/09/2022 14:00', '%d/%m/%Y %H:%i'), '32260818675', '90914279299');
INSERT INTO randevu VALUES ('702070829', 'Ameliyat', STR_TO_DATE('17/08/2022 11:00', '%d/%m/%Y %H:%i'), '80501219129', '71976035091');
INSERT INTO randevu VALUES ('754122131', 'Muayene', STR_TO_DATE('06/07/2022 11:00', '%d/%m/%Y %H:%i'), '59320241925', '81767890933');
INSERT INTO randevu VALUES ('966351396', 'Ameliyat', STR_TO_DATE('15/10/2022 11:00', '%d/%m/%Y %H:%i'), '59320241925', '80737246912');
INSERT INTO randevu VALUES ('233664924', 'Muayene', STR_TO_DATE('07/12/2022 15:00', '%d/%m/%Y %H:%i'), '41696913198', '31890366151');
INSERT INTO randevu VALUES ('758093083', 'Muayene', STR_TO_DATE('29/11/2022 13:00', '%d/%m/%Y %H:%i'), '77516834695', '23228320976');
INSERT INTO randevu VALUES ('530137564', 'Ameliyat', STR_TO_DATE('11/07/2022 08:00', '%d/%m/%Y %H:%i'), '46412487749', '95098025114');
INSERT INTO randevu VALUES ('403682715', 'Muayene', STR_TO_DATE('06/10/2022 09:00', '%d/%m/%Y %H:%i'), '97528379387', '43997499474');
INSERT INTO randevu VALUES ('570157440', 'Muayene', STR_TO_DATE('27/09/2022 10:00', '%d/%m/%Y %H:%i'), '80501219129', '25179943979');
INSERT INTO randevu VALUES ('447019294', 'Kontrol', STR_TO_DATE('16/09/2022 12:00', '%d/%m/%Y %H:%i'), '32260818675', '54526741033');
INSERT INTO randevu VALUES ('179883986', 'Ameliyat', STR_TO_DATE('15/09/2022 08:00', '%d/%m/%Y %H:%i'), '77516834695', '23098284068');
INSERT INTO randevu VALUES ('543145665', 'Kontrol', STR_TO_DATE('17/12/2022 14:00', '%d/%m/%Y %H:%i'), '16258131293', '53194614400');
INSERT INTO randevu VALUES ('672802642', 'Muayene', STR_TO_DATE('01/10/2022 10:00', '%d/%m/%Y %H:%i'), '84697672212', '66706435176');
INSERT INTO randevu VALUES ('745836899', 'Ameliyat', STR_TO_DATE('24/12/2022 15:00', '%d/%m/%Y %H:%i'), '83249457795', '71976035091');
INSERT INTO randevu VALUES ('431486586', 'Ameliyat', STR_TO_DATE('27/10/2022 12:00', '%d/%m/%Y %H:%i'), '66399036248', '24636087496');
INSERT INTO randevu VALUES ('962360308', 'Muayene', STR_TO_DATE('01/11/2022 12:00', '%d/%m/%Y %H:%i'), '92206829851', '55984070620');
INSERT INTO randevu VALUES ('145264537', 'Muayene', STR_TO_DATE('16/09/2022 14:00', '%d/%m/%Y %H:%i'), '72536258789', '12483830065');
INSERT INTO randevu VALUES ('693326687', 'Kontrol', STR_TO_DATE('05/12/2022 10:00', '%d/%m/%Y %H:%i'), '47093323344', '60181238498');
INSERT INTO randevu VALUES ('713210611', 'Ameliyat', STR_TO_DATE('10/12/2022 12:00', '%d/%m/%Y %H:%i'), '41696913198', '85844766646');
INSERT INTO randevu VALUES ('684574118', 'Muayene', STR_TO_DATE('09/10/2022 15:00', '%d/%m/%Y %H:%i'), '35047000816', '89369856700');
INSERT INTO randevu VALUES ('929479400', 'Muayene', STR_TO_DATE('02/07/2022 08:00', '%d/%m/%Y %H:%i'), '60496959659', '46963109475');
INSERT INTO randevu VALUES ('187337390', 'Ameliyat', STR_TO_DATE('21/12/2022 15:00', '%d/%m/%Y %H:%i'), '59320241925', '63779377402');
INSERT INTO randevu VALUES ('685066894', 'Muayene', STR_TO_DATE('17/12/2022 08:00', '%d/%m/%Y %H:%i'), '41696913198', '29402396254');
INSERT INTO randevu VALUES ('100164873', 'Muayene', STR_TO_DATE('11/11/2022 11:00', '%d/%m/%Y %H:%i'), '79549002528', '72347308258');
INSERT INTO randevu VALUES ('528783701', 'Muayene', STR_TO_DATE('05/09/2022 08:00', '%d/%m/%Y %H:%i'), '86776719194', '29567766329');
INSERT INTO randevu VALUES ('226144582', 'Muayene', STR_TO_DATE('21/09/2022 15:00', '%d/%m/%Y %H:%i'), '41696913198', '71976035091');
INSERT INTO randevu VALUES ('611883047', 'Kontrol', STR_TO_DATE('17/11/2022 14:00', '%d/%m/%Y %H:%i'), '86776719194', '15022055378');
INSERT INTO randevu VALUES ('517795224', 'Kontrol', STR_TO_DATE('01/10/2022 13:00', '%d/%m/%Y %H:%i'), '97528379387', '23899743005');
INSERT INTO randevu VALUES ('782094267', 'Muayene', STR_TO_DATE('09/09/2022 13:00', '%d/%m/%Y %H:%i'), '97958629191', '65622100257');
INSERT INTO randevu VALUES ('267146676', 'Muayene', STR_TO_DATE('07/09/2022 12:00', '%d/%m/%Y %H:%i'), '97935920565', '96478445729');
INSERT INTO randevu VALUES ('456423127', 'Ameliyat', STR_TO_DATE('10/12/2022 09:00', '%d/%m/%Y %H:%i'), '77516834695', '70809859930');
INSERT INTO randevu VALUES ('978888428', 'Muayene', STR_TO_DATE('05/10/2022 11:00', '%d/%m/%Y %H:%i'), '80086694304', '15022055378');
INSERT INTO randevu VALUES ('460937332', 'Ameliyat', STR_TO_DATE('01/10/2022 15:00', '%d/%m/%Y %H:%i'), '61209854614', '46251492535');
INSERT INTO randevu VALUES ('893248118', 'Ameliyat', STR_TO_DATE('19/07/2022 14:00', '%d/%m/%Y %H:%i'), '16258131293', '47430552115');
INSERT INTO randevu VALUES ('481213291', 'Muayene', STR_TO_DATE('07/08/2022 13:00', '%d/%m/%Y %H:%i'), '41696913198', '49306803601');
INSERT INTO randevu VALUES ('258214188', 'Kontrol', STR_TO_DATE('23/09/2022 10:00', '%d/%m/%Y %H:%i'), '60496959659', '85844766646');
INSERT INTO randevu VALUES ('797425958', 'Kontrol', STR_TO_DATE('29/11/2022 13:00', '%d/%m/%Y %H:%i'), '61209854614', '81767890933');
INSERT INTO randevu VALUES ('371517083', 'Ameliyat', STR_TO_DATE('16/10/2022 14:00', '%d/%m/%Y %H:%i'), '47093323344', '91662075162');
INSERT INTO randevu VALUES ('653022571', 'Kontrol', STR_TO_DATE('20/12/2022 12:00', '%d/%m/%Y %H:%i'), '80086694304', '94146855422');
INSERT INTO randevu VALUES ('846098586', 'Ameliyat', STR_TO_DATE('24/09/2022 10:00', '%d/%m/%Y %H:%i'), '80086694304', '23899743005');
INSERT INTO randevu VALUES ('148601276', 'Kontrol', STR_TO_DATE('17/12/2022 08:00', '%d/%m/%Y %H:%i'), '97958629191', '54526741033');
INSERT INTO randevu VALUES ('267481454', 'Kontrol', STR_TO_DATE('26/10/2022 15:00', '%d/%m/%Y %H:%i'), '33917153601', '53194614400');
INSERT INTO randevu VALUES ('396350479', 'Ameliyat', STR_TO_DATE('24/09/2022 09:00', '%d/%m/%Y %H:%i'), '83249457795', '93441206659');
INSERT INTO randevu VALUES ('549764650', 'Muayene', STR_TO_DATE('27/08/2022 12:00', '%d/%m/%Y %H:%i'), '97958629191', '71076797056');
INSERT INTO randevu VALUES ('389271332', 'Ameliyat', STR_TO_DATE('02/08/2022 12:00', '%d/%m/%Y %H:%i'), '97528379387', '70220259545');
INSERT INTO randevu VALUES ('580124804', 'Ameliyat', STR_TO_DATE('02/09/2022 14:00', '%d/%m/%Y %H:%i'), '72536258789', '83538922446');
INSERT INTO randevu VALUES ('499166048', 'Ameliyat', STR_TO_DATE('07/09/2022 12:00', '%d/%m/%Y %H:%i'), '97935920565', '20669036664');
INSERT INTO randevu VALUES ('150391414', 'Kontrol', STR_TO_DATE('15/09/2022 09:00', '%d/%m/%Y %H:%i'), '37236311529', '81767890933');
INSERT INTO randevu VALUES ('659957024', 'Kontrol', STR_TO_DATE('03/10/2022 11:00', '%d/%m/%Y %H:%i'), '97935920565', '25952596837');
INSERT INTO randevu VALUES ('162461827', 'Muayene', STR_TO_DATE('17/11/2022 09:00', '%d/%m/%Y %H:%i'), '35047000816', '81767890933');
INSERT INTO randevu VALUES ('921868898', 'Ameliyat', STR_TO_DATE('10/10/2022 11:00', '%d/%m/%Y %H:%i'), '54809717426', '71076797056');
INSERT INTO randevu VALUES ('821245405', 'Muayene', STR_TO_DATE('04/07/2022 08:00', '%d/%m/%Y %H:%i'), '73393055456', '66706435176');
INSERT INTO randevu VALUES ('762348743', 'Muayene', STR_TO_DATE('29/10/2022 13:00', '%d/%m/%Y %H:%i'), '62874223544', '30359741229');
INSERT INTO randevu VALUES ('577959087', 'Muayene', STR_TO_DATE('01/10/2022 12:00', '%d/%m/%Y %H:%i'), '41696913198', '60181238498');
INSERT INTO randevu VALUES ('457541715', 'Kontrol', STR_TO_DATE('10/11/2022 15:00', '%d/%m/%Y %H:%i'), '92206829851', '11185088108');
INSERT INTO randevu VALUES ('386298235', 'Muayene', STR_TO_DATE('16/08/2022 11:00', '%d/%m/%Y %H:%i'), '80086694304', '66706435176');
INSERT INTO randevu VALUES ('346090028', 'Kontrol', STR_TO_DATE('01/10/2022 14:00', '%d/%m/%Y %H:%i'), '60496959659', '25290429930');
INSERT INTO randevu VALUES ('982450119', 'Muayene', STR_TO_DATE('05/10/2022 08:00', '%d/%m/%Y %H:%i'), '66399036248', '95186051862');
INSERT INTO randevu VALUES ('409792667', 'Muayene', STR_TO_DATE('19/11/2022 15:00', '%d/%m/%Y %H:%i'), '62874223544', '18836430541');
INSERT INTO randevu VALUES ('661184550', 'Ameliyat', STR_TO_DATE('26/12/2022 10:00', '%d/%m/%Y %H:%i'), '92206829851', '15022055378');
INSERT INTO randevu VALUES ('605624793', 'Kontrol', STR_TO_DATE('07/11/2022 12:00', '%d/%m/%Y %H:%i'), '57894496005', '70809859930');
INSERT INTO randevu VALUES ('594022045', 'Kontrol', STR_TO_DATE('16/10/2022 15:00', '%d/%m/%Y %H:%i'), '47093323344', '59031351734');
INSERT INTO randevu VALUES ('891432393', 'Kontrol', STR_TO_DATE('22/10/2022 12:00', '%d/%m/%Y %H:%i'), '14077721538', '40470008902');
INSERT INTO randevu VALUES ('442310236', 'Kontrol', STR_TO_DATE('12/09/2022 11:00', '%d/%m/%Y %H:%i'), '68694064907', '12483830065');
INSERT INTO randevu VALUES ('305139126', 'Ameliyat', STR_TO_DATE('25/07/2022 10:00', '%d/%m/%Y %H:%i'), '46412487749', '14512399051');
INSERT INTO randevu VALUES ('858688113', 'Kontrol', STR_TO_DATE('16/08/2022 12:00', '%d/%m/%Y %H:%i'), '54809717426', '71076797056');
INSERT INTO randevu VALUES ('490470489', 'Kontrol', STR_TO_DATE('04/09/2022 09:00', '%d/%m/%Y %H:%i'), '61209854614', '84327338791');
INSERT INTO randevu VALUES ('307777367', 'Muayene', STR_TO_DATE('17/10/2022 10:00', '%d/%m/%Y %H:%i'), '66399036248', '24636087496');
INSERT INTO randevu VALUES ('513499047', 'Muayene', STR_TO_DATE('09/08/2022 10:00', '%d/%m/%Y %H:%i'), '16258131293', '23228320976');
INSERT INTO randevu VALUES ('652942083', 'Ameliyat', STR_TO_DATE('20/10/2022 09:00', '%d/%m/%Y %H:%i'), '60496959659', '54526741033');
INSERT INTO randevu VALUES ('518380837', 'Ameliyat', STR_TO_DATE('11/11/2022 11:00', '%d/%m/%Y %H:%i'), '84697672212', '11185088108');
INSERT INTO randevu VALUES ('361575015', 'Kontrol', STR_TO_DATE('10/07/2022 14:00', '%d/%m/%Y %H:%i'), '12623953297', '60181238498');
INSERT INTO randevu VALUES ('316302577', 'Ameliyat', STR_TO_DATE('25/07/2022 09:00', '%d/%m/%Y %H:%i'), '33917153601', '46251492535');
INSERT INTO randevu VALUES ('775724048', 'Kontrol', STR_TO_DATE('18/07/2022 13:00', '%d/%m/%Y %H:%i'), '32260818675', '95024905237');
INSERT INTO randevu VALUES ('599870121', 'Muayene', STR_TO_DATE('07/12/2022 09:00', '%d/%m/%Y %H:%i'), '86776719194', '92620806822');
INSERT INTO randevu VALUES ('773261806', 'Muayene', STR_TO_DATE('05/08/2022 13:00', '%d/%m/%Y %H:%i'), '97935920565', '94146855422');
INSERT INTO randevu VALUES ('310468391', 'Muayene', STR_TO_DATE('10/08/2022 10:00', '%d/%m/%Y %H:%i'), '68694064907', '91662075162');
INSERT INTO randevu VALUES ('466496232', 'Ameliyat', STR_TO_DATE('08/11/2022 12:00', '%d/%m/%Y %H:%i'), '73393055456', '39811084618');
INSERT INTO randevu VALUES ('331558513', 'Kontrol', STR_TO_DATE('17/07/2022 14:00', '%d/%m/%Y %H:%i'), '26616269032', '91678505007');
INSERT INTO randevu VALUES ('606280745', 'Kontrol', STR_TO_DATE('21/10/2022 09:00', '%d/%m/%Y %H:%i'), '35047000816', '20669036664');
INSERT INTO randevu VALUES ('331819539', 'Kontrol', STR_TO_DATE('16/10/2022 08:00', '%d/%m/%Y %H:%i'), '80501219129', '93441206659');
INSERT INTO randevu VALUES ('870266447', 'Muayene', STR_TO_DATE('19/12/2022 13:00', '%d/%m/%Y %H:%i'), '75185578020', '50024034998');
INSERT INTO randevu VALUES ('246266188', 'Ameliyat', STR_TO_DATE('13/07/2022 14:00', '%d/%m/%Y %H:%i'), '62874223544', '20669036664');
INSERT INTO randevu VALUES ('628089465', 'Kontrol', STR_TO_DATE('20/08/2022 15:00', '%d/%m/%Y %H:%i'), '14077721538', '59957396383');
INSERT INTO randevu VALUES ('813288701', 'Kontrol', STR_TO_DATE('29/10/2022 10:00', '%d/%m/%Y %H:%i'), '37643806655', '29567766329');
INSERT INTO randevu VALUES ('339171727', 'Ameliyat', STR_TO_DATE('13/12/2022 10:00', '%d/%m/%Y %H:%i'), '97958629191', '66094094780');
INSERT INTO randevu VALUES ('847226299', 'Ameliyat', STR_TO_DATE('29/07/2022 15:00', '%d/%m/%Y %H:%i'), '97958629191', '62114136264');
INSERT INTO randevu VALUES ('983754649', 'Muayene', STR_TO_DATE('15/08/2022 09:00', '%d/%m/%Y %H:%i'), '79549002528', '65622100257');
INSERT INTO randevu VALUES ('691908300', 'Muayene', STR_TO_DATE('28/10/2022 11:00', '%d/%m/%Y %H:%i'), '32260818675', '63481840737');
INSERT INTO randevu VALUES ('455133853', 'Ameliyat', STR_TO_DATE('05/07/2022 11:00', '%d/%m/%Y %H:%i'), '80501219129', '90914279299');
INSERT INTO randevu VALUES ('991238388', 'Kontrol', STR_TO_DATE('02/11/2022 15:00', '%d/%m/%Y %H:%i'), '15054467332', '47430552115');
INSERT INTO randevu VALUES ('892220351', 'Kontrol', STR_TO_DATE('12/07/2022 15:00', '%d/%m/%Y %H:%i'), '97958629191', '79008042611');
INSERT INTO randevu VALUES ('315225723', 'Muayene', STR_TO_DATE('14/09/2022 10:00', '%d/%m/%Y %H:%i'), '15054467332', '65147696538');
INSERT INTO randevu VALUES ('915910496', 'Ameliyat', STR_TO_DATE('20/10/2022 12:00', '%d/%m/%Y %H:%i'), '97528379387', '70809859930');
INSERT INTO randevu VALUES ('518105758', 'Muayene', STR_TO_DATE('12/10/2022 10:00', '%d/%m/%Y %H:%i'), '61209854614', '65147696538');
INSERT INTO randevu VALUES ('120043992', 'Kontrol', STR_TO_DATE('08/10/2022 14:00', '%d/%m/%Y %H:%i'), '41696913198', '71076797056');
INSERT INTO randevu VALUES ('332218084', 'Ameliyat', STR_TO_DATE('15/09/2022 15:00', '%d/%m/%Y %H:%i'), '47093323344', '47430552115');
INSERT INTO randevu VALUES ('476731987', 'Ameliyat', STR_TO_DATE('01/09/2022 13:00', '%d/%m/%Y %H:%i'), '97958629191', '23228320976');
INSERT INTO randevu VALUES ('671452151', 'Kontrol', STR_TO_DATE('27/12/2022 13:00', '%d/%m/%Y %H:%i'), '62934893288', '84327338791');
INSERT INTO randevu VALUES ('196002400', 'Muayene', STR_TO_DATE('03/11/2022 11:00', '%d/%m/%Y %H:%i'), '62934893288', '22254163075');
INSERT INTO randevu VALUES ('819234136', 'Ameliyat', STR_TO_DATE('02/11/2022 10:00', '%d/%m/%Y %H:%i'), '35047000816', '71076797056');
INSERT INTO randevu VALUES ('559125336', 'Ameliyat', STR_TO_DATE('01/08/2022 10:00', '%d/%m/%Y %H:%i'), '66399036248', '95508355265');
INSERT INTO randevu VALUES ('566306310', 'Kontrol', STR_TO_DATE('10/10/2022 09:00', '%d/%m/%Y %H:%i'), '12623953297', '11185088108');
INSERT INTO randevu VALUES ('814207691', 'Muayene', STR_TO_DATE('09/11/2022 11:00', '%d/%m/%Y %H:%i'), '62874223544', '89007497726');
INSERT INTO randevu VALUES ('884583740', 'Ameliyat', STR_TO_DATE('07/09/2022 13:00', '%d/%m/%Y %H:%i'), '66399036248', '99295907741');
INSERT INTO randevu VALUES ('949848437', 'Ameliyat', STR_TO_DATE('09/08/2022 09:00', '%d/%m/%Y %H:%i'), '33917153601', '55984070620');
INSERT INTO randevu VALUES ('508571998', 'Muayene', STR_TO_DATE('01/10/2022 15:00', '%d/%m/%Y %H:%i'), '68694064907', '25179943979');
INSERT INTO randevu VALUES ('748422812', 'Ameliyat', STR_TO_DATE('25/11/2022 14:00', '%d/%m/%Y %H:%i'), '60496959659', '96478445729');
INSERT INTO randevu VALUES ('347553654', 'Kontrol', STR_TO_DATE('06/10/2022 09:00', '%d/%m/%Y %H:%i'), '26616269032', '18836430541');
INSERT INTO randevu VALUES ('514246208', 'Ameliyat', STR_TO_DATE('19/09/2022 08:00', '%d/%m/%Y %H:%i'), '12417339582', '71076797056');
INSERT INTO randevu VALUES ('110660961', 'Muayene', STR_TO_DATE('13/07/2022 12:00', '%d/%m/%Y %H:%i'), '16258131293', '15022055378');
INSERT INTO randevu VALUES ('525762174', 'Ameliyat', STR_TO_DATE('09/07/2022 08:00', '%d/%m/%Y %H:%i'), '12417339582', '13387671772');
INSERT INTO randevu VALUES ('484374046', 'Ameliyat', STR_TO_DATE('27/12/2022 10:00', '%d/%m/%Y %H:%i'), '60496959659', '84327338791');
INSERT INTO randevu VALUES ('336022699', 'Kontrol', STR_TO_DATE('04/10/2022 11:00', '%d/%m/%Y %H:%i'), '32260818675', '16378256846');
INSERT INTO randevu VALUES ('123362577', 'Muayene', STR_TO_DATE('04/07/2022 14:00', '%d/%m/%Y %H:%i'), '72536258789', '89007497726');
INSERT INTO randevu VALUES ('399510507', 'Ameliyat', STR_TO_DATE('20/11/2022 12:00', '%d/%m/%Y %H:%i'), '46412487749', '91678505007');
INSERT INTO randevu VALUES ('153609688', 'Kontrol', STR_TO_DATE('04/08/2022 13:00', '%d/%m/%Y %H:%i'), '90912220596', '63779377402');
INSERT INTO randevu VALUES ('173304107', 'Kontrol', STR_TO_DATE('24/11/2022 08:00', '%d/%m/%Y %H:%i'), '47093323344', '54552499146');
INSERT INTO randevu VALUES ('399535991', 'Kontrol', STR_TO_DATE('27/07/2022 12:00', '%d/%m/%Y %H:%i'), '75185578020', '10949418181');
INSERT INTO randevu VALUES ('114150953', 'Kontrol', STR_TO_DATE('26/12/2022 13:00', '%d/%m/%Y %H:%i'), '37643806655', '85844766646');
INSERT INTO randevu VALUES ('674492757', 'Ameliyat', STR_TO_DATE('11/10/2022 10:00', '%d/%m/%Y %H:%i'), '97528379387', '95024905237');
INSERT INTO randevu VALUES ('546429537', 'Ameliyat', STR_TO_DATE('05/08/2022 11:00', '%d/%m/%Y %H:%i'), '54809717426', '48159128530');
INSERT INTO randevu VALUES ('556409995', 'Kontrol', STR_TO_DATE('16/07/2022 12:00', '%d/%m/%Y %H:%i'), '46412487749', '39811084618');
INSERT INTO randevu VALUES ('894460128', 'Ameliyat', STR_TO_DATE('05/07/2022 11:00', '%d/%m/%Y %H:%i'), '47093323344', '80737246912');
INSERT INTO randevu VALUES ('390970575', 'Ameliyat', STR_TO_DATE('21/08/2022 13:00', '%d/%m/%Y %H:%i'), '72735156603', '37778204115');
INSERT INTO randevu VALUES ('210896226', 'Ameliyat', STR_TO_DATE('02/08/2022 14:00', '%d/%m/%Y %H:%i'), '77516834695', '65147696538');
INSERT INTO randevu VALUES ('928349314', 'Ameliyat', STR_TO_DATE('25/10/2022 10:00', '%d/%m/%Y %H:%i'), '37643806655', '53194614400');
INSERT INTO randevu VALUES ('867220020', 'Ameliyat', STR_TO_DATE('21/10/2022 08:00', '%d/%m/%Y %H:%i'), '73393055456', '45096514509');
INSERT INTO randevu VALUES ('577192994', 'Kontrol', STR_TO_DATE('11/09/2022 14:00', '%d/%m/%Y %H:%i'), '12623953297', '16510317684');
INSERT INTO randevu VALUES ('107174130', 'Ameliyat', STR_TO_DATE('25/11/2022 09:00', '%d/%m/%Y %H:%i'), '75185578020', '12483830065');
INSERT INTO randevu VALUES ('847850810', 'Ameliyat', STR_TO_DATE('28/07/2022 10:00', '%d/%m/%Y %H:%i'), '62934893288', '54526741033');
INSERT INTO randevu VALUES ('672046831', 'Kontrol', STR_TO_DATE('19/09/2022 12:00', '%d/%m/%Y %H:%i'), '16258131293', '34435564777');
INSERT INTO randevu VALUES ('363187208', 'Muayene', STR_TO_DATE('27/12/2022 15:00', '%d/%m/%Y %H:%i'), '75185578020', '95508355265');
INSERT INTO randevu VALUES ('155979467', 'Ameliyat', STR_TO_DATE('20/11/2022 13:00', '%d/%m/%Y %H:%i'), '37643806655', '16510317684');
INSERT INTO randevu VALUES ('322325233', 'Kontrol', STR_TO_DATE('12/12/2022 08:00', '%d/%m/%Y %H:%i'), '84697672212', '55984070620');
INSERT INTO randevu VALUES ('692316334', 'Muayene', STR_TO_DATE('09/08/2022 10:00', '%d/%m/%Y %H:%i'), '75185578020', '47430552115');
INSERT INTO randevu VALUES ('816618813', 'Ameliyat', STR_TO_DATE('20/08/2022 13:00', '%d/%m/%Y %H:%i'), '80501219129', '24314496718');
INSERT INTO randevu VALUES ('101890528', 'Muayene', STR_TO_DATE('07/08/2022 15:00', '%d/%m/%Y %H:%i'), '16258131293', '54552499146');
INSERT INTO randevu VALUES ('465339327', 'Muayene', STR_TO_DATE('01/08/2022 08:00', '%d/%m/%Y %H:%i'), '84697672212', '10949418181');
INSERT INTO randevu VALUES ('941283880', 'Kontrol', STR_TO_DATE('03/12/2022 09:00', '%d/%m/%Y %H:%i'), '62934893288', '60181238498');
INSERT INTO randevu VALUES ('193761090', 'Kontrol', STR_TO_DATE('27/11/2022 13:00', '%d/%m/%Y %H:%i'), '68694064907', '99295907741');
INSERT INTO randevu VALUES ('122179761', 'Ameliyat', STR_TO_DATE('08/12/2022 13:00', '%d/%m/%Y %H:%i'), '60496959659', '46251492535');
INSERT INTO randevu VALUES ('130499308', 'Muayene', STR_TO_DATE('21/08/2022 09:00', '%d/%m/%Y %H:%i'), '79549002528', '20669036664');
INSERT INTO randevu VALUES ('314973081', 'Muayene', STR_TO_DATE('12/12/2022 12:00', '%d/%m/%Y %H:%i'), '12623953297', '60933488599');
INSERT INTO randevu VALUES ('421675958', 'Kontrol', STR_TO_DATE('24/12/2022 11:00', '%d/%m/%Y %H:%i'), '72735156603', '75393456468');
INSERT INTO randevu VALUES ('981980335', 'Ameliyat', STR_TO_DATE('14/07/2022 09:00', '%d/%m/%Y %H:%i'), '80501219129', '59031351734');
INSERT INTO randevu VALUES ('434085132', 'Muayene', STR_TO_DATE('15/09/2022 08:00', '%d/%m/%Y %H:%i'), '54809717426', '94146855422');
INSERT INTO randevu VALUES ('734269925', 'Muayene', STR_TO_DATE('08/07/2022 10:00', '%d/%m/%Y %H:%i'), '73393055456', '95508355265');
INSERT INTO randevu VALUES ('842964848', 'Kontrol', STR_TO_DATE('26/08/2022 08:00', '%d/%m/%Y %H:%i'), '26616269032', '59664657107');
INSERT INTO randevu VALUES ('489441512', 'Ameliyat', STR_TO_DATE('05/12/2022 09:00', '%d/%m/%Y %H:%i'), '61209854614', '11185088108');
INSERT INTO randevu VALUES ('529457950', 'Kontrol', STR_TO_DATE('20/12/2022 08:00', '%d/%m/%Y %H:%i'), '41696913198', '84612639193');
INSERT INTO randevu VALUES ('374431220', 'Ameliyat', STR_TO_DATE('20/09/2022 08:00', '%d/%m/%Y %H:%i'), '97935920565', '47430552115');
INSERT INTO randevu VALUES ('688571537', 'Kontrol', STR_TO_DATE('09/10/2022 14:00', '%d/%m/%Y %H:%i'), '80501219129', '85844766646');
INSERT INTO randevu VALUES ('236604827', 'Kontrol', STR_TO_DATE('23/10/2022 09:00', '%d/%m/%Y %H:%i'), '83249457795', '90914279299');
INSERT INTO randevu VALUES ('548404261', 'Muayene', STR_TO_DATE('05/12/2022 13:00', '%d/%m/%Y %H:%i'), '14077721538', '59957396383');
INSERT INTO randevu VALUES ('895666899', 'Kontrol', STR_TO_DATE('01/07/2022 13:00', '%d/%m/%Y %H:%i'), '16258131293', '81767890933');
INSERT INTO randevu VALUES ('313985737', 'Kontrol', STR_TO_DATE('02/12/2022 11:00', '%d/%m/%Y %H:%i'), '46412487749', '71976035091');
INSERT INTO randevu VALUES ('246737085', 'Kontrol', STR_TO_DATE('19/10/2022 10:00', '%d/%m/%Y %H:%i'), '80501219129', '70220259545');
INSERT INTO randevu VALUES ('766816191', 'Muayene', STR_TO_DATE('11/10/2022 11:00', '%d/%m/%Y %H:%i'), '37643806655', '55984070620');
INSERT INTO randevu VALUES ('812187453', 'Kontrol', STR_TO_DATE('15/10/2022 13:00', '%d/%m/%Y %H:%i'), '33917153601', '31890366151');
INSERT INTO randevu VALUES ('475468872', 'Kontrol', STR_TO_DATE('07/11/2022 13:00', '%d/%m/%Y %H:%i'), '77516834695', '12483830065');
INSERT INTO randevu VALUES ('366390685', 'Muayene', STR_TO_DATE('19/10/2022 15:00', '%d/%m/%Y %H:%i'), '75185578020', '49306803601');
INSERT INTO randevu VALUES ('937310736', 'Kontrol', STR_TO_DATE('17/07/2022 08:00', '%d/%m/%Y %H:%i'), '35047000816', '54552499146');
INSERT INTO randevu VALUES ('681806129', 'Kontrol', STR_TO_DATE('24/09/2022 10:00', '%d/%m/%Y %H:%i'), '32260818675', '71976035091');
INSERT INTO randevu VALUES ('408686896', 'Muayene', STR_TO_DATE('17/09/2022 08:00', '%d/%m/%Y %H:%i'), '35047000816', '90914279299');
INSERT INTO randevu VALUES ('184720433', 'Kontrol', STR_TO_DATE('03/08/2022 12:00', '%d/%m/%Y %H:%i'), '77516834695', '91678505007');
INSERT INTO randevu VALUES ('371702438', 'Ameliyat', STR_TO_DATE('13/11/2022 10:00', '%d/%m/%Y %H:%i'), '47093323344', '28814699818');
INSERT INTO randevu VALUES ('326354940', 'Ameliyat', STR_TO_DATE('09/11/2022 11:00', '%d/%m/%Y %H:%i'), '41696913198', '18836430541');
INSERT INTO randevu VALUES ('729007232', 'Kontrol', STR_TO_DATE('21/07/2022 08:00', '%d/%m/%Y %H:%i'), '16258131293', '63481840737');
INSERT INTO randevu VALUES ('458095924', 'Muayene', STR_TO_DATE('23/10/2022 14:00', '%d/%m/%Y %H:%i'), '36887418072', '24314496718');
INSERT INTO randevu VALUES ('366002313', 'Kontrol', STR_TO_DATE('08/09/2022 13:00', '%d/%m/%Y %H:%i'), '80501219129', '46251492535');
INSERT INTO randevu VALUES ('634058296', 'Kontrol', STR_TO_DATE('22/12/2022 14:00', '%d/%m/%Y %H:%i'), '68694064907', '81767890933');
INSERT INTO ilac VALUES ('Brilinta', 'Damar yoluyla (Igne)');
INSERT INTO ilac VALUES ('Naltrexone', 'Agizdan alinir (Sivi)');
INSERT INTO ilac VALUES ('Amlodipine', 'Damar yoluyla (Igne)');
INSERT INTO ilac VALUES ('Fentanyl Patch', 'Agizdan alinir (Kapsul)');
INSERT INTO ilac VALUES ('Atorvastatin', 'Agizdan alinir (surup)');
INSERT INTO ilac VALUES ('Amitriptyline', 'Damar yoluyla (Igne)');
INSERT INTO ilac VALUES ('Zubsolv', 'Deriye surulur (Losyon)');
INSERT INTO ilac VALUES ('Cyclobenzaprine', 'Agizdan alinir (Tablet)');
INSERT INTO ilac VALUES ('Bunavail', 'Deriye surulur (Losyon)');
INSERT INTO ilac VALUES ('Xanax', 'Agizdan alinir (Sivi)');
INSERT INTO ilac VALUES ('Entresto', 'Deriye surulur (Losyon)');
INSERT INTO ilac VALUES ('Fentanyl', 'Agizdan alinir (Tablet)');
INSERT INTO ilac VALUES ('Cephalexin', 'Damar yoluyla (Igne)');
INSERT INTO ilac VALUES ('Januvia', 'Deriye surulur (Losyon)');
INSERT INTO ilac VALUES ('Onpattro', 'Agizdan alinir (Kapsul)');
INSERT INTO ilac VALUES ('Adderall', 'Agizdan alinir (Sivi)');
INSERT INTO ilac VALUES ('Entyvio', 'Damar yoluyla (Igne)');
INSERT INTO ilac VALUES ('Benzonatate', 'Agizdan alinir (Sivi)');
INSERT INTO ilac VALUES ('Sublocade', 'Agizdan alinir (Kapsul)');
INSERT INTO ilac VALUES ('Melatonin', 'Agizdan alinir (surup)');
INSERT INTO rapor VALUES ('15873772','421675958','096:00:00','Rapor verildi.','Evlilik raporu');
INSERT INTO rapor VALUES ('87008838','671452151','048:00:00','Rapor verildi.','Is raporu');
INSERT INTO rapor VALUES ('23238735','770393154','024:00:00','Rapor verildi.','Ehliyet raporu');
INSERT INTO rapor VALUES ('22576789','484374046','144:00:00','Rapor verildi.','Ise giris raporu');
INSERT INTO rapor VALUES ('54914247','661184550','144:00:00','Rapor verildi.','Ehliyet raporu');
INSERT INTO rapor VALUES ('49519528','745836899','072:00:00','Rapor verildi.','Evlilik raporu');
INSERT INTO rapor VALUES ('94741618','870266447','240:00:00','Rapor verildi.','Ise giris raporu');
INSERT INTO rapor VALUES ('25776708','195922837','216:00:00','Rapor verildi.','Ise giris raporu');
INSERT INTO rapor VALUES ('16899249','803319066','024:00:00','Rapor verildi.','Evlilik raporu');
INSERT INTO rapor VALUES ('85039779','656874071','120:00:00','Rapor verildi.','Evlilik raporu');
INSERT INTO rapor VALUES ('65609818','999936812','336:00:00','Rapor verildi.','Ilac raporu');
INSERT INTO rapor VALUES ('26382513','187090661','264:00:00','Rapor verildi.','Ise giris raporu');
INSERT INTO rapor VALUES ('66301672','161771502','264:00:00','Rapor verildi.','Ehliyet raporu');
INSERT INTO rapor VALUES ('80611994','945856451','264:00:00','Rapor verildi.','Ise giris raporu');
INSERT INTO rapor VALUES ('41544785','726709215','024:00:00','Rapor verildi.','Is raporu');
INSERT INTO rapor VALUES ('80797526','190920001','120:00:00','Rapor verildi.','Evlilik raporu');
INSERT INTO rapor VALUES ('58542421','653022571','024:00:00','Rapor verildi.','Ilac raporu');
INSERT INTO rapor VALUES ('65669449','434167892','072:00:00','Rapor verildi.','Is raporu');
INSERT INTO rapor VALUES ('81001512','745836899','120:00:00','Rapor verildi.','Evlilik raporu');
INSERT INTO rapor VALUES ('49399435','226125992','312:00:00','Rapor verildi.','Ilac raporu');
INSERT INTO rapor VALUES ('13277859','932878769','144:00:00','Rapor verildi.','Ilac raporu');
INSERT INTO rapor VALUES ('51714848','729482348','336:00:00','Rapor verildi.','Ehliyet raporu');
INSERT INTO rapor VALUES ('57921634','554924545','120:00:00','Rapor verildi.','Ehliyet raporu');
INSERT INTO rapor VALUES ('97016534','932878769','096:00:00','Rapor verildi.','Evlilik raporu');
INSERT INTO rapor VALUES ('87106104','999936812','336:00:00','Rapor verildi.','Evlilik raporu');
INSERT INTO rapor VALUES ('57259107','270943756','048:00:00','Rapor verildi.','Ehliyet raporu');
INSERT INTO rapor VALUES ('29481425','161771502','288:00:00','Rapor verildi.','Ise giris raporu');
INSERT INTO rapor VALUES ('33498486','671452151','168:00:00','Rapor verildi.','Ise giris raporu');
INSERT INTO rapor VALUES ('31141319','478759085','336:00:00','Rapor verildi.','Is raporu');
INSERT INTO rapor VALUES ('19409689','983134583','336:00:00','Rapor verildi.','Evlilik raporu');
INSERT INTO rapor VALUES ('42180722','542555784','336:00:00','Rapor verildi.','Ilac raporu');
INSERT INTO rapor VALUES ('84526774','141761469','072:00:00','Rapor verildi.','Ehliyet raporu');
INSERT INTO rapor VALUES ('40394107','190920001','240:00:00','Rapor verildi.','Is raporu');
INSERT INTO rapor VALUES ('59971072','752298055','024:00:00','Rapor verildi.','Is raporu');
INSERT INTO rapor VALUES ('28669058','521499008','288:00:00','Rapor verildi.','Ilac raporu');
INSERT INTO rapor VALUES ('40801538','997417261','024:00:00','Rapor verildi.','Ilac raporu');
INSERT INTO rapor VALUES ('35984806','965475458','168:00:00','Rapor verildi.','Ise giris raporu');
INSERT INTO rapor VALUES ('84405262','434167892','048:00:00','Rapor verildi.','Ehliyet raporu');
INSERT INTO rapor VALUES ('75596588','113138253','312:00:00','Rapor verildi.','Is raporu');
INSERT INTO rapor VALUES ('36425025','661184550','288:00:00','Rapor verildi.','Is raporu');
INSERT INTO hastalik VALUES ('12048805', '567272967', 'Panik atak', 'Bas Donmesi', 'Akciger Hastaligi');
INSERT INTO hastalik VALUES ('81431510', '220405282', 'Kemik veremi', 'Kasinti', 'Sac Hastaligi');
INSERT INTO hastalik VALUES ('21376712', '716734468', 'Bobrek iltihabi', 'Ciltte Kuruluk', 'Bobrek Hastaligi');
INSERT INTO hastalik VALUES ('35759224', '516226817', 'Husye torbasi sisligi', 'Kasinti', 'Bagirsak Hastaligi');
INSERT INTO hastalik VALUES ('95980049', '332134377', 'Beyzbol Parmagi', 'Burun Tikanikligi', 'Goz Hastaligi');
INSERT INTO hastalik VALUES ('25119261', '196097693', 'HIV', 'Bogazda Hafif Agri', 'Eklem Hastaligi');
INSERT INTO hastalik VALUES ('13452905', '392847761', 'Gunes carpmasi', 'Bas Donmesi', 'Eklem Hastaligi');
INSERT INTO hastalik VALUES ('32843930', '580124804', 'Bademcik iltihabi', 'Bas Agrisi', 'Bobrek Hastaligi');
INSERT INTO hastalik VALUES ('56114610', '602377715', 'Carpinti', 'Yanma Hissi', 'Kalp Hastaligi');
INSERT INTO hastalik VALUES ('88152675', '150391414', 'Yilan sokmasi', 'Eklem Agrisi', 'Burun Hastaligi');
INSERT INTO hastalik VALUES ('55588552', '656535197', 'Hirsutizm', 'Kulak Cinlamasi', 'Eklem Hastaligi');
INSERT INTO hastalik VALUES ('11759146', '312360208', 'Seker hastaligi', 'Bas Agrisi', 'Eklem Hastaligi');
INSERT INTO hastalik VALUES ('21775191', '366390685', 'Fabry', 'Yorgunluk', 'Eklem Hastaligi');
INSERT INTO hastalik VALUES ('48795827', '651982782', 'Burun tikanikligi', 'Bas Agrisi', 'Bobrek Hastaligi');
INSERT INTO hastalik VALUES ('37735885', '893248118', 'Adenit', 'Yorgunluk', 'Goz Hastaligi');
INSERT INTO hastalik VALUES ('10164040', '675816347', 'Nefes kokusu', 'Burun Tikanikligi', 'Akciger Hastaligi');
INSERT INTO hastalik VALUES ('60978041', '634058296', 'Romatizma', 'Yorgunluk', 'Karaciger Hastaligi');
INSERT INTO hastalik VALUES ('13890076', '962942919', 'Bronsit', 'Kulak Cinlamasi', 'Eklem Hastaligi');
INSERT INTO hastalik VALUES ('93440381', '549764650', 'Burun kanamasi', 'Burun Tikanikligi', 'Burun Hastaligi');
INSERT INTO hastalik VALUES ('41535080', '622583565', 'Damar sertligi', 'Bogazda Hafif Agri', 'Kulak Hastaligi');
INSERT INTO tahlil VALUES('51980264', '539495659', './loading.gif', 'Tahlil sonucunda gerekli recete verilmistir.', 'Patoloji Tahlili');
INSERT INTO tahlil VALUES('41898215', '784545595', './loading.gif', 'Tahlil sonucunda gerekli recete verilmistir.', 'Mikroskopi Tahlili');
INSERT INTO tahlil VALUES('15258284', '190920001', './loading.gif', 'Tahlil sonucunda gerekli recete verilmistir.', 'Radyolojik Tahlili');
INSERT INTO tahlil VALUES('83104165', '642248019', './loading.gif', 'Tahlil sonucunda gerekli recete verilmistir.', 'Radyolojik Tahlili');
INSERT INTO tahlil VALUES('67624080', '752298055', './loading.gif', 'Tahlil sonucunda gerekli recete verilmistir.', 'Radyolojik Tahlili');
INSERT INTO tahlil VALUES('60825748', '141761469', './loading.gif', 'Tahlil sonucunda gerekli recete verilmistir.', 'Patoloji Tahlili');
INSERT INTO tahlil VALUES('82976031', '293277451', './loading.gif', 'Tahlil sonucunda gerekli recete verilmistir.', 'Patoloji Tahlili');
INSERT INTO tahlil VALUES('68681974', '685918882', './loading.gif', 'Tahlil sonucunda gerekli recete verilmistir.', 'Kan Tahlili');
INSERT INTO tahlil VALUES('88150768', '832701346', './loading.gif', 'Tahlil sonucunda gerekli recete verilmistir.', 'Kan Tahlili');
INSERT INTO tahlil VALUES('67276906', '653022571', './loading.gif', 'Tahlil sonucunda gerekli recete verilmistir.', 'Mikroskopi Tahlili');
INSERT INTO recete VALUES ('88190220', '962337106', 'Januvia', 'Buruna Sikilacak', 'Yesil', 'Gunde 3', '2 Kez');
INSERT INTO recete VALUES ('14441372', '286922285', 'Amlodipine', 'Yuze Surulecek', 'Yesil', 'Gunde 1', '3 Kez');
INSERT INTO recete VALUES ('85686173', '962337106', 'Adderall', 'Buruna Sikilacak', 'Mor', 'Gunde 1', '3 Kez');
INSERT INTO recete VALUES ('69448978', '114150953', 'Fentanyl Patch', 'Agizdan Alinacak', 'Kirmizi', 'Gunde 2', '4 Kez');
INSERT INTO recete VALUES ('43013752', '966314920', 'Fentanyl', 'Yuze Surulecek', 'Kirmizi', 'Gunde 1', '3 Kez');
INSERT INTO recete VALUES ('67350186', '100314754', 'Fentanyl', 'Boyuna Surulecek', 'Turuncu', 'Gunde 3', '3 Kez');
INSERT INTO recete VALUES ('12836236', '745836899', 'Onpattro', 'Yuze Surulecek', 'Turuncu', 'Gunde 2', '1 Kez');
INSERT INTO recete VALUES ('44250960', '997417261', 'Benzonatate', 'Dize Surulecek', 'Mor', 'Gunde 2', '3 Kez');
INSERT INTO recete VALUES ('32337811', '190920001', 'Cephalexin', 'Yuze Surulecek', 'Yesil', 'Gunde 1', '1 Kez');
INSERT INTO recete VALUES ('87094618', '653022571', 'Naltrexone', 'Agizdan Alinacak', 'Mor', 'Gunde 1', '3 Kez');
