INSERT INTO hasta VALUES ('14892796540', 'Ozden', 'Kunter', 'B Rh-', 'E', 178, 59, STR_TO_DATE('26/03/1991', '%d/%m/%Y'));
INSERT INTO hasta VALUES ('22867687980', 'Ela', 'Ayverdi', 'B Rh-', 'E', 184, 81, STR_TO_DATE('26/08/1966', '%d/%m/%Y'));
INSERT INTO hasta VALUES ('28515436085', 'Fikri', 'Tunceri', 'B Rh+', 'K', 163, 83, STR_TO_DATE('05/08/1967', '%d/%m/%Y'));
INSERT INTO hasta VALUES ('72969110000', 'Selen', 'Tunceri', 'B Rh-', 'K', 195, 99, STR_TO_DATE('03/06/1946', '%d/%m/%Y'));
INSERT INTO hasta VALUES ('99177804652', 'Barlas', 'Kocoglu', 'B Rh-', 'K', 161, 106, STR_TO_DATE('25/08/1963', '%d/%m/%Y'));
INSERT INTO hasta VALUES ('89013079441', 'Necib', 'Oraloglu', 'B Rh+', 'E', 174, 66, STR_TO_DATE('07/09/1957', '%d/%m/%Y'));
INSERT INTO hasta VALUES ('50568152076', 'Hasan', 'Oraloglu', 'B Rh-', 'K', 182, 88, STR_TO_DATE('11/02/1991', '%d/%m/%Y'));
INSERT INTO hasta VALUES ('79342041393', 'Mir', 'Kunter', 'B Rh+', 'E', 175, 83, STR_TO_DATE('25/01/1956', '%d/%m/%Y'));
INSERT INTO hasta VALUES ('53429385545', 'Adnân', 'Oraloglu', 'AB Rh+', 'K', 164, 85, STR_TO_DATE('07/02/1993', '%d/%m/%Y'));
INSERT INTO hasta VALUES ('97564477242', 'Ozden', 'Oraloglu', 'AB Rh+', 'E', 174, 107, STR_TO_DATE('19/01/1914', '%d/%m/%Y'));
INSERT INTO hasta VALUES ('44386477875', 'Adel', 'Kucukler', 'A Rh+', 'E', 172, 93, STR_TO_DATE('02/02/1956', '%d/%m/%Y'));
INSERT INTO hasta VALUES ('80588239686', 'Sadullah', 'Oraloglu', 'AB Rh+', 'K', 163, 50, STR_TO_DATE('19/12/1923', '%d/%m/%Y'));
INSERT INTO hasta VALUES ('48352382923', 'Miray', 'Tunceri', 'A Rh-', 'K', 186, 61, STR_TO_DATE('28/01/1916', '%d/%m/%Y'));
INSERT INTO hasta VALUES ('36143173347', 'Gulden', 'Kunter', 'A Rh-', 'K', 184, 104, STR_TO_DATE('14/08/2003', '%d/%m/%Y'));
INSERT INTO hasta VALUES ('46094285150', 'Yasin', 'Kocoglu', 'A Rh-', 'E', 198, 76, STR_TO_DATE('02/09/1969', '%d/%m/%Y'));
INSERT INTO hasta VALUES ('53998532494', 'Aytekin', 'Kunter', 'A Rh+', 'K', 168, 78, STR_TO_DATE('03/05/1964', '%d/%m/%Y'));
INSERT INTO hasta VALUES ('39779957543', 'Ferhat', 'Kocoglu', 'AB Rh+', 'K', 165, 89, STR_TO_DATE('29/08/2001', '%d/%m/%Y'));
INSERT INTO hasta VALUES ('17321610195', 'Dundar', 'Kucukler', 'B Rh-', 'E', 198, 103, STR_TO_DATE('18/04/1930', '%d/%m/%Y'));
INSERT INTO hasta VALUES ('52692438259', 'Imge', 'Kucukler', 'AB Rh-', 'E', 158, 68, STR_TO_DATE('15/10/1912', '%d/%m/%Y'));
INSERT INTO hasta VALUES ('83228834201', 'Fulden', 'Kocoglu', 'AB Rh+', 'K', 159, 75, STR_TO_DATE('26/12/1919', '%d/%m/%Y'));
INSERT INTO hasta VALUES ('35410107084', 'Muammer', 'Kunter', 'AB Rh+', 'E', 156, 91, STR_TO_DATE('14/05/1995', '%d/%m/%Y'));
INSERT INTO hasta VALUES ('60795074985', 'Sengul', 'Kunter', 'AB Rh-', 'E', 178, 94, STR_TO_DATE('14/10/1960', '%d/%m/%Y'));
INSERT INTO hasta VALUES ('99242923854', 'Ece', 'Ayverdi', 'AB Rh+', 'E', 194, 94, STR_TO_DATE('14/10/1988', '%d/%m/%Y'));
INSERT INTO hasta VALUES ('49433244975', 'Gokben', 'Kocoglu', 'B Rh-', 'K', 188, 92, STR_TO_DATE('21/01/1956', '%d/%m/%Y'));
INSERT INTO hasta VALUES ('70918775125', 'Mirac', 'Kunter', 'B Rh-', 'E', 160, 86, STR_TO_DATE('23/10/1928', '%d/%m/%Y'));
INSERT INTO hasta VALUES ('74607814983', 'Seyyit', 'Tunceri', 'B Rh+', 'K', 158, 87, STR_TO_DATE('24/05/1965', '%d/%m/%Y'));
INSERT INTO hasta VALUES ('64892838285', 'Zerrin', 'Oraloglu', 'A Rh+', 'E', 199, 73, STR_TO_DATE('21/07/1948', '%d/%m/%Y'));
INSERT INTO hasta VALUES ('20040763519', 'Huma', 'Tunceri', 'A Rh-', 'K', 158, 75, STR_TO_DATE('29/10/1922', '%d/%m/%Y'));
INSERT INTO hasta VALUES ('41619254357', 'Guvenalp', 'Kocoglu', 'AB Rh+', 'K', 187, 87, STR_TO_DATE('26/12/1927', '%d/%m/%Y'));
INSERT INTO hasta VALUES ('62110219266', 'Hakem', 'Tunceri', 'A Rh-', 'K', 164, 65, STR_TO_DATE('15/05/1945', '%d/%m/%Y'));
INSERT INTO hasta VALUES ('43147495783', 'Usame', 'Kucukler', 'A Rh+', 'K', 193, 106, STR_TO_DATE('06/04/1958', '%d/%m/%Y'));
INSERT INTO hasta VALUES ('40314071914', 'Selahattin', 'Kucukler', 'B Rh-', 'K', 182, 63, STR_TO_DATE('01/07/1998', '%d/%m/%Y'));
INSERT INTO hasta VALUES ('47764345446', 'Eren', 'Kucukler', 'AB Rh-', 'K', 158, 53, STR_TO_DATE('10/01/2001', '%d/%m/%Y'));
INSERT INTO hasta VALUES ('12353460072', 'Deste', 'Kunter', 'B Rh+', 'K', 177, 94, STR_TO_DATE('03/06/1979', '%d/%m/%Y'));
INSERT INTO hasta VALUES ('80633619846', 'Pakize', 'Oraloglu', 'A Rh+', 'E', 184, 67, STR_TO_DATE('03/07/1955', '%d/%m/%Y'));
INSERT INTO hasta VALUES ('43519039570', 'Hale', 'Tunceri', 'A Rh+', 'E', 182, 64, STR_TO_DATE('05/10/2000', '%d/%m/%Y'));
INSERT INTO hasta VALUES ('62423967416', 'Belcim', 'Kunter', 'B Rh+', 'K', 170, 104, STR_TO_DATE('08/04/1931', '%d/%m/%Y'));
INSERT INTO hasta VALUES ('57281629259', 'Acar', 'Kocoglu', 'AB Rh+', 'K', 173, 73, STR_TO_DATE('25/09/1940', '%d/%m/%Y'));
INSERT INTO hasta VALUES ('28025989219', 'Emrullah', 'Oraloglu', 'A Rh+', 'K', 184, 63, STR_TO_DATE('13/07/1941', '%d/%m/%Y'));
INSERT INTO hasta VALUES ('60326895347', 'Nukhet', 'Kocoglu', 'B Rh-', 'E', 169, 71, STR_TO_DATE('08/02/1991', '%d/%m/%Y'));
INSERT INTO hasta VALUES ('70869233735', 'Zuleyha', 'Oraloglu', 'B Rh-', 'E', 190, 67, STR_TO_DATE('27/09/1924', '%d/%m/%Y'));
INSERT INTO hasta VALUES ('79155391902', 'Kiymet', 'Kocoglu', 'AB Rh-', 'E', 164, 56, STR_TO_DATE('20/11/1952', '%d/%m/%Y'));
INSERT INTO hasta VALUES ('42997953351', 'Lerzan', 'Kucukler', 'A Rh+', 'K', 165, 69, STR_TO_DATE('01/05/1964', '%d/%m/%Y'));
INSERT INTO hasta VALUES ('66492363054', 'Atakan', 'Tunceri', 'AB Rh-', 'E', 174, 74, STR_TO_DATE('07/04/1925', '%d/%m/%Y'));
INSERT INTO hasta VALUES ('94499895028', 'Bedran', 'Kocoglu', 'A Rh+', 'E', 169, 78, STR_TO_DATE('05/05/1987', '%d/%m/%Y'));
INSERT INTO hasta VALUES ('29836462237', 'Reyhan', 'Kunter', 'A Rh-', 'E', 186, 95, STR_TO_DATE('13/01/2009', '%d/%m/%Y'));
INSERT INTO hasta VALUES ('88256108357', 'Kiymet', 'Tunceri', 'AB Rh-', 'K', 160, 82, STR_TO_DATE('15/01/1937', '%d/%m/%Y'));
INSERT INTO hasta VALUES ('34088847288', 'Habib', 'Oraloglu', 'B Rh-', 'E', 171, 73, STR_TO_DATE('02/03/1912', '%d/%m/%Y'));
INSERT INTO hasta VALUES ('57950826962', 'Anise', 'Tunceri', 'AB Rh+', 'K', 165, 85, STR_TO_DATE('28/06/1956', '%d/%m/%Y'));
INSERT INTO hasta VALUES ('25707830819', 'Ferda', 'Kocoglu', 'A Rh+', 'E', 191, 57, STR_TO_DATE('22/10/1925', '%d/%m/%Y'));
INSERT INTO hasta VALUES ('86786856174', 'Anita', 'Kocoglu', 'A Rh+', 'E', 178, 99, STR_TO_DATE('09/02/1943', '%d/%m/%Y'));
INSERT INTO hasta VALUES ('25487489779', 'Okan', 'Kucukler', 'B Rh-', 'E', 160, 91, STR_TO_DATE('15/03/1916', '%d/%m/%Y'));
INSERT INTO hasta VALUES ('19396667168', 'Seden', 'Kocoglu', 'B Rh+', 'E', 156, 104, STR_TO_DATE('09/02/1939', '%d/%m/%Y'));
INSERT INTO hasta VALUES ('72381441528', 'Gulsen', 'Oraloglu', 'A Rh+', 'E', 161, 103, STR_TO_DATE('26/01/1956', '%d/%m/%Y'));
INSERT INTO hasta VALUES ('48270727070', 'Melike', 'Oraloglu', 'A Rh-', 'K', 168, 89, STR_TO_DATE('26/10/1983', '%d/%m/%Y'));
INSERT INTO hasta VALUES ('93106399792', 'Bedreddin', 'Kocoglu', 'B Rh-', 'K', 193, 80, STR_TO_DATE('18/05/1966', '%d/%m/%Y'));
INSERT INTO hasta VALUES ('55324980639', 'Samed', 'Oraloglu', 'B Rh-', 'K', 195, 109, STR_TO_DATE('08/02/1927', '%d/%m/%Y'));
INSERT INTO hasta VALUES ('92001702232', 'Funda', 'Kocoglu', 'AB Rh+', 'E', 170, 58, STR_TO_DATE('22/03/1956', '%d/%m/%Y'));
INSERT INTO hasta VALUES ('72927040822', 'Sadettin', 'Kucukler', 'B Rh-', 'E', 161, 73, STR_TO_DATE('18/08/2007', '%d/%m/%Y'));
INSERT INTO hasta VALUES ('84489009878', 'Ece', 'Kocoglu', 'B Rh+', 'E', 194, 52, STR_TO_DATE('25/01/2008', '%d/%m/%Y'));
INSERT INTO hasta VALUES ('95203252672', 'Elcin', 'Ayverdi', 'AB Rh+', 'K', 155, 62, STR_TO_DATE('25/04/1912', '%d/%m/%Y'));
INSERT INTO hasta VALUES ('29770372338', 'Yumni', 'Tunceri', 'B Rh+', 'E', 165, 104, STR_TO_DATE('15/04/1996', '%d/%m/%Y'));
INSERT INTO hasta VALUES ('37525001145', 'Behcet', 'Kucukler', 'A Rh-', 'E', 191, 87, STR_TO_DATE('12/05/1985', '%d/%m/%Y'));
INSERT INTO hasta VALUES ('41739793223', 'Ziya', 'Ayverdi', 'A Rh-', 'E', 180, 50, STR_TO_DATE('25/02/1966', '%d/%m/%Y'));
INSERT INTO hasta VALUES ('21770230896', 'Fureyya', 'Oraloglu', 'A Rh-', 'E', 170, 63, STR_TO_DATE('07/09/1970', '%d/%m/%Y'));
INSERT INTO hasta VALUES ('41013660933', 'Nergis', 'Oraloglu', 'A Rh+', 'K', 161, 64, STR_TO_DATE('17/08/1917', '%d/%m/%Y'));
INSERT INTO hasta VALUES ('84996051906', 'Neslisah', 'Oraloglu', 'B Rh+', 'E', 162, 74, STR_TO_DATE('18/12/1965', '%d/%m/%Y'));
INSERT INTO hasta VALUES ('46369470840', 'Muzaffer', 'Kucukler', 'A Rh+', 'K', 179, 106, STR_TO_DATE('01/12/1946', '%d/%m/%Y'));
INSERT INTO hasta VALUES ('73760687190', 'Serap', 'Tunceri', 'AB Rh+', 'E', 183, 103, STR_TO_DATE('21/06/1960', '%d/%m/%Y'));
INSERT INTO hasta VALUES ('13629352396', 'Fusun', 'Tunceri', 'AB Rh-', 'K', 190, 72, STR_TO_DATE('28/02/1957', '%d/%m/%Y'));
INSERT INTO hasta VALUES ('88502376791', 'Seyfullah', 'Tunceri', 'A Rh+', 'K', 179, 71, STR_TO_DATE('22/10/1970', '%d/%m/%Y'));
INSERT INTO hasta VALUES ('11891047251', 'Zihnî', 'Tunceri', 'A Rh+', 'K', 198, 91, STR_TO_DATE('27/10/1945', '%d/%m/%Y'));
INSERT INTO hasta VALUES ('90266814267', 'Celasun', 'Tunceri', 'AB Rh+', 'K', 186, 106, STR_TO_DATE('10/01/1981', '%d/%m/%Y'));
INSERT INTO hasta VALUES ('44165235937', 'Mert', 'Oraloglu', 'AB Rh+', 'K', 164, 65, STR_TO_DATE('04/06/2001', '%d/%m/%Y'));
INSERT INTO hasta VALUES ('71359370953', 'Ilker', 'Ayverdi', 'A Rh-', 'K', 188, 97, STR_TO_DATE('19/01/1981', '%d/%m/%Y'));
INSERT INTO hasta VALUES ('56046102115', 'Cagrihan', 'Oraloglu', 'B Rh-', 'E', 194, 102, STR_TO_DATE('18/09/2006', '%d/%m/%Y'));
INSERT INTO hasta VALUES ('46481564855', 'Behzat', 'Tunceri', 'B Rh-', 'E', 193, 68, STR_TO_DATE('12/02/1942', '%d/%m/%Y'));
INSERT INTO hasta VALUES ('86068689368', 'Ismail', 'Kucukler', 'A Rh+', 'E', 177, 73, STR_TO_DATE('18/11/2007', '%d/%m/%Y'));
INSERT INTO hasta VALUES ('18827175207', 'Belcim', 'Ayverdi', 'AB Rh+', 'E', 174, 84, STR_TO_DATE('03/12/1963', '%d/%m/%Y'));
INSERT INTO hasta VALUES ('19262656013', 'Guven', 'Kocoglu', 'A Rh+', 'K', 188, 78, STR_TO_DATE('27/06/1982', '%d/%m/%Y'));
INSERT INTO hasta VALUES ('54661052700', 'Seyyit', 'Kunter', 'B Rh+', 'K', 188, 56, STR_TO_DATE('27/01/2003', '%d/%m/%Y'));
INSERT INTO hasta VALUES ('34632070186', 'Daghan', 'Kunter', 'A Rh-', 'E', 179, 104, STR_TO_DATE('06/07/1960', '%d/%m/%Y'));
INSERT INTO hasta VALUES ('77489572679', 'Cagri', 'Kucukler', 'A Rh+', 'K', 162, 54, STR_TO_DATE('13/10/1969', '%d/%m/%Y'));
INSERT INTO hasta VALUES ('49218192748', 'Hani', 'Kocoglu', 'A Rh+', 'E', 160, 64, STR_TO_DATE('09/10/1938', '%d/%m/%Y'));
INSERT INTO hasta VALUES ('32514932876', 'Turkan', 'Kocoglu', 'AB Rh+', 'E', 169, 65, STR_TO_DATE('17/08/1916', '%d/%m/%Y'));
INSERT INTO hasta VALUES ('45410904853', 'Kadriye', 'Tunceri', 'AB Rh+', 'E', 174, 106, STR_TO_DATE('23/06/2000', '%d/%m/%Y'));
INSERT INTO hasta VALUES ('91506423236', 'Sule', 'Kunter', 'AB Rh-', 'K', 186, 101, STR_TO_DATE('03/02/1993', '%d/%m/%Y'));
INSERT INTO hasta VALUES ('94619256963', 'Tarkan', 'Kocoglu', 'B Rh+', 'E', 173, 75, STR_TO_DATE('01/11/1963', '%d/%m/%Y'));
INSERT INTO hasta VALUES ('99976548216', 'Tarkan', 'Kucukler', 'B Rh-', 'E', 159, 96, STR_TO_DATE('03/01/1940', '%d/%m/%Y'));
INSERT INTO hasta VALUES ('88706977866', 'Deste', 'Kunter', 'AB Rh-', 'K', 198, 70, STR_TO_DATE('12/12/1973', '%d/%m/%Y'));
INSERT INTO hasta VALUES ('96480423141', 'Cagrihan', 'Tunceri', 'A Rh-', 'K', 160, 82, STR_TO_DATE('12/01/2005', '%d/%m/%Y'));
INSERT INTO hasta VALUES ('64169649108', 'Emin', 'Kunter', 'A Rh-', 'E', 189, 67, STR_TO_DATE('17/02/1933', '%d/%m/%Y'));
INSERT INTO hasta VALUES ('89262177625', 'Nisa', 'Tunceri', 'A Rh-', 'K', 186, 94, STR_TO_DATE('16/06/1962', '%d/%m/%Y'));
INSERT INTO hasta VALUES ('23661559729', 'Besra', 'Kucukler', 'A Rh-', 'E', 194, 82, STR_TO_DATE('22/03/1958', '%d/%m/%Y'));
INSERT INTO hasta VALUES ('45370197540', 'Zekeriyyâ', 'Ayverdi', 'B Rh-', 'K', 161, 59, STR_TO_DATE('04/02/1923', '%d/%m/%Y'));
INSERT INTO hasta VALUES ('70929781601', 'Jale', 'Kunter', 'A Rh-', 'K', 162, 100, STR_TO_DATE('13/04/1962', '%d/%m/%Y'));
INSERT INTO hasta VALUES ('37138212018', 'Fehmi', 'Kucukler', 'B Rh+', 'E', 181, 106, STR_TO_DATE('10/03/1987', '%d/%m/%Y'));
INSERT INTO hasta VALUES ('36526683971', 'Yonca', 'Ayverdi', 'B Rh-', 'E', 156, 103, STR_TO_DATE('14/11/1927', '%d/%m/%Y'));
INSERT INTO hasta VALUES ('89943006903', 'Yonca', 'Oraloglu', 'A Rh+', 'K', 165, 102, STR_TO_DATE('21/07/1974', '%d/%m/%Y'));
INSERT INTO hasta VALUES ('98697980343', 'Cigil', 'Oraloglu', 'A Rh+', 'K', 181, 76, STR_TO_DATE('21/11/1922', '%d/%m/%Y'));
INSERT INTO hasta VALUES ('93821866150', 'Isil', 'Kunter', 'B Rh-', 'K', 162, 55, STR_TO_DATE('11/09/1931', '%d/%m/%Y'));
INSERT INTO hasta VALUES ('51814339294', 'Bediz', 'Ayverdi', 'AB Rh+', 'E', 176, 53, STR_TO_DATE('06/03/1965', '%d/%m/%Y'));
INSERT INTO hasta VALUES ('80020655351', 'Ceren', 'Oraloglu', 'A Rh-', 'E', 193, 66, STR_TO_DATE('21/01/1998', '%d/%m/%Y'));
INSERT INTO hasta VALUES ('78835449552', 'Dilan', 'Kunter', 'B Rh-', 'K', 163, 89, STR_TO_DATE('06/02/1945', '%d/%m/%Y'));
INSERT INTO hasta VALUES ('10241753111', 'Dincer', 'Kucukler', 'AB Rh-', 'K', 199, 101, STR_TO_DATE('18/09/1991', '%d/%m/%Y'));
INSERT INTO hasta VALUES ('20971461674', 'Ismet', 'Kocoglu', 'A Rh+', 'E', 169, 107, STR_TO_DATE('28/04/1935', '%d/%m/%Y'));
INSERT INTO hasta VALUES ('74365929978', 'Âmir', 'Oraloglu', 'B Rh-', 'K', 186, 99, STR_TO_DATE('02/12/1930', '%d/%m/%Y'));
INSERT INTO hasta VALUES ('61725179366', 'Benice', 'Ayverdi', 'A Rh+', 'E', 196, 102, STR_TO_DATE('17/09/1991', '%d/%m/%Y'));
INSERT INTO hasta VALUES ('21420685189', 'Bade', 'Oraloglu', 'B Rh+', 'K', 169, 68, STR_TO_DATE('22/01/1914', '%d/%m/%Y'));
INSERT INTO hasta VALUES ('96033642570', 'Bade', 'Oraloglu', 'AB Rh+', 'K', 179, 96, STR_TO_DATE('27/09/1998', '%d/%m/%Y'));
INSERT INTO hasta VALUES ('18095176766', 'Ozden', 'Ayverdi', 'AB Rh-', 'E', 198, 104, STR_TO_DATE('03/06/1930', '%d/%m/%Y'));
INSERT INTO hasta VALUES ('92798648036', 'Cangul', 'Ayverdi', 'A Rh+', 'E', 196, 63, STR_TO_DATE('21/05/2004', '%d/%m/%Y'));
INSERT INTO hasta VALUES ('61711772790', 'Neset', 'Kocoglu', 'B Rh-', 'E', 197, 72, STR_TO_DATE('13/07/1939', '%d/%m/%Y'));
INSERT INTO hasta VALUES ('15175757200', 'Yuksel', 'Kocoglu', 'A Rh+', 'K', 190, 72, STR_TO_DATE('25/07/1974', '%d/%m/%Y'));
INSERT INTO hasta VALUES ('69936930204', 'Zulal', 'Oraloglu', 'A Rh+', 'K', 175, 64, STR_TO_DATE('15/05/1991', '%d/%m/%Y'));
INSERT INTO hasta VALUES ('83274894934', 'Kenan', 'Kucukler', 'B Rh-', 'K', 167, 67, STR_TO_DATE('11/03/1928', '%d/%m/%Y'));
INSERT INTO hasta VALUES ('47049576038', 'Zulal', 'Ayverdi', 'AB Rh-', 'K', 163, 84, STR_TO_DATE('22/04/1944', '%d/%m/%Y'));
INSERT INTO hasta VALUES ('27089590822', 'Avni', 'Oraloglu', 'B Rh-', 'E', 186, 102, STR_TO_DATE('20/03/1972', '%d/%m/%Y'));
INSERT INTO hasta VALUES ('26617797022', 'Muaz', 'Kocoglu', 'AB Rh-', 'K', 197, 91, STR_TO_DATE('16/10/1997', '%d/%m/%Y'));
INSERT INTO hasta VALUES ('30463332302', 'Muge', 'Kocoglu', 'A Rh+', 'K', 191, 56, STR_TO_DATE('24/06/1915', '%d/%m/%Y'));
INSERT INTO hasta VALUES ('14580047215', 'Firdevs', 'Kunter', 'B Rh-', 'K', 164, 94, STR_TO_DATE('23/07/1964', '%d/%m/%Y'));
INSERT INTO hasta VALUES ('11237740799', 'Emel', 'Kucukler', 'B Rh+', 'E', 183, 95, STR_TO_DATE('23/06/1944', '%d/%m/%Y'));
INSERT INTO hasta VALUES ('63536107997', 'Gazanfer', 'Tunceri', 'A Rh-', 'K', 169, 74, STR_TO_DATE('10/05/1954', '%d/%m/%Y'));
INSERT INTO hasta VALUES ('25308524124', 'Tayfun', 'Kucukler', 'AB Rh-', 'K', 155, 106, STR_TO_DATE('26/06/1992', '%d/%m/%Y'));
INSERT INTO hasta VALUES ('45785212307', 'Lamia', 'Tunceri', 'AB Rh+', 'K', 180, 57, STR_TO_DATE('29/07/1915', '%d/%m/%Y'));
INSERT INTO hasta VALUES ('56043106673', 'Deste', 'Kocoglu', 'A Rh+', 'K', 186, 105, STR_TO_DATE('16/02/1920', '%d/%m/%Y'));
INSERT INTO hasta VALUES ('85983542233', 'Veli', 'Oraloglu', 'A Rh+', 'K', 193, 85, STR_TO_DATE('05/03/1974', '%d/%m/%Y'));
INSERT INTO hasta VALUES ('72044584050', 'Berre', 'Kocoglu', 'AB Rh+', 'K', 161, 68, STR_TO_DATE('01/09/1918', '%d/%m/%Y'));
INSERT INTO hasta VALUES ('82663220495', 'Muesser', 'Kunter', 'AB Rh-', 'K', 156, 77, STR_TO_DATE('09/07/1982', '%d/%m/%Y'));
INSERT INTO hasta VALUES ('25432642523', 'Ulku', 'Ayverdi', 'AB Rh+', 'E', 164, 70, STR_TO_DATE('09/04/1960', '%d/%m/%Y'));
INSERT INTO hasta VALUES ('17486381826', 'Ceyla', 'Kocoglu', 'A Rh-', 'E', 176, 75, STR_TO_DATE('22/06/1934', '%d/%m/%Y'));
INSERT INTO hasta VALUES ('90125524150', 'Zeliha', 'Tunceri', 'A Rh-', 'K', 173, 105, STR_TO_DATE('20/01/2003', '%d/%m/%Y'));
INSERT INTO hasta VALUES ('80636968911', 'Muhterem', 'Kocoglu', 'B Rh-', 'K', 182, 69, STR_TO_DATE('02/09/1928', '%d/%m/%Y'));
INSERT INTO hasta VALUES ('90985403460', 'Derya', 'Oraloglu', 'B Rh-', 'E', 178, 96, STR_TO_DATE('03/12/1992', '%d/%m/%Y'));
INSERT INTO hasta VALUES ('83642377745', 'Alvina', 'Kunter', 'AB Rh+', 'K', 156, 86, STR_TO_DATE('21/03/1985', '%d/%m/%Y'));
INSERT INTO hasta VALUES ('56204028387', 'Ahenk', 'Tunceri', 'A Rh+', 'E', 168, 92, STR_TO_DATE('26/02/1921', '%d/%m/%Y'));
INSERT INTO hasta VALUES ('89313622859', 'Enise', 'Kucukler', 'AB Rh+', 'K', 194, 82, STR_TO_DATE('29/01/1951', '%d/%m/%Y'));
INSERT INTO hasta VALUES ('68412687997', 'Ferhan', 'Ayverdi', 'AB Rh-', 'K', 164, 104, STR_TO_DATE('09/03/1964', '%d/%m/%Y'));
INSERT INTO hasta VALUES ('23593509952', 'Nehir', 'Tunceri', 'B Rh+', 'E', 172, 55, STR_TO_DATE('02/09/1935', '%d/%m/%Y'));
INSERT INTO hasta VALUES ('48733508669', 'Imran', 'Kunter', 'B Rh+', 'K', 156, 96, STR_TO_DATE('25/06/1969', '%d/%m/%Y'));
INSERT INTO hasta VALUES ('52022820994', 'Hilmi', 'Kocoglu', 'A Rh-', 'E', 180, 106, STR_TO_DATE('08/01/1968', '%d/%m/%Y'));
INSERT INTO hasta VALUES ('89969250186', 'Himmet', 'Kucukler', 'B Rh-', 'K', 186, 90, STR_TO_DATE('09/03/1981', '%d/%m/%Y'));
INSERT INTO hasta VALUES ('72504315899', 'Evran', 'Ayverdi', 'A Rh+', 'E', 196, 83, STR_TO_DATE('28/03/1984', '%d/%m/%Y'));
INSERT INTO hasta VALUES ('13970319334', 'Amelya', 'Tunceri', 'B Rh-', 'K', 159, 89, STR_TO_DATE('29/12/1938', '%d/%m/%Y'));
INSERT INTO hasta VALUES ('69091858325', 'Sema', 'Kocoglu', 'A Rh+', 'K', 170, 108, STR_TO_DATE('21/09/1956', '%d/%m/%Y'));
INSERT INTO hasta VALUES ('33605339331', 'Ilhan', 'Oraloglu', 'AB Rh-', 'E', 163, 50, STR_TO_DATE('01/03/1961', '%d/%m/%Y'));
INSERT INTO hasta VALUES ('13100370416', 'Ziya', 'Kucukler', 'B Rh-', 'E', 180, 101, STR_TO_DATE('27/10/1937', '%d/%m/%Y'));
INSERT INTO hasta VALUES ('14838907422', 'Egemen', 'Kucukler', 'A Rh-', 'E', 160, 62, STR_TO_DATE('26/07/1922', '%d/%m/%Y'));
INSERT INTO hasta VALUES ('70994061184', 'Yonca', 'Kocoglu', 'B Rh+', 'K', 197, 99, STR_TO_DATE('08/08/2000', '%d/%m/%Y'));
INSERT INTO hasta VALUES ('22881280526', 'Lamia', 'Ayverdi', 'AB Rh+', 'E', 155, 88, STR_TO_DATE('10/04/1971', '%d/%m/%Y'));
INSERT INTO hasta VALUES ('96383716371', 'Meric', 'Kucukler', 'A Rh-', 'K', 167, 68, STR_TO_DATE('27/04/1958', '%d/%m/%Y'));
INSERT INTO hasta VALUES ('36703385870', 'Gunay', 'Oraloglu', 'AB Rh+', 'E', 176, 108, STR_TO_DATE('21/01/1940', '%d/%m/%Y'));
INSERT INTO hasta VALUES ('28439749975', 'Osman', 'Kunter', 'A Rh-', 'K', 173, 72, STR_TO_DATE('18/07/1918', '%d/%m/%Y'));
INSERT INTO hasta VALUES ('85604530980', 'Veli', 'Kucukler', 'A Rh-', 'K', 168, 78, STR_TO_DATE('24/09/1984', '%d/%m/%Y'));
INSERT INTO hasta VALUES ('78661858231', 'Gunnur', 'Ayverdi', 'AB Rh-', 'E', 158, 54, STR_TO_DATE('28/05/1913', '%d/%m/%Y'));
INSERT INTO hasta VALUES ('48847301098', 'Cisil', 'Tunceri', 'A Rh-', 'E', 178, 61, STR_TO_DATE('19/10/1995', '%d/%m/%Y'));
INSERT INTO hasta VALUES ('91829149077', 'Edhem', 'Kocoglu', 'A Rh+', 'E', 189, 87, STR_TO_DATE('15/01/1986', '%d/%m/%Y'));
INSERT INTO hasta VALUES ('27272711436', 'Sevda', 'Ayverdi', 'A Rh+', 'K', 164, 50, STR_TO_DATE('22/09/1915', '%d/%m/%Y'));
INSERT INTO hasta VALUES ('29270923049', 'Vicdan', 'Tunceri', 'AB Rh+', 'E', 178, 58, STR_TO_DATE('27/01/1951', '%d/%m/%Y'));
INSERT INTO hasta VALUES ('80228254089', 'Samil', 'Ayverdi', 'B Rh-', 'E', 174, 57, STR_TO_DATE('17/12/1942', '%d/%m/%Y'));
INSERT INTO hasta VALUES ('65735370039', 'Ilknur', 'Kucukler', 'AB Rh+', 'E', 191, 106, STR_TO_DATE('28/02/1932', '%d/%m/%Y'));
INSERT INTO hasta VALUES ('56491184610', 'Yosun', 'Kocoglu', 'AB Rh-', 'K', 164, 59, STR_TO_DATE('23/12/1981', '%d/%m/%Y'));
INSERT INTO hasta VALUES ('62963982580', 'Leyla', 'Ayverdi', 'B Rh-', 'K', 193, 83, STR_TO_DATE('14/05/1970', '%d/%m/%Y'));
INSERT INTO hasta VALUES ('78777835514', 'Gonul', 'Kocoglu', 'A Rh-', 'K', 183, 62, STR_TO_DATE('27/05/2008', '%d/%m/%Y'));
INSERT INTO hasta VALUES ('76234884155', 'Ozlen', 'Kucukler', 'B Rh-', 'K', 162, 103, STR_TO_DATE('10/12/1941', '%d/%m/%Y'));
INSERT INTO hasta VALUES ('87912297100', 'Rahsan', 'Tunceri', 'B Rh-', 'K', 163, 70, STR_TO_DATE('28/10/1936', '%d/%m/%Y'));
INSERT INTO hasta VALUES ('65349531513', 'Sahsuvar', 'Kocoglu', 'B Rh+', 'K', 169, 69, STR_TO_DATE('04/12/1925', '%d/%m/%Y'));
INSERT INTO hasta VALUES ('60943764582', 'Isin', 'Oraloglu', 'A Rh-', 'E', 158, 80, STR_TO_DATE('21/03/2005', '%d/%m/%Y'));
INSERT INTO hasta VALUES ('48818305976', 'Dilan', 'Tunceri', 'A Rh-', 'K', 188, 92, STR_TO_DATE('29/01/1924', '%d/%m/%Y'));
INSERT INTO hasta VALUES ('90302969329', 'Nilgun', 'Kucukler', 'A Rh+', 'E', 172, 102, STR_TO_DATE('02/05/1931', '%d/%m/%Y'));
INSERT INTO hasta VALUES ('21089398297', 'Rahsan', 'Oraloglu', 'AB Rh-', 'E', 177, 70, STR_TO_DATE('01/08/1918', '%d/%m/%Y'));
INSERT INTO hasta VALUES ('52648340165', 'Gunseli', 'Ayverdi', 'A Rh+', 'K', 188, 100, STR_TO_DATE('25/01/1996', '%d/%m/%Y'));
INSERT INTO hasta VALUES ('42928828635', 'Guner', 'Kocoglu', 'A Rh-', 'K', 164, 78, STR_TO_DATE('28/03/1999', '%d/%m/%Y'));
INSERT INTO hasta VALUES ('34714158235', 'Semsi', 'Ayverdi', 'AB Rh+', 'K', 169, 81, STR_TO_DATE('25/01/1951', '%d/%m/%Y'));
INSERT INTO hasta VALUES ('15949976488', 'Giyas', 'Ayverdi', 'B Rh+', 'K', 178, 56, STR_TO_DATE('07/01/1933', '%d/%m/%Y'));
INSERT INTO hasta VALUES ('10289959051', 'Hazar', 'Tunceri', 'AB Rh-', 'K', 165, 68, STR_TO_DATE('16/12/1968', '%d/%m/%Y'));
INSERT INTO hasta VALUES ('44853595230', 'Durmus', 'Tunceri', 'AB Rh-', 'K', 195, 106, STR_TO_DATE('12/05/1936', '%d/%m/%Y'));
INSERT INTO hasta VALUES ('12282666313', 'Mihriban', 'Kocoglu', 'AB Rh-', 'E', 177, 88, STR_TO_DATE('26/06/1976', '%d/%m/%Y'));
INSERT INTO hasta VALUES ('68095648104', 'Derin', 'Kucukler', 'B Rh+', 'E', 172, 87, STR_TO_DATE('27/12/1955', '%d/%m/%Y'));
INSERT INTO hasta VALUES ('48339258014', 'Ferhan', 'Oraloglu', 'A Rh-', 'K', 178, 81, STR_TO_DATE('28/04/1945', '%d/%m/%Y'));
INSERT INTO hasta VALUES ('63739957070', 'Leyla', 'Oraloglu', 'A Rh+', 'E', 195, 109, STR_TO_DATE('29/10/1913', '%d/%m/%Y'));
INSERT INTO hasta VALUES ('42825391852', 'Fuldem', 'Tunceri', 'AB Rh-', 'K', 157, 57, STR_TO_DATE('24/02/1919', '%d/%m/%Y'));
INSERT INTO hasta VALUES ('45021013455', 'Latife', 'Ayverdi', 'B Rh-', 'E', 166, 96, STR_TO_DATE('12/01/1926', '%d/%m/%Y'));
INSERT INTO hasta VALUES ('89608761522', 'Celil', 'Tunceri', 'B Rh-', 'E', 194, 65, STR_TO_DATE('26/12/2009', '%d/%m/%Y'));
INSERT INTO hasta VALUES ('98368253882', 'Bulut', 'Tunceri', 'A Rh+', 'K', 177, 100, STR_TO_DATE('20/02/1936', '%d/%m/%Y'));
INSERT INTO hasta VALUES ('86809271539', 'Melodi', 'Kucukler', 'B Rh-', 'K', 166, 61, STR_TO_DATE('08/04/1989', '%d/%m/%Y'));
INSERT INTO hasta VALUES ('47822603613', 'Pertev', 'Kocoglu', 'A Rh-', 'K', 189, 56, STR_TO_DATE('19/04/1991', '%d/%m/%Y'));
INSERT INTO hasta VALUES ('74005591259', 'Gurkan', 'Tunceri', 'B Rh+', 'E', 191, 89, STR_TO_DATE('02/09/1968', '%d/%m/%Y'));
INSERT INTO hasta VALUES ('16691807117', 'Fehmi', 'Oraloglu', 'B Rh+', 'E', 182, 94, STR_TO_DATE('28/07/1975', '%d/%m/%Y'));
INSERT INTO hasta VALUES ('19196586622', 'Ferah', 'Tunceri', 'AB Rh+', 'E', 190, 107, STR_TO_DATE('23/11/1924', '%d/%m/%Y'));
INSERT INTO hasta VALUES ('57248534252', 'Gulbahar', 'Oraloglu', 'A Rh-', 'E', 170, 54, STR_TO_DATE('14/04/1980', '%d/%m/%Y'));
INSERT INTO hasta VALUES ('35957936564', 'Avsar', 'Kocoglu', 'B Rh-', 'K', 165, 105, STR_TO_DATE('03/03/1924', '%d/%m/%Y'));
INSERT INTO hasta VALUES ('94249287125', 'Gokmen', 'Oraloglu', 'B Rh+', 'E', 194, 82, STR_TO_DATE('04/05/1955', '%d/%m/%Y'));
INSERT INTO hasta VALUES ('46075701498', 'Ziya', 'Kocoglu', 'B Rh+', 'E', 164, 91, STR_TO_DATE('20/01/1961', '%d/%m/%Y'));
INSERT INTO hasta VALUES ('98024068422', 'Sengul', 'Kocoglu', 'AB Rh+', 'E', 173, 80, STR_TO_DATE('01/08/1982', '%d/%m/%Y'));
INSERT INTO hasta VALUES ('11913604282', 'Ciler', 'Kucukler', 'AB Rh+', 'K', 187, 96, STR_TO_DATE('29/05/1994', '%d/%m/%Y'));
INSERT INTO hasta VALUES ('48937170121', 'Guniz', 'Oraloglu', 'B Rh+', 'K', 179, 92, STR_TO_DATE('11/09/1968', '%d/%m/%Y'));
INSERT INTO hasta VALUES ('96057937564', 'Sertap', 'Kucukler', 'AB Rh+', 'K', 194, 50, STR_TO_DATE('24/04/1967', '%d/%m/%Y'));
INSERT INTO hasta VALUES ('31136332982', 'Zuleyha', 'Oraloglu', 'A Rh+', 'K', 193, 99, STR_TO_DATE('10/06/1949', '%d/%m/%Y'));
INSERT INTO hasta VALUES ('26608730893', 'Yener', 'Kucukler', 'B Rh-', 'E', 192, 53, STR_TO_DATE('18/05/1931', '%d/%m/%Y'));
INSERT INTO hasta VALUES ('68843179112', 'Dâver', 'Tunceri', 'AB Rh-', 'E', 159, 64, STR_TO_DATE('15/03/1943', '%d/%m/%Y'));
INSERT INTO hasta VALUES ('44801501821', 'Dogu', 'Kunter', 'B Rh+', 'E', 162, 92, STR_TO_DATE('11/05/1912', '%d/%m/%Y'));
INSERT INTO hasta VALUES ('47786371252', 'Efken', 'Tunceri', 'AB Rh-', 'E', 165, 64, STR_TO_DATE('25/11/1999', '%d/%m/%Y'));
INSERT INTO hasta VALUES ('32984710278', 'Feyzullah', 'Kocoglu', 'AB Rh+', 'K', 191, 64, STR_TO_DATE('21/10/1992', '%d/%m/%Y'));
INSERT INTO hasta VALUES ('40843107735', 'Almila', 'Kucukler', 'AB Rh+', 'E', 182, 106, STR_TO_DATE('18/11/1933', '%d/%m/%Y'));
INSERT INTO hasta VALUES ('77275184468', 'Hayat', 'Kunter', 'B Rh+', 'E', 160, 79, STR_TO_DATE('17/11/1998', '%d/%m/%Y'));
INSERT INTO hasta VALUES ('74548262554', 'Almila', 'Kunter', 'A Rh-', 'K', 161, 99, STR_TO_DATE('28/01/1945', '%d/%m/%Y'));
INSERT INTO hasta VALUES ('98362748229', 'Sener', 'Kocoglu', 'B Rh-', 'E', 199, 65, STR_TO_DATE('19/01/2008', '%d/%m/%Y'));
INSERT INTO hasta VALUES ('47041421601', 'Nevin', 'Kucukler', 'AB Rh-', 'E', 195, 93, STR_TO_DATE('21/06/1958', '%d/%m/%Y'));
INSERT INTO hasta VALUES ('88483094738', 'Lerzan', 'Ayverdi', 'A Rh+', 'E', 178, 75, STR_TO_DATE('08/01/1931', '%d/%m/%Y'));
INSERT INTO hasta VALUES ('20382519075', 'Amelya', 'Kucukler', 'A Rh-', 'E', 175, 81, STR_TO_DATE('21/07/1921', '%d/%m/%Y'));
INSERT INTO hasta VALUES ('49788065164', 'Nilgun', 'Kucukler', 'AB Rh+', 'K', 189, 106, STR_TO_DATE('20/04/1910', '%d/%m/%Y'));
INSERT INTO hasta VALUES ('50670106163', 'Gazanfer', 'Oraloglu', 'AB Rh+', 'E', 175, 57, STR_TO_DATE('21/12/1970', '%d/%m/%Y'));
INSERT INTO hasta VALUES ('84027369464', 'Ulgen', 'Kucukler', 'AB Rh-', 'E', 165, 63, STR_TO_DATE('15/05/1960', '%d/%m/%Y'));
INSERT INTO hasta VALUES ('64733510088', 'Ozge', 'Kucukler', 'B Rh+', 'E', 189, 51, STR_TO_DATE('25/11/1941', '%d/%m/%Y'));
INSERT INTO hasta VALUES ('85392465827', 'Sehlevent', 'Kocoglu', 'B Rh-', 'E', 171, 106, STR_TO_DATE('06/01/1945', '%d/%m/%Y'));
INSERT INTO hasta VALUES ('94084453521', 'Adelya', 'Kucukler', 'B Rh-', 'E', 197, 109, STR_TO_DATE('27/10/1973', '%d/%m/%Y'));
INSERT INTO hasta VALUES ('24576880799', 'Âmir', 'Tunceri', 'B Rh+', 'E', 156, 61, STR_TO_DATE('01/12/1940', '%d/%m/%Y'));
INSERT INTO hasta VALUES ('26979407800', 'Keles', 'Kucukler', 'AB Rh+', 'E', 184, 86, STR_TO_DATE('04/07/1948', '%d/%m/%Y'));
INSERT INTO hasta VALUES ('75833803592', 'Tekinalp', 'Tunceri', 'A Rh-', 'K', 156, 69, STR_TO_DATE('16/09/1950', '%d/%m/%Y'));
INSERT INTO hasta VALUES ('63007503627', 'Yasin', 'Tunceri', 'A Rh-', 'K', 190, 70, STR_TO_DATE('14/06/1959', '%d/%m/%Y'));
INSERT INTO hasta VALUES ('36718158732', 'Sahsuvar', 'Kocoglu', 'B Rh+', 'K', 190, 62, STR_TO_DATE('21/12/1973', '%d/%m/%Y'));
INSERT INTO hasta VALUES ('25380960803', 'Necla', 'Kunter', 'AB Rh-', 'K', 157, 99, STR_TO_DATE('21/02/2000', '%d/%m/%Y'));
INSERT INTO hasta VALUES ('15998684040', 'Altin', 'Tunceri', 'B Rh-', 'K', 199, 78, STR_TO_DATE('11/12/1926', '%d/%m/%Y'));
INSERT INTO hasta VALUES ('34808747268', 'Himmet', 'Tunceri', 'AB Rh+', 'E', 162, 66, STR_TO_DATE('21/02/1911', '%d/%m/%Y'));
INSERT INTO hasta VALUES ('66902990139', 'Serif', 'Ayverdi', 'AB Rh-', 'E', 193, 60, STR_TO_DATE('04/01/1978', '%d/%m/%Y'));
INSERT INTO hasta VALUES ('55834140918', 'Gulen', 'Kunter', 'AB Rh+', 'K', 176, 64, STR_TO_DATE('23/11/1943', '%d/%m/%Y'));
INSERT INTO hasta VALUES ('40933202482', 'Ufuk', 'Kucukler', 'B Rh-', 'E', 198, 96, STR_TO_DATE('25/05/1957', '%d/%m/%Y'));
INSERT INTO hasta VALUES ('82451014537', 'Didem', 'Tunceri', 'AB Rh+', 'E', 155, 64, STR_TO_DATE('29/12/2008', '%d/%m/%Y'));
INSERT INTO hasta VALUES ('68332627781', 'Cubeyr', 'Tunceri', 'A Rh+', 'E', 165, 82, STR_TO_DATE('20/07/1927', '%d/%m/%Y'));
INSERT INTO hasta VALUES ('27245736175', 'Cubeyr', 'Kocoglu', 'B Rh-', 'E', 181, 98, STR_TO_DATE('20/06/1927', '%d/%m/%Y'));
INSERT INTO hasta VALUES ('68203958676', 'Berran', 'Kunter', 'AB Rh+', 'K', 171, 86, STR_TO_DATE('20/01/1938', '%d/%m/%Y'));
INSERT INTO hasta VALUES ('74460120111', 'Cagri', 'Kucukler', 'AB Rh-', 'E', 180, 61, STR_TO_DATE('22/10/2007', '%d/%m/%Y'));
INSERT INTO hasta VALUES ('49390273872', 'Derya', 'Kocoglu', 'A Rh-', 'K', 183, 72, STR_TO_DATE('27/01/1917', '%d/%m/%Y'));
INSERT INTO hasta VALUES ('56131698012', 'Ridvan', 'Oraloglu', 'B Rh-', 'K', 166, 81, STR_TO_DATE('03/05/2000', '%d/%m/%Y'));
INSERT INTO hasta VALUES ('65032221879', 'Rakip', 'Tunceri', 'B Rh+', 'E', 157, 55, STR_TO_DATE('12/03/1942', '%d/%m/%Y'));
INSERT INTO hasta VALUES ('64377048920', 'Talay', 'Oraloglu', 'A Rh+', 'K', 197, 66, STR_TO_DATE('03/12/1925', '%d/%m/%Y'));
INSERT INTO hasta VALUES ('28288920302', 'Dilhan', 'Tunceri', 'AB Rh-', 'E', 168, 77, STR_TO_DATE('22/01/2009', '%d/%m/%Y'));
INSERT INTO hasta VALUES ('15513787328', 'Kadem', 'Kunter', 'A Rh-', 'K', 164, 84, STR_TO_DATE('02/01/1951', '%d/%m/%Y'));
INSERT INTO hasta VALUES ('33125360045', 'Nalan', 'Kocoglu', 'B Rh-', 'K', 193, 57, STR_TO_DATE('27/11/2000', '%d/%m/%Y'));
INSERT INTO hasta VALUES ('32007948966', 'Yetkin', 'Kocoglu', 'AB Rh+', 'E', 159, 63, STR_TO_DATE('12/03/1991', '%d/%m/%Y'));
INSERT INTO hasta VALUES ('96059802950', 'Cevat', 'Kocoglu', 'AB Rh+', 'K', 156, 103, STR_TO_DATE('23/03/1999', '%d/%m/%Y'));
INSERT INTO hasta VALUES ('62871691696', 'Ramazan', 'Kunter', 'A Rh-', 'K', 158, 99, STR_TO_DATE('08/07/1933', '%d/%m/%Y'));
INSERT INTO hasta VALUES ('61879702662', 'Bade', 'Kunter', 'AB Rh+', 'E', 176, 66, STR_TO_DATE('07/01/1923', '%d/%m/%Y'));
INSERT INTO hasta VALUES ('58842389234', 'Melek', 'Kocoglu', 'AB Rh-', 'K', 197, 71, STR_TO_DATE('15/11/1913', '%d/%m/%Y'));
INSERT INTO hasta VALUES ('26809013111', 'Tulay', 'Ayverdi', 'B Rh-', 'E', 182, 96, STR_TO_DATE('04/12/1958', '%d/%m/%Y'));
INSERT INTO hasta VALUES ('63916514803', 'Nurseli', 'Kunter', 'A Rh+', 'E', 157, 101, STR_TO_DATE('10/04/1926', '%d/%m/%Y'));
INSERT INTO hasta VALUES ('42922982340', 'Sengul', 'Kunter', 'A Rh-', 'K', 172, 97, STR_TO_DATE('06/08/1924', '%d/%m/%Y'));
INSERT INTO hasta VALUES ('25911489847', 'Mukaddes', 'Tunceri', 'B Rh-', 'K', 192, 72, STR_TO_DATE('27/08/1998', '%d/%m/%Y'));
INSERT INTO hasta VALUES ('51032095617', 'Tevfik', 'Ayverdi', 'AB Rh-', 'K', 180, 71, STR_TO_DATE('22/12/2002', '%d/%m/%Y'));
INSERT INTO hasta VALUES ('10432244375', 'Yildiz', 'Kocoglu', 'AB Rh-', 'K', 155, 58, STR_TO_DATE('03/08/1991', '%d/%m/%Y'));
INSERT INTO hasta VALUES ('13572100027', 'Ulker', 'Oraloglu', 'A Rh-', 'E', 196, 87, STR_TO_DATE('23/07/1998', '%d/%m/%Y'));
INSERT INTO hasta VALUES ('66004839378', 'Kuddusi', 'Kunter', 'B Rh-', 'K', 163, 86, STR_TO_DATE('23/05/1998', '%d/%m/%Y'));
INSERT INTO hasta VALUES ('31764526870', 'Yetkin', 'Ayverdi', 'B Rh+', 'E', 176, 71, STR_TO_DATE('02/01/1935', '%d/%m/%Y'));
INSERT INTO hasta VALUES ('52997616421', 'Senol', 'Kocoglu', 'B Rh-', 'E', 155, 108, STR_TO_DATE('08/11/1958', '%d/%m/%Y'));
INSERT INTO hasta VALUES ('46870728477', 'Ferda', 'Kunter', 'AB Rh-', 'E', 173, 80, STR_TO_DATE('02/10/1992', '%d/%m/%Y'));
INSERT INTO hasta VALUES ('91571640655', 'Gulsen', 'Kucukler', 'B Rh-', 'E', 176, 60, STR_TO_DATE('15/03/2004', '%d/%m/%Y'));
INSERT INTO hasta VALUES ('77745781511', 'Munir', 'Kocoglu', 'A Rh+', 'E', 173, 88, STR_TO_DATE('12/01/1922', '%d/%m/%Y'));
INSERT INTO hasta VALUES ('83853919544', 'Adel', 'Oraloglu', 'B Rh+', 'E', 182, 80, STR_TO_DATE('15/05/2003', '%d/%m/%Y'));
INSERT INTO hasta VALUES ('74852315170', 'Sener', 'Kocoglu', 'B Rh-', 'E', 180, 50, STR_TO_DATE('02/12/1935', '%d/%m/%Y'));
INSERT INTO hasta VALUES ('75201172838', 'Didem', 'Oraloglu', 'A Rh+', 'E', 169, 80, STR_TO_DATE('21/10/1970', '%d/%m/%Y'));
INSERT INTO hasta VALUES ('39491076875', 'Seckin', 'Kunter', 'AB Rh-', 'E', 155, 56, STR_TO_DATE('08/06/1927', '%d/%m/%Y'));
INSERT INTO hasta VALUES ('84421613099', 'Caglar', 'Oraloglu', 'B Rh-', 'E', 166, 76, STR_TO_DATE('13/08/1964', '%d/%m/%Y'));
INSERT INTO hasta VALUES ('53071548897', 'Gulcin', 'Kunter', 'B Rh-', 'K', 195, 92, STR_TO_DATE('02/05/1964', '%d/%m/%Y'));
INSERT INTO hasta VALUES ('81202063931', 'Keremsah', 'Kucukler', 'A Rh-', 'K', 155, 101, STR_TO_DATE('02/08/1984', '%d/%m/%Y'));
INSERT INTO hasta VALUES ('98456085417', 'Hulya', 'Oraloglu', 'A Rh-', 'E', 186, 106, STR_TO_DATE('21/07/1990', '%d/%m/%Y'));
INSERT INTO hasta VALUES ('27241220052', 'Tugtekin', 'Kocoglu', 'B Rh-', 'K', 185, 102, STR_TO_DATE('29/11/1942', '%d/%m/%Y'));
INSERT INTO hasta VALUES ('55606560116', 'Alvina', 'Kucukler', 'AB Rh-', 'E', 171, 71, STR_TO_DATE('17/12/1997', '%d/%m/%Y'));
INSERT INTO hasta VALUES ('28877604304', 'Rengin', 'Ayverdi', 'A Rh-', 'E', 161, 58, STR_TO_DATE('03/01/1962', '%d/%m/%Y'));
INSERT INTO hasta VALUES ('43176221687', 'Nihan', 'Kucukler', 'B Rh+', 'E', 176, 52, STR_TO_DATE('17/06/1969', '%d/%m/%Y'));
INSERT INTO hasta VALUES ('65678164915', 'Mirkelam', 'Kucukler', 'A Rh+', 'E', 165, 100, STR_TO_DATE('01/01/1944', '%d/%m/%Y'));
INSERT INTO hasta VALUES ('83507689428', 'Yonca', 'Kunter', 'B Rh+', 'K', 198, 54, STR_TO_DATE('11/05/1912', '%d/%m/%Y'));
INSERT INTO hasta VALUES ('99937342082', 'Melis', 'Oraloglu', 'B Rh-', 'K', 183, 97, STR_TO_DATE('23/01/1999', '%d/%m/%Y'));
INSERT INTO hasta VALUES ('35769498392', 'Dilhan', 'Kocoglu', 'B Rh+', 'E', 199, 104, STR_TO_DATE('17/10/1911', '%d/%m/%Y'));
INSERT INTO hasta VALUES ('93992192003', 'Nukhet', 'Kucukler', 'B Rh+', 'E', 168, 109, STR_TO_DATE('13/10/1914', '%d/%m/%Y'));
INSERT INTO hasta VALUES ('65477792087', 'Hasim', 'Kunter', 'B Rh-', 'K', 185, 82, STR_TO_DATE('24/01/1978', '%d/%m/%Y'));
INSERT INTO hasta VALUES ('81847345864', 'Yelda', 'Tunceri', 'A Rh+', 'K', 190, 101, STR_TO_DATE('18/05/1939', '%d/%m/%Y'));
INSERT INTO hasta VALUES ('86309440390', 'Behrem', 'Kucukler', 'B Rh+', 'K', 198, 85, STR_TO_DATE('23/11/1998', '%d/%m/%Y'));
INSERT INTO hasta VALUES ('70493796226', 'Aktekin', 'Kunter', 'AB Rh-', 'E', 186, 107, STR_TO_DATE('18/06/1992', '%d/%m/%Y'));
INSERT INTO hasta VALUES ('65210147770', 'Ferhan', 'Ayverdi', 'A Rh+', 'K', 170, 73, STR_TO_DATE('01/11/1975', '%d/%m/%Y'));
INSERT INTO hasta VALUES ('36492238444', 'Ilayda', 'Kunter', 'AB Rh-', 'K', 198, 62, STR_TO_DATE('06/02/2003', '%d/%m/%Y'));
INSERT INTO hasta VALUES ('95406536433', 'Resul', 'Ayverdi', 'AB Rh-', 'E', 156, 59, STR_TO_DATE('05/09/1923', '%d/%m/%Y'));
INSERT INTO hasta VALUES ('53254987909', 'Melda', 'Kucukler', 'AB Rh-', 'E', 157, 97, STR_TO_DATE('14/06/1978', '%d/%m/%Y'));
INSERT INTO hasta VALUES ('95244471361', 'Sule', 'Tunceri', 'A Rh-', 'K', 194, 72, STR_TO_DATE('21/12/1980', '%d/%m/%Y'));
INSERT INTO hasta VALUES ('25539648741', 'Mithat', 'Ayverdi', 'A Rh+', 'K', 156, 50, STR_TO_DATE('24/02/1930', '%d/%m/%Y'));
INSERT INTO hasta VALUES ('10894363627', 'Zeyd', 'Kocoglu', 'B Rh+', 'E', 158, 64, STR_TO_DATE('02/09/1929', '%d/%m/%Y'));
INSERT INTO hasta VALUES ('97289788995', 'Sabri', 'Oraloglu', 'A Rh-', 'E', 162, 61, STR_TO_DATE('13/07/1917', '%d/%m/%Y'));
INSERT INTO hasta VALUES ('11876895174', 'Sunay', 'Kucukler', 'A Rh-', 'K', 172, 99, STR_TO_DATE('24/10/1941', '%d/%m/%Y'));
INSERT INTO hasta VALUES ('79040548664', 'Mevlut', 'Ayverdi', 'B Rh+', 'K', 178, 59, STR_TO_DATE('17/01/1983', '%d/%m/%Y'));
INSERT INTO hasta VALUES ('87021833606', 'Nahil', 'Oraloglu', 'AB Rh-', 'E', 184, 52, STR_TO_DATE('27/01/1989', '%d/%m/%Y'));
INSERT INTO hasta VALUES ('74992428144', 'Bartu', 'Kucukler', 'A Rh-', 'E', 177, 98, STR_TO_DATE('12/12/1984', '%d/%m/%Y'));
INSERT INTO hasta VALUES ('41716039742', 'Tunay', 'Ayverdi', 'B Rh+', 'E', 181, 104, STR_TO_DATE('21/04/2005', '%d/%m/%Y'));
INSERT INTO hasta VALUES ('91466720457', 'Gulgun', 'Kucukler', 'B Rh+', 'K', 189, 56, STR_TO_DATE('21/11/1967', '%d/%m/%Y'));
INSERT INTO hasta VALUES ('84579671639', 'Atakan', 'Tunceri', 'AB Rh+', 'E', 163, 75, STR_TO_DATE('07/07/1951', '%d/%m/%Y'));
INSERT INTO hasta VALUES ('25146864350', 'Sadettin', 'Tunceri', 'B Rh-', 'E', 178, 61, STR_TO_DATE('28/11/2001', '%d/%m/%Y'));
INSERT INTO hasta VALUES ('46907670221', 'Kadriye', 'Ayverdi', 'AB Rh-', 'E', 166, 61, STR_TO_DATE('04/12/1952', '%d/%m/%Y'));
INSERT INTO hasta VALUES ('16921308483', 'Meric', 'Kunter', 'AB Rh-', 'K', 170, 89, STR_TO_DATE('08/01/1911', '%d/%m/%Y'));
INSERT INTO hasta VALUES ('49922410223', 'Isil', 'Ayverdi', 'AB Rh-', 'K', 158, 83, STR_TO_DATE('10/08/2009', '%d/%m/%Y'));
INSERT INTO hasta VALUES ('63907424281', 'Ilker', 'Kucukler', 'B Rh+', 'E', 157, 50, STR_TO_DATE('05/07/1943', '%d/%m/%Y'));
INSERT INTO hasta VALUES ('59497111604', 'Sule', 'Oraloglu', 'A Rh+', 'K', 193, 106, STR_TO_DATE('21/12/1970', '%d/%m/%Y'));
INSERT INTO hasta VALUES ('67161931262', 'Ismet', 'Tunceri', 'AB Rh-', 'K', 195, 54, STR_TO_DATE('07/03/1962', '%d/%m/%Y'));
INSERT INTO hasta VALUES ('59576895249', 'Esmeray', 'Oraloglu', 'B Rh-', 'K', 186, 83, STR_TO_DATE('10/07/1955', '%d/%m/%Y'));
INSERT INTO hasta VALUES ('65710009693', 'Gulriz', 'Tunceri', 'AB Rh+', 'K', 192, 94, STR_TO_DATE('11/05/1979', '%d/%m/%Y'));
INSERT INTO hasta VALUES ('88980772429', 'Sermet', 'Kocoglu', 'B Rh-', 'E', 167, 95, STR_TO_DATE('13/09/1939', '%d/%m/%Y'));
INSERT INTO hasta VALUES ('69216780003', 'Berkan', 'Kucukler', 'AB Rh-', 'K', 155, 61, STR_TO_DATE('20/07/1938', '%d/%m/%Y'));
INSERT INTO hasta VALUES ('70241300731', 'Serin', 'Kucukler', 'B Rh+', 'K', 168, 90, STR_TO_DATE('19/03/1954', '%d/%m/%Y'));
INSERT INTO hasta VALUES ('33154924953', 'Diclehan', 'Kocoglu', 'A Rh-', 'E', 191, 95, STR_TO_DATE('27/03/1911', '%d/%m/%Y'));
INSERT INTO hasta VALUES ('14836025677', 'Direnc', 'Kocoglu', 'A Rh-', 'E', 186, 104, STR_TO_DATE('17/08/1958', '%d/%m/%Y'));
INSERT INTO hasta VALUES ('45204144640', 'Zâhit', 'Kocoglu', 'A Rh-', 'K', 174, 103, STR_TO_DATE('11/01/2002', '%d/%m/%Y'));
INSERT INTO hasta VALUES ('58152653716', 'Fusun', 'Oraloglu', 'A Rh+', 'E', 185, 78, STR_TO_DATE('24/07/1987', '%d/%m/%Y'));
INSERT INTO hasta VALUES ('54721206763', 'Gultekin', 'Kucukler', 'A Rh+', 'E', 182, 102, STR_TO_DATE('24/03/1938', '%d/%m/%Y'));
INSERT INTO hasta VALUES ('24284693183', 'Yumni', 'Ayverdi', 'B Rh-', 'E', 181, 54, STR_TO_DATE('12/01/1978', '%d/%m/%Y'));
INSERT INTO hasta VALUES ('29548483524', 'Kiymet', 'Kunter', 'A Rh-', 'E', 187, 75, STR_TO_DATE('01/03/1995', '%d/%m/%Y'));
INSERT INTO hasta VALUES ('12621637298', 'Vahide', 'Kucukler', 'AB Rh-', 'K', 195, 91, STR_TO_DATE('27/04/1934', '%d/%m/%Y'));
INSERT INTO hasta VALUES ('21208408868', 'Canalp', 'Oraloglu', 'B Rh-', 'E', 197, 57, STR_TO_DATE('02/05/1915', '%d/%m/%Y'));
INSERT INTO hasta VALUES ('75512960156', 'Kadem', 'Tunceri', 'AB Rh-', 'K', 194, 98, STR_TO_DATE('15/02/1982', '%d/%m/%Y'));
INSERT INTO hasta VALUES ('79476284269', 'Gulben', 'Kucukler', 'A Rh+', 'K', 188, 70, STR_TO_DATE('03/07/1976', '%d/%m/%Y'));
INSERT INTO hasta VALUES ('31322717504', 'Gunsel', 'Oraloglu', 'B Rh-', 'K', 186, 106, STR_TO_DATE('12/08/1919', '%d/%m/%Y'));
INSERT INTO hasta VALUES ('53153970170', 'Sâfi', 'Ayverdi', 'A Rh+', 'K', 157, 66, STR_TO_DATE('09/02/1949', '%d/%m/%Y'));
INSERT INTO hasta VALUES ('81856118937', 'Gonca', 'Kunter', 'B Rh+', 'K', 160, 63, STR_TO_DATE('01/03/1969', '%d/%m/%Y'));
INSERT INTO hasta VALUES ('53716098996', 'Anita', 'Kucukler', 'B Rh+', 'K', 195, 55, STR_TO_DATE('25/07/1936', '%d/%m/%Y'));
INSERT INTO hasta VALUES ('90284127634', 'Hande', 'Tunceri', 'A Rh-', 'E', 198, 56, STR_TO_DATE('10/05/1987', '%d/%m/%Y'));
INSERT INTO hasta VALUES ('15319994774', 'Nihan', 'Kucukler', 'B Rh+', 'K', 161, 71, STR_TO_DATE('29/10/1983', '%d/%m/%Y'));
INSERT INTO hasta VALUES ('57197968260', 'Hulusi', 'Tunceri', 'AB Rh+', 'E', 199, 85, STR_TO_DATE('09/10/1982', '%d/%m/%Y'));
INSERT INTO hasta VALUES ('11037734874', 'Deste', 'Oraloglu', 'B Rh+', 'E', 161, 61, STR_TO_DATE('24/12/1916', '%d/%m/%Y'));
INSERT INTO hasta VALUES ('45562502029', 'Egemen', 'Tunceri', 'AB Rh-', 'E', 195, 87, STR_TO_DATE('27/03/1953', '%d/%m/%Y'));
INSERT INTO hasta VALUES ('39216925747', 'Koray', 'Oraloglu', 'B Rh+', 'E', 191, 106, STR_TO_DATE('12/01/1919', '%d/%m/%Y'));
INSERT INTO hasta VALUES ('34002575425', 'Meral', 'Kocoglu', 'AB Rh+', 'K', 185, 59, STR_TO_DATE('10/10/1945', '%d/%m/%Y'));
INSERT INTO hasta VALUES ('98044083163', 'Ozlen', 'Kunter', 'A Rh-', 'E', 187, 64, STR_TO_DATE('11/01/1991', '%d/%m/%Y'));
INSERT INTO hasta VALUES ('90932074202', 'Berre', 'Kucukler', 'B Rh-', 'E', 169, 78, STR_TO_DATE('23/02/1984', '%d/%m/%Y'));
INSERT INTO hasta VALUES ('33627020868', 'Hamit', 'Tunceri', 'A Rh+', 'E', 173, 87, STR_TO_DATE('04/11/1922', '%d/%m/%Y'));
INSERT INTO hasta VALUES ('14013109330', 'Furuzan', 'Kocoglu', 'A Rh-', 'E', 186, 90, STR_TO_DATE('01/01/1943', '%d/%m/%Y'));
INSERT INTO hasta VALUES ('42343625190', 'Bedreddin', 'Oraloglu', 'A Rh-', 'E', 186, 73, STR_TO_DATE('02/04/1972', '%d/%m/%Y'));
INSERT INTO hasta VALUES ('42575236436', 'Ercument', 'Tunceri', 'B Rh+', 'E', 174, 54, STR_TO_DATE('14/10/1944', '%d/%m/%Y'));
INSERT INTO hasta VALUES ('73877535735', 'Aykal', 'Oraloglu', 'A Rh-', 'E', 186, 52, STR_TO_DATE('26/01/1972', '%d/%m/%Y'));
INSERT INTO hasta VALUES ('13325286921', 'Fikri', 'Ayverdi', 'A Rh+', 'E', 174, 73, STR_TO_DATE('25/10/2005', '%d/%m/%Y'));
INSERT INTO hasta VALUES ('90311644887', 'Gulen', 'Kocoglu', 'A Rh-', 'K', 162, 90, STR_TO_DATE('14/07/1956', '%d/%m/%Y'));
INSERT INTO hasta VALUES ('61164386039', 'Ercument', 'Kocoglu', 'AB Rh+', 'E', 199, 93, STR_TO_DATE('16/09/1976', '%d/%m/%Y'));
INSERT INTO hasta VALUES ('95714846931', 'Sihabeddin', 'Kucukler', 'AB Rh-', 'K', 156, 58, STR_TO_DATE('06/09/1997', '%d/%m/%Y'));
INSERT INTO hasta VALUES ('66275922119', 'Selvi', 'Kocoglu', 'B Rh-', 'K', 168, 90, STR_TO_DATE('20/04/1939', '%d/%m/%Y'));
INSERT INTO hasta VALUES ('56917836178', 'Nurettin', 'Kunter', 'B Rh-', 'E', 170, 95, STR_TO_DATE('12/02/1911', '%d/%m/%Y'));
INSERT INTO hasta VALUES ('25518240518', 'Durmus', 'Kocoglu', 'B Rh+', 'E', 196, 60, STR_TO_DATE('26/07/1952', '%d/%m/%Y'));
INSERT INTO hasta VALUES ('18093491129', 'Ferit', 'Ayverdi', 'AB Rh-', 'K', 155, 53, STR_TO_DATE('16/01/1948', '%d/%m/%Y'));
INSERT INTO hasta VALUES ('43724593886', 'Sevinc', 'Kunter', 'B Rh+', 'K', 179, 108, STR_TO_DATE('22/05/1967', '%d/%m/%Y'));
INSERT INTO hasta VALUES ('73429530057', 'Habbab', 'Kucukler', 'B Rh-', 'E', 163, 88, STR_TO_DATE('12/05/1999', '%d/%m/%Y'));
INSERT INTO hasta VALUES ('87240823498', 'Faris', 'Ayverdi', 'AB Rh-', 'E', 155, 86, STR_TO_DATE('17/12/1952', '%d/%m/%Y'));
INSERT INTO hasta VALUES ('17621820638', 'Eray', 'Oraloglu', 'B Rh+', 'E', 192, 65, STR_TO_DATE('01/10/1958', '%d/%m/%Y'));
INSERT INTO hasta VALUES ('12419107843', 'Sanem', 'Ayverdi', 'A Rh-', 'K', 178, 83, STR_TO_DATE('20/04/2004', '%d/%m/%Y'));
INSERT INTO hasta VALUES ('73502145881', 'Guniz', 'Oraloglu', 'AB Rh-', 'E', 160, 93, STR_TO_DATE('14/05/1937', '%d/%m/%Y'));
INSERT INTO hasta VALUES ('31777078590', 'Sinasi', 'Kucukler', 'AB Rh-', 'K', 174, 94, STR_TO_DATE('12/05/1918', '%d/%m/%Y'));
INSERT INTO hasta VALUES ('89193500263', 'Tekinalp', 'Kocoglu', 'A Rh-', 'K', 189, 60, STR_TO_DATE('18/09/1938', '%d/%m/%Y'));
INSERT INTO hasta VALUES ('76349528259', 'Behcet', 'Kunter', 'AB Rh-', 'E', 199, 84, STR_TO_DATE('03/10/1952', '%d/%m/%Y'));
INSERT INTO hasta VALUES ('94355749832', 'Erol', 'Oraloglu', 'A Rh+', 'K', 159, 98, STR_TO_DATE('09/07/1998', '%d/%m/%Y'));
INSERT INTO hasta VALUES ('88051879108', 'Gulgun', 'Kocoglu', 'A Rh-', 'E', 165, 75, STR_TO_DATE('15/12/1929', '%d/%m/%Y'));
INSERT INTO hasta VALUES ('51865831526', 'Volkan', 'Kocoglu', 'A Rh-', 'K', 185, 59, STR_TO_DATE('01/10/1972', '%d/%m/%Y'));
INSERT INTO hasta VALUES ('60688904628', 'Turkan', 'Kocoglu', 'A Rh+', 'E', 178, 101, STR_TO_DATE('27/06/1925', '%d/%m/%Y'));
INSERT INTO hasta VALUES ('89419572757', 'Yalcin', 'Ayverdi', 'A Rh+', 'E', 192, 78, STR_TO_DATE('16/03/1941', '%d/%m/%Y'));
INSERT INTO hasta VALUES ('60989810773', 'Selvi', 'Oraloglu', 'A Rh+', 'K', 178, 68, STR_TO_DATE('16/07/1961', '%d/%m/%Y'));
INSERT INTO hasta VALUES ('46954371466', 'Enes', 'Oraloglu', 'B Rh-', 'K', 173, 106, STR_TO_DATE('03/08/1932', '%d/%m/%Y'));
INSERT INTO hasta VALUES ('11159369603', 'Mesut', 'Kocoglu', 'A Rh-', 'K', 196, 109, STR_TO_DATE('08/10/1992', '%d/%m/%Y'));
INSERT INTO hasta VALUES ('68751147910', 'Erel', 'Tunceri', 'AB Rh+', 'E', 171, 76, STR_TO_DATE('20/07/1998', '%d/%m/%Y'));
INSERT INTO hasta VALUES ('65933136203', 'Asuela', 'Kunter', 'B Rh+', 'E', 187, 50, STR_TO_DATE('13/07/1962', '%d/%m/%Y'));
INSERT INTO hasta VALUES ('29377463624', 'Zuleyha', 'Kucukler', 'A Rh+', 'K', 167, 77, STR_TO_DATE('23/07/1997', '%d/%m/%Y'));
INSERT INTO hasta VALUES ('41166503371', 'Enver', 'Kunter', 'A Rh-', 'E', 161, 64, STR_TO_DATE('12/07/1960', '%d/%m/%Y'));
INSERT INTO hasta VALUES ('42374367842', 'Melih', 'Tunceri', 'AB Rh+', 'K', 191, 64, STR_TO_DATE('01/06/1970', '%d/%m/%Y'));
INSERT INTO hasta VALUES ('57477259271', 'Tekinalp', 'Kunter', 'AB Rh+', 'K', 180, 69, STR_TO_DATE('13/11/2008', '%d/%m/%Y'));
INSERT INTO hasta VALUES ('21434467524', 'Harun', 'Kocoglu', 'AB Rh-', 'E', 182, 56, STR_TO_DATE('17/03/2000', '%d/%m/%Y'));
INSERT INTO hasta VALUES ('53618993029', 'Kalender', 'Kucukler', 'B Rh+', 'K', 194, 93, STR_TO_DATE('23/01/1960', '%d/%m/%Y'));
INSERT INTO hasta VALUES ('84799030061', 'Zerrin', 'Kucukler', 'AB Rh-', 'K', 174, 101, STR_TO_DATE('02/01/1998', '%d/%m/%Y'));
INSERT INTO hasta VALUES ('26248944704', 'Elvan', 'Tunceri', 'A Rh-', 'K', 160, 108, STR_TO_DATE('19/11/1985', '%d/%m/%Y'));
INSERT INTO hasta VALUES ('51111414043', 'Yumni', 'Ayverdi', 'B Rh+', 'K', 160, 70, STR_TO_DATE('22/04/1967', '%d/%m/%Y'));
INSERT INTO hasta VALUES ('71785318837', 'Tuhfe', 'Tunceri', 'AB Rh-', 'K', 181, 69, STR_TO_DATE('09/02/1985', '%d/%m/%Y'));
INSERT INTO hasta VALUES ('90061361261', 'Senay', 'Kunter', 'AB Rh+', 'K', 197, 100, STR_TO_DATE('10/12/1928', '%d/%m/%Y'));
INSERT INTO hasta VALUES ('21454756374', 'Guvenalp', 'Kucukler', 'AB Rh+', 'K', 174, 75, STR_TO_DATE('01/08/1943', '%d/%m/%Y'));
INSERT INTO hasta VALUES ('19579187503', 'Besra', 'Kucukler', 'B Rh-', 'E', 178, 99, STR_TO_DATE('28/01/1995', '%d/%m/%Y'));
INSERT INTO hasta VALUES ('21456548055', 'Sanem', 'Kucukler', 'B Rh+', 'K', 179, 108, STR_TO_DATE('04/04/1926', '%d/%m/%Y'));
INSERT INTO hasta VALUES ('21872583365', 'Feray', 'Oraloglu', 'B Rh+', 'K', 156, 58, STR_TO_DATE('06/05/1960', '%d/%m/%Y'));
INSERT INTO hasta VALUES ('74471143251', 'Haldun', 'Kucukler', 'B Rh-', 'E', 174, 60, STR_TO_DATE('19/04/1976', '%d/%m/%Y'));
INSERT INTO hasta VALUES ('77569111610', 'Alisa', 'Kucukler', 'A Rh+', 'E', 191, 95, STR_TO_DATE('13/05/1912', '%d/%m/%Y'));
INSERT INTO hasta VALUES ('14599527625', 'Irem', 'Kunter', 'AB Rh-', 'K', 157, 89, STR_TO_DATE('28/11/1961', '%d/%m/%Y'));
INSERT INTO hasta VALUES ('95651231291', 'Muesser', 'Oraloglu', 'A Rh-', 'K', 160, 84, STR_TO_DATE('07/08/1993', '%d/%m/%Y'));
INSERT INTO hasta VALUES ('77107401315', 'Adelya', 'Oraloglu', 'B Rh+', 'E', 166, 57, STR_TO_DATE('27/11/1981', '%d/%m/%Y'));
INSERT INTO hasta VALUES ('99802583963', 'Meliksah', 'Ayverdi', 'B Rh-', 'K', 156, 107, STR_TO_DATE('27/12/1983', '%d/%m/%Y'));
INSERT INTO hasta VALUES ('21807921701', 'Amelya', 'Oraloglu', 'B Rh+', 'K', 186, 95, STR_TO_DATE('06/03/1941', '%d/%m/%Y'));
INSERT INTO hasta VALUES ('45428216854', 'Nihat', 'Kocoglu', 'A Rh-', 'K', 179, 52, STR_TO_DATE('03/08/1945', '%d/%m/%Y'));
INSERT INTO hasta VALUES ('84875021847', 'Gazanfer', 'Kucukler', 'B Rh-', 'K', 196, 77, STR_TO_DATE('13/07/1938', '%d/%m/%Y'));
INSERT INTO hasta VALUES ('62427187906', 'Afra', 'Ayverdi', 'B Rh-', 'E', 176, 106, STR_TO_DATE('24/02/1996', '%d/%m/%Y'));
INSERT INTO hasta VALUES ('60617485753', 'Muaz', 'Ayverdi', 'B Rh+', 'E', 193, 55, STR_TO_DATE('02/08/1930', '%d/%m/%Y'));
INSERT INTO hasta VALUES ('75266095483', 'Feride', 'Ayverdi', 'B Rh-', 'E', 185, 65, STR_TO_DATE('03/02/1972', '%d/%m/%Y'));
INSERT INTO hasta VALUES ('35767087420', 'Durmus', 'Kucukler', 'A Rh+', 'E', 177, 85, STR_TO_DATE('05/03/1969', '%d/%m/%Y'));
INSERT INTO hasta VALUES ('22436696777', 'Derin', 'Kocoglu', 'B Rh-', 'K', 175, 98, STR_TO_DATE('08/07/1994', '%d/%m/%Y'));
INSERT INTO hasta VALUES ('93249422740', 'Namik', 'Oraloglu', 'A Rh-', 'E', 165, 72, STR_TO_DATE('21/01/1941', '%d/%m/%Y'));
INSERT INTO hasta VALUES ('57296112508', 'Piraye', 'Kunter', 'B Rh+', 'E', 186, 66, STR_TO_DATE('24/08/1970', '%d/%m/%Y'));
INSERT INTO hasta VALUES ('69224115217', 'Ilkben', 'Ayverdi', 'AB Rh-', 'E', 174, 86, STR_TO_DATE('06/05/1919', '%d/%m/%Y'));
INSERT INTO hasta VALUES ('40618572934', 'Yagmur', 'Kucukler', 'B Rh-', 'E', 181, 61, STR_TO_DATE('21/07/1986', '%d/%m/%Y'));
INSERT INTO hasta VALUES ('40682728340', 'Batur', 'Ayverdi', 'A Rh+', 'E', 184, 67, STR_TO_DATE('19/10/1931', '%d/%m/%Y'));
INSERT INTO hasta VALUES ('44087507465', 'Ozden', 'Kunter', 'A Rh+', 'K', 165, 83, STR_TO_DATE('13/07/1967', '%d/%m/%Y'));
INSERT INTO hasta VALUES ('89120396103', 'Dilhan', 'Ayverdi', 'AB Rh-', 'K', 176, 98, STR_TO_DATE('23/02/1914', '%d/%m/%Y'));
INSERT INTO hasta VALUES ('62334151550', 'Ekin', 'Kucukler', 'B Rh+', 'E', 174, 106, STR_TO_DATE('20/06/2004', '%d/%m/%Y'));
INSERT INTO hasta VALUES ('68255853492', 'Asuela', 'Oraloglu', 'B Rh+', 'K', 188, 51, STR_TO_DATE('23/01/1983', '%d/%m/%Y'));
INSERT INTO hasta VALUES ('55970136395', 'Safa', 'Kunter', 'A Rh-', 'E', 179, 101, STR_TO_DATE('29/03/1997', '%d/%m/%Y'));
INSERT INTO hasta VALUES ('25942371100', 'Selma', 'Oraloglu', 'AB Rh-', 'K', 191, 89, STR_TO_DATE('28/01/1946', '%d/%m/%Y'));
INSERT INTO hasta VALUES ('32329910142', 'Meral', 'Kucukler', 'B Rh+', 'K', 197, 102, STR_TO_DATE('23/10/1942', '%d/%m/%Y'));
INSERT INTO hasta VALUES ('46262349706', 'Hayat', 'Kucukler', 'A Rh+', 'K', 157, 78, STR_TO_DATE('20/07/1950', '%d/%m/%Y'));
INSERT INTO hasta VALUES ('75745906230', 'Dilberay', 'Oraloglu', 'B Rh+', 'K', 190, 83, STR_TO_DATE('03/07/1974', '%d/%m/%Y'));
INSERT INTO hasta VALUES ('36324193178', 'Recep', 'Oraloglu', 'B Rh-', 'E', 188, 105, STR_TO_DATE('15/12/1929', '%d/%m/%Y'));
INSERT INTO hasta VALUES ('26512754582', 'Ceylin', 'Tunceri', 'AB Rh-', 'K', 156, 69, STR_TO_DATE('17/12/1937', '%d/%m/%Y'));
INSERT INTO hasta VALUES ('24040741728', 'Bediz', 'Kocoglu', 'A Rh-', 'K', 155, 96, STR_TO_DATE('06/03/1995', '%d/%m/%Y'));
INSERT INTO hasta VALUES ('37447153765', 'Muslih', 'Ayverdi', 'A Rh-', 'E', 184, 104, STR_TO_DATE('01/07/1938', '%d/%m/%Y'));
INSERT INTO hasta VALUES ('84383716069', 'Isil', 'Tunceri', 'A Rh+', 'E', 181, 64, STR_TO_DATE('19/03/1988', '%d/%m/%Y'));
INSERT INTO hasta VALUES ('14411302272', 'Behzat', 'Kunter', 'A Rh-', 'K', 198, 92, STR_TO_DATE('17/02/1932', '%d/%m/%Y'));
INSERT INTO hasta VALUES ('81117813795', 'Ceylan', 'Kocoglu', 'A Rh+', 'E', 170, 84, STR_TO_DATE('07/03/1982', '%d/%m/%Y'));
INSERT INTO hasta VALUES ('43420772038', 'Hilal', 'Ayverdi', 'AB Rh+', 'E', 159, 86, STR_TO_DATE('03/04/2007', '%d/%m/%Y'));
INSERT INTO hasta VALUES ('43611323247', 'Selami', 'Kucukler', 'B Rh+', 'K', 159, 98, STR_TO_DATE('11/05/1913', '%d/%m/%Y'));
INSERT INTO hasta VALUES ('37481546515', 'Nisan', 'Kucukler', 'B Rh-', 'E', 159, 97, STR_TO_DATE('12/07/1990', '%d/%m/%Y'));
INSERT INTO hasta VALUES ('80993753721', 'Salim', 'Oraloglu', 'AB Rh+', 'E', 160, 91, STR_TO_DATE('15/11/1965', '%d/%m/%Y'));
INSERT INTO hasta VALUES ('28944813937', 'Feramuz', 'Oraloglu', 'AB Rh+', 'K', 178, 79, STR_TO_DATE('08/12/1996', '%d/%m/%Y'));
INSERT INTO hasta VALUES ('21264029907', 'Humayun', 'Ayverdi', 'AB Rh+', 'K', 157, 78, STR_TO_DATE('13/04/1948', '%d/%m/%Y'));
INSERT INTO hasta VALUES ('31552672556', 'Gulden', 'Kunter', 'B Rh-', 'K', 161, 62, STR_TO_DATE('24/11/1975', '%d/%m/%Y'));
INSERT INTO hasta VALUES ('36032221849', 'Ceren', 'Kucukler', 'A Rh-', 'E', 179, 75, STR_TO_DATE('26/01/1932', '%d/%m/%Y'));
INSERT INTO hasta VALUES ('46165881533', 'Ulku', 'Tunceri', 'A Rh-', 'E', 158, 71, STR_TO_DATE('08/08/1945', '%d/%m/%Y'));
INSERT INTO hasta VALUES ('81546556551', 'Alican', 'Kunter', 'B Rh-', 'E', 180, 50, STR_TO_DATE('20/12/1948', '%d/%m/%Y'));
INSERT INTO hasta VALUES ('53807029750', 'Meryem', 'Kocoglu', 'AB Rh-', 'K', 196, 82, STR_TO_DATE('02/07/1994', '%d/%m/%Y'));
INSERT INTO hasta VALUES ('38743021443', 'Berceste', 'Kocoglu', 'B Rh-', 'K', 171, 65, STR_TO_DATE('13/07/1945', '%d/%m/%Y'));
INSERT INTO hasta VALUES ('20455278304', 'Belemir', 'Ayverdi', 'A Rh+', 'K', 167, 106, STR_TO_DATE('18/01/1917', '%d/%m/%Y'));
INSERT INTO hasta VALUES ('92798906059', 'Guher', 'Kocoglu', 'AB Rh-', 'E', 172, 99, STR_TO_DATE('13/11/1970', '%d/%m/%Y'));
INSERT INTO hasta VALUES ('88008679314', 'Seyfullah', 'Oraloglu', 'A Rh+', 'E', 189, 82, STR_TO_DATE('01/02/2006', '%d/%m/%Y'));
INSERT INTO hasta VALUES ('83358062033', 'Kadem', 'Oraloglu', 'A Rh-', 'K', 187, 70, STR_TO_DATE('07/04/1931', '%d/%m/%Y'));
INSERT INTO hasta VALUES ('83160382104', 'Sahsuvar', 'Kunter', 'AB Rh+', 'E', 190, 57, STR_TO_DATE('20/01/2001', '%d/%m/%Y'));
INSERT INTO hasta VALUES ('93505108783', 'Sinem', 'Kocoglu', 'B Rh+', 'K', 195, 94, STR_TO_DATE('01/03/1927', '%d/%m/%Y'));
INSERT INTO hasta VALUES ('38357611163', 'Ferruh', 'Tunceri', 'B Rh+', 'E', 161, 59, STR_TO_DATE('21/11/1987', '%d/%m/%Y'));
INSERT INTO hasta VALUES ('58275201090', 'Erdem', 'Kunter', 'A Rh+', 'E', 196, 56, STR_TO_DATE('23/12/1978', '%d/%m/%Y'));
INSERT INTO hasta VALUES ('43872814390', 'Gulcin', 'Kunter', 'AB Rh-', 'E', 182, 62, STR_TO_DATE('04/09/1982', '%d/%m/%Y'));
INSERT INTO hasta VALUES ('48294924385', 'Ergin', 'Kucukler', 'A Rh-', 'K', 164, 71, STR_TO_DATE('05/02/1981', '%d/%m/%Y'));
INSERT INTO hasta VALUES ('94305434884', 'Fusun', 'Tunceri', 'B Rh+', 'K', 158, 79, STR_TO_DATE('12/03/1967', '%d/%m/%Y'));
INSERT INTO hasta VALUES ('17052627368', 'Merve', 'Kunter', 'A Rh-', 'E', 177, 106, STR_TO_DATE('01/05/1977', '%d/%m/%Y'));
INSERT INTO hasta VALUES ('67548780133', 'Gozde', 'Ayverdi', 'A Rh+', 'E', 172, 77, STR_TO_DATE('22/09/1925', '%d/%m/%Y'));
INSERT INTO hasta VALUES ('49217579139', 'Zafer', 'Kocoglu', 'AB Rh+', 'K', 198, 69, STR_TO_DATE('03/08/2003', '%d/%m/%Y'));
INSERT INTO hasta VALUES ('74450697956', 'Mukaddes', 'Kocoglu', 'A Rh-', 'E', 191, 90, STR_TO_DATE('15/01/1918', '%d/%m/%Y'));
INSERT INTO hasta VALUES ('61079721699', 'Cihad', 'Kucukler', 'A Rh+', 'K', 168, 101, STR_TO_DATE('08/08/1963', '%d/%m/%Y'));
INSERT INTO hasta VALUES ('57694875647', 'Ahenk', 'Kunter', 'AB Rh+', 'E', 156, 86, STR_TO_DATE('09/08/1915', '%d/%m/%Y'));
INSERT INTO hasta VALUES ('57838397907', 'Hande', 'Oraloglu', 'A Rh-', 'K', 164, 66, STR_TO_DATE('28/03/1956', '%d/%m/%Y'));
INSERT INTO hasta VALUES ('32816320521', 'Gul', 'Oraloglu', 'A Rh+', 'E', 169, 91, STR_TO_DATE('23/04/1923', '%d/%m/%Y'));
INSERT INTO hasta VALUES ('95817960078', 'Taner', 'Kunter', 'B Rh-', 'K', 191, 59, STR_TO_DATE('25/05/1912', '%d/%m/%Y'));
INSERT INTO hasta VALUES ('10671022668', 'Mehtap', 'Kucukler', 'B Rh-', 'E', 180, 104, STR_TO_DATE('05/07/1921', '%d/%m/%Y'));
INSERT INTO hasta VALUES ('97045637413', 'Kamuran', 'Tunceri', 'AB Rh-', 'E', 191, 95, STR_TO_DATE('23/12/1964', '%d/%m/%Y'));
INSERT INTO hasta VALUES ('28628703036', 'Direnc', 'Kunter', 'B Rh+', 'K', 193, 109, STR_TO_DATE('02/01/1980', '%d/%m/%Y'));
INSERT INTO hasta VALUES ('24435503054', 'Acela', 'Kocoglu', 'B Rh-', 'K', 172, 68, STR_TO_DATE('29/01/1932', '%d/%m/%Y'));
INSERT INTO hasta VALUES ('22335142365', 'Mehtap', 'Ayverdi', 'B Rh+', 'K', 165, 96, STR_TO_DATE('01/06/1913', '%d/%m/%Y'));
INSERT INTO hasta VALUES ('44740264849', 'Muesser', 'Kucukler', 'A Rh-', 'K', 164, 87, STR_TO_DATE('27/02/1998', '%d/%m/%Y'));
INSERT INTO hasta VALUES ('11084607958', 'Yesim', 'Kocoglu', 'B Rh+', 'K', 175, 62, STR_TO_DATE('01/02/2004', '%d/%m/%Y'));
INSERT INTO hasta VALUES ('64847546910', 'Hande', 'Tunceri', 'A Rh+', 'E', 199, 82, STR_TO_DATE('27/11/1910', '%d/%m/%Y'));
INSERT INTO hasta VALUES ('13077172521', 'Bartu', 'Kunter', 'B Rh+', 'E', 197, 62, STR_TO_DATE('17/10/1998', '%d/%m/%Y'));
INSERT INTO hasta VALUES ('79740540728', 'Idil', 'Kucukler', 'AB Rh-', 'E', 181, 85, STR_TO_DATE('22/12/1936', '%d/%m/%Y'));
INSERT INTO hasta VALUES ('43372609075', 'Fahriye', 'Ayverdi', 'AB Rh+', 'E', 181, 80, STR_TO_DATE('21/01/1958', '%d/%m/%Y'));
INSERT INTO hasta VALUES ('60691573105', 'Umur', 'Kunter', 'A Rh+', 'K', 179, 103, STR_TO_DATE('15/07/1956', '%d/%m/%Y'));
INSERT INTO hasta VALUES ('22081298129', 'Batuhan', 'Oraloglu', 'A Rh-', 'K', 191, 100, STR_TO_DATE('09/11/1915', '%d/%m/%Y'));
INSERT INTO hasta VALUES ('76567502894', 'Mirkelam', 'Tunceri', 'AB Rh+', 'E', 170, 64, STR_TO_DATE('25/02/1959', '%d/%m/%Y'));
INSERT INTO hasta VALUES ('42362679961', 'Ilkyaz', 'Tunceri', 'AB Rh-', 'K', 186, 63, STR_TO_DATE('19/11/1973', '%d/%m/%Y'));
INSERT INTO hasta VALUES ('43910014935', 'Pakize', 'Kunter', 'AB Rh-', 'K', 156, 99, STR_TO_DATE('12/11/1998', '%d/%m/%Y'));
INSERT INTO hasta VALUES ('72696993564', 'Meliksah', 'Kucukler', 'AB Rh-', 'K', 156, 82, STR_TO_DATE('26/01/1942', '%d/%m/%Y'));
INSERT INTO hasta VALUES ('22224235636', 'Ferruh', 'Ayverdi', 'AB Rh+', 'K', 156, 52, STR_TO_DATE('28/07/2007', '%d/%m/%Y'));
INSERT INTO hasta VALUES ('82632613980', 'Lamia', 'Kucukler', 'AB Rh+', 'E', 188, 50, STR_TO_DATE('10/09/1910', '%d/%m/%Y'));
INSERT INTO hasta VALUES ('28498802846', 'Nil', 'Tunceri', 'AB Rh+', 'E', 157, 68, STR_TO_DATE('02/10/1979', '%d/%m/%Y'));
INSERT INTO hasta VALUES ('42076419130', 'Gungor', 'Kunter', 'A Rh+', 'E', 162, 102, STR_TO_DATE('04/12/1976', '%d/%m/%Y'));
INSERT INTO hasta VALUES ('96425343244', 'Hifzi', 'Tunceri', 'B Rh+', 'E', 180, 109, STR_TO_DATE('21/09/1975', '%d/%m/%Y'));
INSERT INTO hasta VALUES ('41161690290', 'Faruk', 'Oraloglu', 'A Rh+', 'E', 188, 59, STR_TO_DATE('18/09/1910', '%d/%m/%Y'));
INSERT INTO hasta VALUES ('81088235733', 'Ozer', 'Kocoglu', 'A Rh+', 'E', 162, 88, STR_TO_DATE('14/12/2002', '%d/%m/%Y'));
INSERT INTO hasta VALUES ('55223061288', 'Kadem', 'Oraloglu', 'B Rh-', 'K', 168, 53, STR_TO_DATE('13/03/1910', '%d/%m/%Y'));
INSERT INTO hasta VALUES ('20099376207', 'Ozlen', 'Ayverdi', 'A Rh-', 'K', 198, 66, STR_TO_DATE('20/05/1975', '%d/%m/%Y'));
INSERT INTO hasta VALUES ('89489970664', 'Yuksel', 'Oraloglu', 'B Rh-', 'E', 176, 95, STR_TO_DATE('09/08/1972', '%d/%m/%Y'));
INSERT INTO hasta VALUES ('47003920897', 'Husrev', 'Oraloglu', 'AB Rh+', 'E', 188, 77, STR_TO_DATE('09/12/1974', '%d/%m/%Y'));
INSERT INTO hasta VALUES ('69991891837', 'Mukadder', 'Kunter', 'B Rh+', 'E', 193, 88, STR_TO_DATE('06/11/1987', '%d/%m/%Y'));
INSERT INTO hasta VALUES ('60240709641', 'Hâtem', 'Oraloglu', 'A Rh-', 'K', 168, 69, STR_TO_DATE('28/12/1929', '%d/%m/%Y'));
INSERT INTO hasta VALUES ('86327183759', 'Yetkin', 'Kocoglu', 'A Rh-', 'K', 193, 98, STR_TO_DATE('14/06/1936', '%d/%m/%Y'));
INSERT INTO hasta VALUES ('29056730300', 'Gultekin', 'Ayverdi', 'B Rh-', 'K', 179, 90, STR_TO_DATE('07/01/1911', '%d/%m/%Y'));
INSERT INTO hasta VALUES ('42950147879', 'Ceyda', 'Kunter', 'AB Rh+', 'E', 171, 98, STR_TO_DATE('29/06/1957', '%d/%m/%Y'));
INSERT INTO hasta VALUES ('31353898301', 'Zeliha', 'Tunceri', 'A Rh+', 'K', 164, 56, STR_TO_DATE('23/10/1929', '%d/%m/%Y'));
INSERT INTO hasta VALUES ('87428095906', 'Tayfun', 'Kocoglu', 'AB Rh-', 'K', 189, 50, STR_TO_DATE('18/01/1986', '%d/%m/%Y'));
INSERT INTO hasta VALUES ('63307481802', 'Nalan', 'Kunter', 'B Rh-', 'E', 196, 86, STR_TO_DATE('14/10/1925', '%d/%m/%Y'));
INSERT INTO hasta VALUES ('57073385717', 'Fusun', 'Kunter', 'A Rh+', 'E', 190, 78, STR_TO_DATE('13/09/2004', '%d/%m/%Y'));
INSERT INTO hasta VALUES ('48832974026', 'Bercin', 'Oraloglu', 'A Rh+', 'K', 178, 102, STR_TO_DATE('15/06/1937', '%d/%m/%Y'));
INSERT INTO hasta VALUES ('29181834206', 'Durmus', 'Kucukler', 'AB Rh+', 'E', 173, 104, STR_TO_DATE('18/12/1952', '%d/%m/%Y'));
INSERT INTO hasta VALUES ('41739905645', 'Ozer', 'Kunter', 'B Rh+', 'E', 174, 103, STR_TO_DATE('08/11/1980', '%d/%m/%Y'));
INSERT INTO hasta VALUES ('43154554054', 'Zâhit', 'Kunter', 'AB Rh-', 'E', 186, 96, STR_TO_DATE('05/01/1980', '%d/%m/%Y'));
INSERT INTO hasta VALUES ('94259807107', 'Hani', 'Tunceri', 'AB Rh-', 'E', 182, 101, STR_TO_DATE('25/02/1944', '%d/%m/%Y'));
INSERT INTO hasta VALUES ('35178622464', 'Hamza', 'Tunceri', 'AB Rh+', 'E', 160, 78, STR_TO_DATE('10/09/1949', '%d/%m/%Y'));
INSERT INTO hasta VALUES ('57352372841', 'Behcet', 'Ayverdi', 'AB Rh+', 'E', 178, 97, STR_TO_DATE('01/11/1933', '%d/%m/%Y'));
INSERT INTO hasta VALUES ('10784144509', 'Tamer', 'Tunceri', 'B Rh+', 'E', 161, 82, STR_TO_DATE('12/10/2008', '%d/%m/%Y'));
INSERT INTO hasta VALUES ('96791613445', 'Server', 'Kucukler', 'AB Rh-', 'K', 193, 85, STR_TO_DATE('20/04/1966', '%d/%m/%Y'));
INSERT INTO hasta VALUES ('63342085115', 'Osman', 'Tunceri', 'A Rh+', 'K', 188, 107, STR_TO_DATE('24/06/2001', '%d/%m/%Y'));
INSERT INTO hasta VALUES ('25674452456', 'Amara', 'Kucukler', 'A Rh+', 'K', 169, 55, STR_TO_DATE('04/03/1939', '%d/%m/%Y'));
INSERT INTO hasta VALUES ('81094023342', 'Rahsan', 'Kunter', 'AB Rh-', 'E', 171, 59, STR_TO_DATE('05/02/1991', '%d/%m/%Y'));
INSERT INTO hasta VALUES ('20018276713', 'Pakize', 'Kucukler', 'B Rh+', 'K', 178, 70, STR_TO_DATE('06/09/1910', '%d/%m/%Y'));
INSERT INTO hasta VALUES ('42754563566', 'Ozden', 'Tunceri', 'B Rh-', 'K', 172, 72, STR_TO_DATE('16/11/2000', '%d/%m/%Y'));
INSERT INTO hasta VALUES ('64476684485', 'Nurullah', 'Kucukler', 'B Rh+', 'E', 179, 80, STR_TO_DATE('12/05/1947', '%d/%m/%Y'));
INSERT INTO hasta VALUES ('70343599126', 'Eysan', 'Oraloglu', 'A Rh-', 'K', 161, 66, STR_TO_DATE('01/10/1992', '%d/%m/%Y'));
INSERT INTO hasta VALUES ('21262363646', 'Behcet', 'Oraloglu', 'A Rh+', 'E', 162, 101, STR_TO_DATE('21/10/1967', '%d/%m/%Y'));
INSERT INTO hasta VALUES ('54582210468', 'Zekai', 'Ayverdi', 'B Rh-', 'K', 199, 58, STR_TO_DATE('05/01/1964', '%d/%m/%Y'));
INSERT INTO hasta VALUES ('21081500762', 'Ahmet', 'Ayverdi', 'AB Rh-', 'E', 182, 91, STR_TO_DATE('08/11/1947', '%d/%m/%Y'));
INSERT INTO hasta VALUES ('16463387566', 'Cezmi', 'Ayverdi', 'A Rh+', 'K', 159, 50, STR_TO_DATE('17/08/1918', '%d/%m/%Y'));
INSERT INTO hasta VALUES ('94882994654', 'Yildiz', 'Oraloglu', 'B Rh-', 'E', 166, 72, STR_TO_DATE('17/11/1981', '%d/%m/%Y'));
INSERT INTO hasta VALUES ('42979003207', 'Hizir', 'Oraloglu', 'AB Rh+', 'K', 196, 76, STR_TO_DATE('29/01/1918', '%d/%m/%Y'));
INSERT INTO hasta VALUES ('32305115844', 'Fatma', 'Kucukler', 'AB Rh+', 'E', 186, 88, STR_TO_DATE('25/09/1924', '%d/%m/%Y'));
INSERT INTO hasta VALUES ('42106947891', 'Unsel', 'Ayverdi', 'A Rh+', 'K', 172, 51, STR_TO_DATE('24/11/1971', '%d/%m/%Y'));
INSERT INTO hasta VALUES ('70906692242', 'Nusret', 'Kucukler', 'B Rh+', 'K', 164, 50, STR_TO_DATE('27/07/1941', '%d/%m/%Y'));
INSERT INTO hasta VALUES ('97848927066', 'Melda', 'Kucukler', 'B Rh-', 'K', 178, 87, STR_TO_DATE('08/04/1975', '%d/%m/%Y'));
INSERT INTO hasta VALUES ('76409682447', 'Atilla', 'Kucukler', 'A Rh+', 'E', 167, 98, STR_TO_DATE('05/06/1953', '%d/%m/%Y'));
INSERT INTO hasta VALUES ('88770164606', 'Mine', 'Ayverdi', 'A Rh-', 'K', 184, 50, STR_TO_DATE('13/06/1919', '%d/%m/%Y'));
INSERT INTO hasta VALUES ('33950905547', 'Amara', 'Tunceri', 'B Rh+', 'K', 199, 65, STR_TO_DATE('14/10/1951', '%d/%m/%Y'));
INSERT INTO hasta VALUES ('73287846088', 'Tevfik', 'Kocoglu', 'AB Rh+', 'E', 194, 73, STR_TO_DATE('12/09/1950', '%d/%m/%Y'));
INSERT INTO hasta VALUES ('33932398676', 'Vefik', 'Tunceri', 'AB Rh-', 'E', 169, 85, STR_TO_DATE('24/01/2007', '%d/%m/%Y'));
INSERT INTO hasta VALUES ('61661809250', 'Gonul', 'Kocoglu', 'B Rh-', 'E', 163, 54, STR_TO_DATE('25/01/1915', '%d/%m/%Y'));
INSERT INTO hasta VALUES ('29943909742', 'Ferhat', 'Ayverdi', 'A Rh-', 'E', 184, 53, STR_TO_DATE('01/05/1925', '%d/%m/%Y'));
INSERT INTO hasta VALUES ('64404976431', 'Melis', 'Kucukler', 'AB Rh-', 'E', 167, 55, STR_TO_DATE('07/08/1960', '%d/%m/%Y'));
INSERT INTO hasta VALUES ('61147330047', 'Fuldem', 'Oraloglu', 'A Rh-', 'K', 156, 80, STR_TO_DATE('16/11/1997', '%d/%m/%Y'));
INSERT INTO hasta VALUES ('46859360458', 'Neslisah', 'Kunter', 'AB Rh-', 'E', 170, 85, STR_TO_DATE('27/05/1941', '%d/%m/%Y'));
INSERT INTO hasta VALUES ('70408921183', 'Gizem', 'Kocoglu', 'AB Rh-', 'E', 194, 94, STR_TO_DATE('11/05/1954', '%d/%m/%Y'));
INSERT INTO hasta VALUES ('60430911299', 'Nazli', 'Kocoglu', 'A Rh+', 'E', 199, 84, STR_TO_DATE('02/07/1968', '%d/%m/%Y'));
INSERT INTO hasta VALUES ('73466885478', 'Adem', 'Oraloglu', 'AB Rh+', 'K', 176, 94, STR_TO_DATE('09/01/1934', '%d/%m/%Y'));
INSERT INTO hasta VALUES ('42815742871', 'Alican', 'Kunter', 'B Rh-', 'K', 168, 100, STR_TO_DATE('18/07/2009', '%d/%m/%Y'));
INSERT INTO hasta VALUES ('53947057022', 'Muge', 'Oraloglu', 'AB Rh+', 'K', 166, 92, STR_TO_DATE('17/03/2005', '%d/%m/%Y'));
INSERT INTO hasta VALUES ('27125600059', 'Yasemin', 'Tunceri', 'B Rh-', 'E', 185, 76, STR_TO_DATE('16/12/2006', '%d/%m/%Y'));
INSERT INTO hasta VALUES ('55261315613', 'Aytug', 'Ayverdi', 'B Rh-', 'K', 177, 73, STR_TO_DATE('06/06/1923', '%d/%m/%Y'));
INSERT INTO hasta VALUES ('71386408754', 'Hasin', 'Ayverdi', 'A Rh+', 'K', 193, 62, STR_TO_DATE('18/06/1980', '%d/%m/%Y'));
INSERT INTO hasta VALUES ('49188597259', 'Bagdagul', 'Ayverdi', 'B Rh+', 'K', 174, 51, STR_TO_DATE('20/01/1990', '%d/%m/%Y'));
INSERT INTO hasta VALUES ('71540146686', 'Emir', 'Ayverdi', 'A Rh+', 'K', 168, 95, STR_TO_DATE('13/06/1945', '%d/%m/%Y'));
INSERT INTO hasta VALUES ('86273784894', 'Kadrican', 'Oraloglu', 'A Rh+', 'E', 177, 55, STR_TO_DATE('24/04/1969', '%d/%m/%Y'));
INSERT INTO hasta VALUES ('77746358526', 'Ekmel', 'Kunter', 'AB Rh-', 'K', 193, 64, STR_TO_DATE('13/05/1939', '%d/%m/%Y'));
INSERT INTO hasta VALUES ('47246363819', 'Ayhan', 'Oraloglu', 'AB Rh-', 'K', 169, 83, STR_TO_DATE('27/04/1959', '%d/%m/%Y'));
INSERT INTO hasta VALUES ('32190363886', 'Cemil', 'Kunter', 'AB Rh+', 'K', 177, 105, STR_TO_DATE('23/04/1948', '%d/%m/%Y'));
INSERT INTO hasta VALUES ('29322421572', 'Harun', 'Tunceri', 'B Rh+', 'K', 190, 70, STR_TO_DATE('22/05/1928', '%d/%m/%Y'));
INSERT INTO hasta VALUES ('98506895211', 'Erberk', 'Kucukler', 'B Rh-', 'E', 171, 109, STR_TO_DATE('20/02/1988', '%d/%m/%Y'));
INSERT INTO hasta VALUES ('26864381971', 'Sahsuvar', 'Kocoglu', 'B Rh+', 'K', 155, 62, STR_TO_DATE('13/01/1975', '%d/%m/%Y'));
INSERT INTO hasta VALUES ('88183526495', 'Resul', 'Kunter', 'B Rh-', 'E', 174, 72, STR_TO_DATE('29/11/1961', '%d/%m/%Y'));
INSERT INTO hasta VALUES ('42491597090', 'Dikmen', 'Oraloglu', 'AB Rh-', 'K', 178, 61, STR_TO_DATE('03/07/1959', '%d/%m/%Y'));
INSERT INTO hasta VALUES ('75604606794', 'Kerami', 'Oraloglu', 'AB Rh-', 'K', 182, 80, STR_TO_DATE('24/11/2002', '%d/%m/%Y'));
INSERT INTO hasta VALUES ('40986206442', 'Guher', 'Oraloglu', 'AB Rh-', 'K', 180, 84, STR_TO_DATE('05/03/1911', '%d/%m/%Y'));
INSERT INTO hasta VALUES ('70132627468', 'Berkin', 'Kocoglu', 'B Rh+', 'E', 165, 65, STR_TO_DATE('23/01/1991', '%d/%m/%Y'));
INSERT INTO hasta VALUES ('73504938669', 'Ede', 'Kucukler', 'AB Rh+', 'K', 169, 86, STR_TO_DATE('20/09/1929', '%d/%m/%Y'));
INSERT INTO hasta VALUES ('99886584520', 'Faruk', 'Oraloglu', 'A Rh-', 'K', 189, 78, STR_TO_DATE('29/10/1992', '%d/%m/%Y'));
INSERT INTO hasta VALUES ('32669171815', 'Yaprak', 'Kocoglu', 'AB Rh-', 'E', 190, 98, STR_TO_DATE('18/04/1918', '%d/%m/%Y'));
INSERT INTO hasta VALUES ('10295415179', 'Faruk', 'Ayverdi', 'A Rh-', 'E', 192, 101, STR_TO_DATE('19/06/1929', '%d/%m/%Y'));
INSERT INTO hasta VALUES ('68538949733', 'Fikri', 'Oraloglu', 'AB Rh+', 'K', 176, 68, STR_TO_DATE('17/01/1915', '%d/%m/%Y'));
INSERT INTO hasta VALUES ('23422762154', 'Turkan', 'Kucukler', 'B Rh-', 'K', 169, 51, STR_TO_DATE('14/06/1940', '%d/%m/%Y'));
INSERT INTO hasta VALUES ('93590705984', 'Alvina', 'Kocoglu', 'A Rh+', 'E', 194, 99, STR_TO_DATE('14/07/1927', '%d/%m/%Y'));
INSERT INTO hasta VALUES ('66040040904', 'Oguzhan', 'Kucukler', 'AB Rh-', 'E', 175, 62, STR_TO_DATE('25/01/1947', '%d/%m/%Y'));
INSERT INTO hasta VALUES ('38543400782', 'Remzi', 'Kucukler', 'B Rh-', 'K', 191, 56, STR_TO_DATE('26/07/1959', '%d/%m/%Y'));
INSERT INTO hasta VALUES ('52711473239', 'Feyzullah', 'Kocoglu', 'B Rh-', 'K', 169, 94, STR_TO_DATE('08/10/1938', '%d/%m/%Y'));
INSERT INTO hasta VALUES ('77692221994', 'Affan', 'Kunter', 'A Rh-', 'E', 190, 91, STR_TO_DATE('13/02/1919', '%d/%m/%Y'));
INSERT INTO hasta VALUES ('48446299882', 'Talay', 'Kucukler', 'AB Rh-', 'E', 176, 67, STR_TO_DATE('01/06/1950', '%d/%m/%Y'));
INSERT INTO hasta VALUES ('37240546547', 'Cetiner', 'Kocoglu', 'A Rh+', 'K', 162, 100, STR_TO_DATE('21/01/1920', '%d/%m/%Y'));
INSERT INTO hasta VALUES ('29793575620', 'Ceylinaz', 'Tunceri', 'AB Rh+', 'K', 173, 89, STR_TO_DATE('29/12/1999', '%d/%m/%Y'));
INSERT INTO hasta VALUES ('57900999624', 'Umit', 'Ayverdi', 'B Rh-', 'K', 186, 79, STR_TO_DATE('19/07/1924', '%d/%m/%Y'));
INSERT INTO hasta VALUES ('38635812036', 'Itir', 'Kunter', 'B Rh-', 'K', 190, 74, STR_TO_DATE('13/09/2001', '%d/%m/%Y'));
INSERT INTO hasta VALUES ('12897564888', 'Berkan', 'Kucukler', 'AB Rh+', 'E', 179, 102, STR_TO_DATE('03/12/1983', '%d/%m/%Y'));
INSERT INTO hasta VALUES ('56809683956', 'Atakan', 'Kucukler', 'AB Rh-', 'K', 175, 93, STR_TO_DATE('02/09/1970', '%d/%m/%Y'));
INSERT INTO hasta VALUES ('93029816092', 'Rafet', 'Oraloglu', 'A Rh-', 'K', 164, 60, STR_TO_DATE('06/01/1995', '%d/%m/%Y'));
INSERT INTO hasta VALUES ('99888189021', 'Iffet', 'Tunceri', 'A Rh+', 'K', 189, 67, STR_TO_DATE('12/02/1992', '%d/%m/%Y'));
INSERT INTO hasta VALUES ('34775737673', 'Naim', 'Kunter', 'A Rh-', 'K', 191, 50, STR_TO_DATE('23/01/1960', '%d/%m/%Y'));
INSERT INTO hasta VALUES ('22308430145', 'Bahtiyar', 'Kocoglu', 'AB Rh+', 'E', 156, 54, STR_TO_DATE('15/12/1917', '%d/%m/%Y'));
INSERT INTO hasta VALUES ('64175620240', 'Celasun', 'Ayverdi', 'A Rh+', 'E', 176, 53, STR_TO_DATE('26/06/2008', '%d/%m/%Y'));
INSERT INTO hasta VALUES ('91596192910', 'Pelinsu', 'Ayverdi', 'AB Rh+', 'K', 186, 65, STR_TO_DATE('28/07/2003', '%d/%m/%Y'));
INSERT INTO hasta VALUES ('59577332180', 'Goksin', 'Kucukler', 'B Rh+', 'E', 156, 51, STR_TO_DATE('01/01/1947', '%d/%m/%Y'));
INSERT INTO hasta VALUES ('72610241310', 'Barin', 'Tunceri', 'B Rh+', 'E', 188, 96, STR_TO_DATE('15/01/1920', '%d/%m/%Y'));
INSERT INTO hasta VALUES ('14350416097', 'Selvi', 'Tunceri', 'AB Rh+', 'K', 160, 68, STR_TO_DATE('04/02/1934', '%d/%m/%Y'));
INSERT INTO hasta VALUES ('74514825202', 'Kadi', 'Ayverdi', 'A Rh+', 'E', 182, 58, STR_TO_DATE('10/10/1993', '%d/%m/%Y'));
INSERT INTO hasta VALUES ('75434052268', 'Esin', 'Oraloglu', 'A Rh+', 'K', 180, 93, STR_TO_DATE('28/01/1980', '%d/%m/%Y'));
INSERT INTO hasta VALUES ('34779339438', 'Irfan', 'Ayverdi', 'A Rh-', 'E', 160, 80, STR_TO_DATE('25/05/1931', '%d/%m/%Y'));
INSERT INTO hasta VALUES ('24812072490', 'Hulusi', 'Oraloglu', 'AB Rh+', 'K', 168, 101, STR_TO_DATE('26/02/1940', '%d/%m/%Y'));
INSERT INTO hasta VALUES ('18567307950', 'Kerim', 'Kocoglu', 'AB Rh+', 'K', 193, 66, STR_TO_DATE('23/11/1986', '%d/%m/%Y'));
INSERT INTO hasta VALUES ('15239108464', 'Ergin', 'Oraloglu', 'A Rh-', 'E', 181, 86, STR_TO_DATE('01/06/1942', '%d/%m/%Y'));
INSERT INTO hasta VALUES ('89540059735', 'Zekai', 'Ayverdi', 'AB Rh+', 'K', 173, 81, STR_TO_DATE('09/12/1939', '%d/%m/%Y'));
INSERT INTO hasta VALUES ('37351433841', 'Gazanfer', 'Ayverdi', 'A Rh+', 'K', 164, 83, STR_TO_DATE('14/02/1965', '%d/%m/%Y'));
INSERT INTO hasta VALUES ('31542538279', 'Guven', 'Oraloglu', 'A Rh-', 'E', 192, 62, STR_TO_DATE('05/04/1990', '%d/%m/%Y'));
INSERT INTO hasta VALUES ('50591919768', 'Ahenk', 'Ayverdi', 'A Rh-', 'K', 177, 99, STR_TO_DATE('10/10/1967', '%d/%m/%Y'));
INSERT INTO hasta VALUES ('50424401490', 'Taskin', 'Kocoglu', 'A Rh+', 'E', 199, 93, STR_TO_DATE('18/09/1912', '%d/%m/%Y'));
INSERT INTO hasta VALUES ('39086274262', 'Misbah', 'Tunceri', 'AB Rh+', 'K', 198, 91, STR_TO_DATE('04/04/1919', '%d/%m/%Y'));
INSERT INTO hasta VALUES ('59267590397', 'Sertap', 'Kunter', 'AB Rh+', 'E', 182, 83, STR_TO_DATE('23/09/2004', '%d/%m/%Y'));
INSERT INTO hasta VALUES ('44823974460', 'Demirhan', 'Kunter', 'A Rh-', 'E', 181, 52, STR_TO_DATE('25/08/2001', '%d/%m/%Y'));
INSERT INTO hasta VALUES ('92486226077', 'Zahide', 'Ayverdi', 'AB Rh+', 'E', 186, 104, STR_TO_DATE('12/10/1935', '%d/%m/%Y'));
INSERT INTO hasta VALUES ('92367796671', 'Yigit', 'Kocoglu', 'B Rh-', 'K', 196, 87, STR_TO_DATE('01/08/1962', '%d/%m/%Y'));
INSERT INTO hasta VALUES ('67491454268', 'Zekai', 'Kucukler', 'B Rh+', 'K', 188, 81, STR_TO_DATE('09/09/1970', '%d/%m/%Y'));
INSERT INTO hasta VALUES ('33323970265', 'Bade', 'Ayverdi', 'B Rh+', 'K', 190, 77, STR_TO_DATE('22/05/1956', '%d/%m/%Y'));
INSERT INTO hasta VALUES ('84584850442', 'Guldem', 'Tunceri', 'B Rh+', 'K', 191, 60, STR_TO_DATE('27/08/1926', '%d/%m/%Y'));
INSERT INTO hasta VALUES ('84571083467', 'Canel', 'Kocoglu', 'B Rh+', 'K', 163, 105, STR_TO_DATE('13/01/2001', '%d/%m/%Y'));
INSERT INTO hasta VALUES ('42434605843', 'Mukaddes', 'Tunceri', 'B Rh-', 'E', 191, 83, STR_TO_DATE('20/02/2000', '%d/%m/%Y'));
INSERT INTO hasta VALUES ('61404588529', 'Anar', 'Kucukler', 'AB Rh+', 'E', 182, 87, STR_TO_DATE('05/12/1920', '%d/%m/%Y'));
INSERT INTO hasta VALUES ('91425930515', 'Bahtiyar', 'Kucukler', 'AB Rh+', 'E', 190, 81, STR_TO_DATE('14/04/1953', '%d/%m/%Y'));
INSERT INTO hasta VALUES ('22892445795', 'Kerami', 'Ayverdi', 'B Rh-', 'K', 192, 84, STR_TO_DATE('24/01/1970', '%d/%m/%Y'));
INSERT INTO hasta VALUES ('82002579483', 'Senay', 'Kocoglu', 'A Rh+', 'E', 163, 93, STR_TO_DATE('02/11/1954', '%d/%m/%Y'));
INSERT INTO hasta VALUES ('93460461665', 'Sennur', 'Tunceri', 'AB Rh-', 'K', 158, 92, STR_TO_DATE('04/10/1964', '%d/%m/%Y'));
INSERT INTO hasta VALUES ('33944804933', 'Cubeyr', 'Kocoglu', 'AB Rh-', 'E', 190, 79, STR_TO_DATE('29/10/1920', '%d/%m/%Y'));
INSERT INTO hasta VALUES ('59299781798', 'Latife', 'Kucukler', 'B Rh+', 'K', 156, 90, STR_TO_DATE('22/04/1932', '%d/%m/%Y'));
INSERT INTO hasta VALUES ('83330591599', 'Fedai', 'Tunceri', 'A Rh+', 'E', 185, 58, STR_TO_DATE('01/11/1996', '%d/%m/%Y'));
INSERT INTO hasta VALUES ('20584658011', 'Besra', 'Ayverdi', 'A Rh+', 'E', 199, 67, STR_TO_DATE('11/08/1999', '%d/%m/%Y'));
INSERT INTO hasta VALUES ('15337073252', 'Gulen', 'Oraloglu', 'AB Rh+', 'E', 195, 61, STR_TO_DATE('25/06/1967', '%d/%m/%Y'));
INSERT INTO hasta VALUES ('56780530554', 'Ramazan', 'Kucukler', 'AB Rh+', 'K', 162, 61, STR_TO_DATE('29/10/1953', '%d/%m/%Y'));
INSERT INTO hasta VALUES ('91476274050', 'Guher', 'Tunceri', 'AB Rh+', 'E', 173, 61, STR_TO_DATE('14/08/1995', '%d/%m/%Y'));
INSERT INTO hasta VALUES ('78539139545', 'Esmeray', 'Kocoglu', 'B Rh+', 'K', 160, 87, STR_TO_DATE('24/01/1940', '%d/%m/%Y'));
INSERT INTO hasta VALUES ('39592749938', 'Ozge', 'Ayverdi', 'B Rh-', 'K', 163, 59, STR_TO_DATE('06/06/1928', '%d/%m/%Y'));
INSERT INTO hasta VALUES ('81207057002', 'Muesser', 'Ayverdi', 'A Rh-', 'K', 184, 66, STR_TO_DATE('06/01/1912', '%d/%m/%Y'));
INSERT INTO hasta VALUES ('12150920463', 'Nursel', 'Kocoglu', 'AB Rh+', 'E', 165, 96, STR_TO_DATE('04/04/1910', '%d/%m/%Y'));
INSERT INTO hasta VALUES ('61852996973', 'Nur', 'Oraloglu', 'A Rh-', 'E', 184, 89, STR_TO_DATE('21/01/1911', '%d/%m/%Y'));
INSERT INTO hasta VALUES ('35366863482', 'Bediz', 'Oraloglu', 'A Rh+', 'K', 177, 96, STR_TO_DATE('19/04/2006', '%d/%m/%Y'));
INSERT INTO hasta VALUES ('55736199018', 'Durmus', 'Kucukler', 'A Rh+', 'K', 189, 82, STR_TO_DATE('28/08/1971', '%d/%m/%Y'));
INSERT INTO hasta VALUES ('54826555222', 'Fikriye', 'Kunter', 'B Rh+', 'K', 185, 72, STR_TO_DATE('18/06/1912', '%d/%m/%Y'));
INSERT INTO hasta VALUES ('18934596783', 'Selin', 'Tunceri', 'A Rh-', 'K', 188, 66, STR_TO_DATE('16/01/1957', '%d/%m/%Y'));
INSERT INTO hasta VALUES ('56050950232', 'Nadir', 'Oraloglu', 'AB Rh-', 'K', 194, 77, STR_TO_DATE('18/03/2009', '%d/%m/%Y'));
INSERT INTO hasta VALUES ('73910251415', 'Kemâl', 'Kunter', 'AB Rh-', 'E', 168, 50, STR_TO_DATE('11/06/1986', '%d/%m/%Y'));
INSERT INTO hasta VALUES ('98909857139', 'Ilksen', 'Kucukler', 'A Rh+', 'K', 181, 55, STR_TO_DATE('21/06/1998', '%d/%m/%Y'));
INSERT INTO hasta VALUES ('81006018644', 'Bahtiyar', 'Kucukler', 'B Rh-', 'E', 162, 72, STR_TO_DATE('18/07/2001', '%d/%m/%Y'));
INSERT INTO hasta VALUES ('86076692382', 'Behzat', 'Kucukler', 'B Rh-', 'K', 198, 69, STR_TO_DATE('04/03/2000', '%d/%m/%Y'));
INSERT INTO hasta VALUES ('69042007193', 'Bediz', 'Kocoglu', 'A Rh-', 'E', 159, 103, STR_TO_DATE('27/10/1980', '%d/%m/%Y'));
INSERT INTO hasta VALUES ('73713993351', 'Neslisah', 'Kucukler', 'AB Rh+', 'K', 191, 80, STR_TO_DATE('29/06/1938', '%d/%m/%Y'));
INSERT INTO hasta VALUES ('99602628696', 'Sinasi', 'Tunceri', 'B Rh-', 'K', 156, 63, STR_TO_DATE('04/02/2009', '%d/%m/%Y'));
INSERT INTO hasta VALUES ('69932423357', 'Zeynep', 'Kunter', 'A Rh+', 'K', 196, 92, STR_TO_DATE('29/03/2008', '%d/%m/%Y'));
INSERT INTO hasta VALUES ('33099107495', 'Berran', 'Ayverdi', 'AB Rh+', 'K', 177, 57, STR_TO_DATE('29/12/1953', '%d/%m/%Y'));
INSERT INTO hasta VALUES ('60709444848', 'Oguz', 'Kocoglu', 'AB Rh-', 'K', 196, 86, STR_TO_DATE('01/06/1916', '%d/%m/%Y'));
INSERT INTO hasta VALUES ('76218519830', 'Aykan', 'Kunter', 'B Rh-', 'E', 195, 86, STR_TO_DATE('11/01/1998', '%d/%m/%Y'));
INSERT INTO hasta VALUES ('60321538367', 'Cubeyr', 'Tunceri', 'A Rh-', 'K', 170, 65, STR_TO_DATE('17/02/1952', '%d/%m/%Y'));
INSERT INTO hasta VALUES ('58559820694', 'Guven', 'Oraloglu', 'A Rh+', 'E', 182, 96, STR_TO_DATE('14/09/1957', '%d/%m/%Y'));
INSERT INTO hasta VALUES ('51795541789', 'Ekrem', 'Kucukler', 'AB Rh-', 'E', 155, 76, STR_TO_DATE('08/11/2002', '%d/%m/%Y'));
INSERT INTO hasta VALUES ('21448894443', 'Berat', 'Oraloglu', 'A Rh-', 'K', 183, 63, STR_TO_DATE('04/06/1949', '%d/%m/%Y'));
INSERT INTO hasta VALUES ('46937161506', 'Coskuner', 'Ayverdi', 'A Rh+', 'K', 184, 90, STR_TO_DATE('01/10/1935', '%d/%m/%Y'));
INSERT INTO hasta VALUES ('54286074283', 'Seval', 'Kucukler', 'A Rh-', 'K', 178, 53, STR_TO_DATE('14/06/2007', '%d/%m/%Y'));
INSERT INTO hasta VALUES ('20863065347', 'Rahsan', 'Kocoglu', 'B Rh+', 'K', 169, 99, STR_TO_DATE('06/03/1917', '%d/%m/%Y'));
INSERT INTO hasta VALUES ('11366748370', 'Ruhsar', 'Ayverdi', 'AB Rh-', 'E', 188, 103, STR_TO_DATE('03/10/1967', '%d/%m/%Y'));
INSERT INTO hasta VALUES ('48208826830', 'Fatih', 'Oraloglu', 'B Rh+', 'E', 176, 55, STR_TO_DATE('24/01/1936', '%d/%m/%Y'));
INSERT INTO hasta VALUES ('45561296035', 'Husrev', 'Kocoglu', 'AB Rh-', 'E', 171, 71, STR_TO_DATE('15/06/1953', '%d/%m/%Y'));
INSERT INTO hasta VALUES ('55441745482', 'Zihnî', 'Ayverdi', 'AB Rh+', 'K', 159, 99, STR_TO_DATE('10/07/1933', '%d/%m/%Y'));
INSERT INTO hasta VALUES ('71037783045', 'Cemil', 'Kunter', 'AB Rh+', 'K', 178, 53, STR_TO_DATE('25/02/1944', '%d/%m/%Y'));
INSERT INTO hasta VALUES ('50165588733', 'Gozde', 'Kucukler', 'A Rh-', 'E', 186, 65, STR_TO_DATE('04/08/1982', '%d/%m/%Y'));
INSERT INTO hasta VALUES ('51321397593', 'Sanem', 'Kunter', 'A Rh+', 'E', 164, 101, STR_TO_DATE('07/11/1997', '%d/%m/%Y'));
INSERT INTO hasta VALUES ('16341709803', 'Gorkem', 'Kunter', 'AB Rh+', 'K', 161, 71, STR_TO_DATE('24/05/1963', '%d/%m/%Y'));
INSERT INTO hasta VALUES ('51621282126', 'Selin', 'Tunceri', 'A Rh+', 'K', 186, 54, STR_TO_DATE('16/08/1972', '%d/%m/%Y'));
INSERT INTO hasta VALUES ('88716481346', 'Eda', 'Ayverdi', 'B Rh-', 'E', 166, 59, STR_TO_DATE('17/07/1919', '%d/%m/%Y'));
INSERT INTO hasta VALUES ('32533046259', 'Vahâ', 'Ayverdi', 'B Rh-', 'E', 194, 53, STR_TO_DATE('14/07/1965', '%d/%m/%Y'));
INSERT INTO hasta VALUES ('10832421244', 'Dikmen', 'Kucukler', 'B Rh+', 'E', 191, 76, STR_TO_DATE('08/08/1987', '%d/%m/%Y'));
INSERT INTO hasta VALUES ('39365858137', 'Gongor', 'Tunceri', 'B Rh-', 'E', 192, 96, STR_TO_DATE('13/02/1955', '%d/%m/%Y'));
INSERT INTO hasta VALUES ('48438320042', 'Beser', 'Oraloglu', 'AB Rh-', 'K', 182, 81, STR_TO_DATE('25/01/1953', '%d/%m/%Y'));
INSERT INTO hasta VALUES ('35584888657', 'Yener', 'Kunter', 'A Rh-', 'E', 189, 109, STR_TO_DATE('26/08/1920', '%d/%m/%Y'));
INSERT INTO hasta VALUES ('30244919370', 'Beltun', 'Kocoglu', 'B Rh+', 'E', 175, 84, STR_TO_DATE('18/11/1967', '%d/%m/%Y'));
INSERT INTO hasta VALUES ('99733606201', 'Dilberay', 'Ayverdi', 'A Rh-', 'K', 160, 95, STR_TO_DATE('23/11/1974', '%d/%m/%Y'));
INSERT INTO hasta VALUES ('25723212661', 'Umit', 'Ayverdi', 'A Rh+', 'K', 164, 95, STR_TO_DATE('01/03/2007', '%d/%m/%Y'));
INSERT INTO hasta VALUES ('59684733374', 'Rezzan', 'Ayverdi', 'A Rh-', 'E', 165, 71, STR_TO_DATE('22/03/1939', '%d/%m/%Y'));
INSERT INTO hasta VALUES ('23420451867', 'Ali', 'Kocoglu', 'A Rh+', 'E', 175, 103, STR_TO_DATE('01/03/2001', '%d/%m/%Y'));
INSERT INTO hasta VALUES ('72772164363', 'Raif', 'Kunter', 'AB Rh+', 'K', 160, 55, STR_TO_DATE('20/01/1947', '%d/%m/%Y'));
INSERT INTO hasta VALUES ('20803111001', 'Besim', 'Kucukler', 'B Rh-', 'K', 172, 97, STR_TO_DATE('05/05/1928', '%d/%m/%Y'));
INSERT INTO hasta VALUES ('85912670902', 'Kismet', 'Kocoglu', 'A Rh-', 'K', 162, 67, STR_TO_DATE('20/11/1927', '%d/%m/%Y'));
INSERT INTO hasta VALUES ('98205100731', 'Ela', 'Kocoglu', 'AB Rh+', 'K', 189, 67, STR_TO_DATE('28/04/1960', '%d/%m/%Y'));
INSERT INTO hasta VALUES ('45363318004', 'Afi', 'Ayverdi', 'AB Rh+', 'K', 191, 92, STR_TO_DATE('17/12/1947', '%d/%m/%Y'));
INSERT INTO hasta VALUES ('72509433249', 'Senol', 'Tunceri', 'A Rh+', 'E', 170, 73, STR_TO_DATE('02/10/1922', '%d/%m/%Y'));
INSERT INTO hasta VALUES ('61048580533', 'Usame', 'Ayverdi', 'AB Rh+', 'K', 169, 50, STR_TO_DATE('09/03/1994', '%d/%m/%Y'));
INSERT INTO hasta VALUES ('75566293978', 'Defne', 'Ayverdi', 'AB Rh+', 'E', 192, 77, STR_TO_DATE('03/01/1971', '%d/%m/%Y'));
INSERT INTO hasta VALUES ('76560449815', 'Emel', 'Ayverdi', 'AB Rh+', 'K', 183, 53, STR_TO_DATE('12/12/1915', '%d/%m/%Y'));
INSERT INTO hasta VALUES ('28475169700', 'Vesile', 'Kunter', 'B Rh+', 'E', 179, 62, STR_TO_DATE('14/08/1941', '%d/%m/%Y'));
INSERT INTO hasta VALUES ('77686496294', 'Fusun', 'Kunter', 'AB Rh-', 'E', 178, 61, STR_TO_DATE('17/01/1967', '%d/%m/%Y'));
INSERT INTO hasta VALUES ('78222920773', 'Senay', 'Oraloglu', 'A Rh+', 'E', 162, 97, STR_TO_DATE('18/11/1981', '%d/%m/%Y'));
INSERT INTO hasta VALUES ('22526814779', 'Ulviye', 'Kocoglu', 'A Rh+', 'E', 186, 91, STR_TO_DATE('13/02/1926', '%d/%m/%Y'));
INSERT INTO hasta VALUES ('11342435537', 'Talay', 'Kunter', 'A Rh+', 'K', 163, 76, STR_TO_DATE('15/07/1993', '%d/%m/%Y'));
INSERT INTO hasta VALUES ('53358096027', 'Hifzi', 'Ayverdi', 'A Rh-', 'K', 183, 65, STR_TO_DATE('20/02/1973', '%d/%m/%Y'));
INSERT INTO hasta VALUES ('94545650593', 'Imran', 'Oraloglu', 'B Rh+', 'K', 168, 64, STR_TO_DATE('09/05/1959', '%d/%m/%Y'));
INSERT INTO hasta VALUES ('58704261175', 'Feyza', 'Kocoglu', 'B Rh-', 'K', 159, 107, STR_TO_DATE('23/02/1950', '%d/%m/%Y'));
INSERT INTO hasta VALUES ('20087212906', 'Aktekin', 'Kucukler', 'AB Rh+', 'E', 164, 68, STR_TO_DATE('16/09/1999', '%d/%m/%Y'));
INSERT INTO hasta VALUES ('90940733656', 'Usame', 'Tunceri', 'A Rh-', 'E', 190, 62, STR_TO_DATE('01/02/1947', '%d/%m/%Y'));
INSERT INTO hasta VALUES ('12632685087', 'Alvina', 'Tunceri', 'AB Rh-', 'K', 172, 56, STR_TO_DATE('26/01/1994', '%d/%m/%Y'));
INSERT INTO hasta VALUES ('46937032977', 'Efsun', 'Tunceri', 'A Rh+', 'K', 178, 85, STR_TO_DATE('18/10/1974', '%d/%m/%Y'));
INSERT INTO hasta VALUES ('61943543018', 'Dicle', 'Kucukler', 'B Rh+', 'K', 161, 104, STR_TO_DATE('05/04/1983', '%d/%m/%Y'));
INSERT INTO hasta VALUES ('38919519067', 'Keremsah', 'Oraloglu', 'AB Rh+', 'K', 197, 82, STR_TO_DATE('02/02/1919', '%d/%m/%Y'));
INSERT INTO hasta VALUES ('51662028106', 'Sinem', 'Tunceri', 'AB Rh-', 'E', 162, 85, STR_TO_DATE('07/11/1917', '%d/%m/%Y'));
INSERT INTO hasta VALUES ('88852707117', 'Nurullah', 'Oraloglu', 'AB Rh+', 'E', 182, 80, STR_TO_DATE('07/10/1912', '%d/%m/%Y'));
INSERT INTO hasta VALUES ('71115714776', 'Canel', 'Kunter', 'AB Rh-', 'K', 184, 54, STR_TO_DATE('23/03/2008', '%d/%m/%Y'));
INSERT INTO hasta VALUES ('94395940156', 'Gurcan', 'Tunceri', 'B Rh-', 'K', 193, 89, STR_TO_DATE('10/11/1922', '%d/%m/%Y'));
INSERT INTO hasta VALUES ('47845859071', 'Mukadder', 'Kunter', 'A Rh-', 'E', 177, 80, STR_TO_DATE('27/10/1928', '%d/%m/%Y'));
INSERT INTO hasta VALUES ('66481631092', 'Server', 'Kocoglu', 'B Rh-', 'K', 197, 83, STR_TO_DATE('15/12/1976', '%d/%m/%Y'));
INSERT INTO hasta VALUES ('21834159459', 'Muktedi', 'Ayverdi', 'A Rh+', 'K', 199, 83, STR_TO_DATE('04/02/1935', '%d/%m/%Y'));
INSERT INTO hasta VALUES ('51735149110', 'Mihriban', 'Ayverdi', 'B Rh+', 'K', 176, 70, STR_TO_DATE('28/07/1977', '%d/%m/%Y'));
INSERT INTO hasta VALUES ('90029080300', 'Selale', 'Kocoglu', 'B Rh+', 'K', 171, 89, STR_TO_DATE('17/08/1943', '%d/%m/%Y'));
INSERT INTO hasta VALUES ('27430109950', 'Aykan', 'Kucukler', 'AB Rh-', 'K', 186, 66, STR_TO_DATE('08/03/1941', '%d/%m/%Y'));
INSERT INTO hasta VALUES ('65838883742', 'Cemil', 'Kunter', 'A Rh-', 'K', 196, 58, STR_TO_DATE('19/08/1940', '%d/%m/%Y'));
INSERT INTO hasta VALUES ('45704206047', 'Semsi', 'Ayverdi', 'A Rh-', 'E', 183, 91, STR_TO_DATE('13/08/2005', '%d/%m/%Y'));
INSERT INTO hasta VALUES ('47582248684', 'Haluk', 'Tunceri', 'AB Rh+', 'K', 177, 68, STR_TO_DATE('11/07/1944', '%d/%m/%Y'));
INSERT INTO hasta VALUES ('84978467786', 'Fatih', 'Kunter', 'B Rh-', 'K', 190, 91, STR_TO_DATE('07/08/1960', '%d/%m/%Y'));
INSERT INTO hasta VALUES ('35074449778', 'Nedim', 'Oraloglu', 'B Rh-', 'E', 189, 61, STR_TO_DATE('16/03/1945', '%d/%m/%Y'));
INSERT INTO hasta VALUES ('81099998165', 'Esen', 'Kunter', 'B Rh+', 'K', 164, 63, STR_TO_DATE('14/01/1913', '%d/%m/%Y'));
INSERT INTO hasta VALUES ('66716073993', 'Gungor', 'Tunceri', 'AB Rh-', 'E', 168, 72, STR_TO_DATE('24/05/1958', '%d/%m/%Y'));
INSERT INTO hasta VALUES ('71330829300', 'Julide', 'Kucukler', 'A Rh-', 'K', 193, 67, STR_TO_DATE('27/11/1986', '%d/%m/%Y'));
INSERT INTO hasta VALUES ('72705295932', 'Senay', 'Tunceri', 'AB Rh-', 'E', 190, 57, STR_TO_DATE('19/05/1913', '%d/%m/%Y'));
INSERT INTO hasta VALUES ('11068523162', 'Cemil', 'Kunter', 'A Rh-', 'K', 182, 75, STR_TO_DATE('11/11/2006', '%d/%m/%Y'));
INSERT INTO hasta VALUES ('13706396849', 'Tahir', 'Kocoglu', 'A Rh-', 'E', 175, 98, STR_TO_DATE('04/10/1927', '%d/%m/%Y'));
INSERT INTO hasta VALUES ('59923351408', 'Cemil', 'Kocoglu', 'A Rh-', 'E', 183, 96, STR_TO_DATE('19/01/1938', '%d/%m/%Y'));
INSERT INTO hasta VALUES ('54602547192', 'Cihan', 'Kunter', 'A Rh-', 'E', 189, 64, STR_TO_DATE('12/06/1956', '%d/%m/%Y'));
INSERT INTO hasta VALUES ('36089075964', 'Namik', 'Kunter', 'AB Rh-', 'K', 182, 68, STR_TO_DATE('19/02/1973', '%d/%m/%Y'));
INSERT INTO hasta VALUES ('69619543428', 'Efken', 'Tunceri', 'B Rh-', 'K', 197, 81, STR_TO_DATE('08/09/1914', '%d/%m/%Y'));
INSERT INTO hasta VALUES ('62768887679', 'Ela', 'Ayverdi', 'AB Rh+', 'E', 162, 54, STR_TO_DATE('29/12/1968', '%d/%m/%Y'));
INSERT INTO hasta VALUES ('42246603234', 'Efe', 'Oraloglu', 'A Rh+', 'K', 197, 78, STR_TO_DATE('05/02/2004', '%d/%m/%Y'));
INSERT INTO hasta VALUES ('45769837990', 'Selvi', 'Oraloglu', 'B Rh+', 'E', 180, 82, STR_TO_DATE('16/04/1999', '%d/%m/%Y'));
INSERT INTO hasta VALUES ('32745878646', 'Sadi', 'Kucukler', 'AB Rh+', 'E', 184, 87, STR_TO_DATE('14/11/2001', '%d/%m/%Y'));
INSERT INTO hasta VALUES ('97030695189', 'Ruhsar', 'Oraloglu', 'AB Rh+', 'K', 177, 67, STR_TO_DATE('05/11/1980', '%d/%m/%Y'));
INSERT INTO hasta VALUES ('58469289764', 'Ela', 'Kucukler', 'AB Rh+', 'K', 198, 85, STR_TO_DATE('24/04/1986', '%d/%m/%Y'));
INSERT INTO hasta VALUES ('85482312772', 'Meliksah', 'Kocoglu', 'B Rh+', 'K', 166, 93, STR_TO_DATE('10/02/1953', '%d/%m/%Y'));
INSERT INTO hasta VALUES ('82518491360', 'Neset', 'Kocoglu', 'AB Rh-', 'E', 169, 59, STR_TO_DATE('08/08/1918', '%d/%m/%Y'));
INSERT INTO hasta VALUES ('57747075127', 'Nesim', 'Ayverdi', 'B Rh+', 'E', 161, 91, STR_TO_DATE('29/08/1953', '%d/%m/%Y'));
INSERT INTO hasta VALUES ('26572019892', 'Memduh', 'Kucukler', 'AB Rh-', 'K', 175, 67, STR_TO_DATE('24/01/1981', '%d/%m/%Y'));
INSERT INTO hasta VALUES ('40738948567', 'Batur', 'Tunceri', 'AB Rh-', 'E', 179, 106, STR_TO_DATE('26/12/2003', '%d/%m/%Y'));
INSERT INTO hasta VALUES ('10507087441', 'Yildiz', 'Oraloglu', 'AB Rh+', 'E', 164, 59, STR_TO_DATE('09/09/1968', '%d/%m/%Y'));
INSERT INTO hasta VALUES ('21446691901', 'Ruya', 'Tunceri', 'AB Rh-', 'K', 198, 95, STR_TO_DATE('13/01/2004', '%d/%m/%Y'));
INSERT INTO hasta VALUES ('46036143358', 'Hattâb', 'Ayverdi', 'B Rh+', 'K', 175, 90, STR_TO_DATE('09/01/1970', '%d/%m/%Y'));
INSERT INTO hasta VALUES ('19485977287', 'Nabi', 'Oraloglu', 'B Rh+', 'E', 161, 86, STR_TO_DATE('23/10/2002', '%d/%m/%Y'));
INSERT INTO hasta VALUES ('16689290950', 'Elcin', 'Kunter', 'B Rh-', 'E', 155, 63, STR_TO_DATE('15/03/1985', '%d/%m/%Y'));
INSERT INTO hasta VALUES ('12051225301', 'Idil', 'Tunceri', 'B Rh+', 'K', 199, 65, STR_TO_DATE('29/05/1965', '%d/%m/%Y'));
INSERT INTO hasta VALUES ('91228078573', 'Isin', 'Kunter', 'B Rh-', 'K', 175, 88, STR_TO_DATE('28/05/1965', '%d/%m/%Y'));
INSERT INTO hasta VALUES ('52558719169', 'Ela', 'Kocoglu', 'AB Rh-', 'E', 156, 92, STR_TO_DATE('19/08/2002', '%d/%m/%Y'));
INSERT INTO hasta VALUES ('82667605111', 'Ceyda', 'Kocoglu', 'B Rh-', 'E', 185, 73, STR_TO_DATE('27/05/1978', '%d/%m/%Y'));
INSERT INTO hasta VALUES ('75406009109', 'Ferhan', 'Kocoglu', 'A Rh-', 'K', 175, 66, STR_TO_DATE('23/03/1997', '%d/%m/%Y'));
INSERT INTO hasta VALUES ('86588065342', 'Sule', 'Tunceri', 'B Rh+', 'K', 172, 95, STR_TO_DATE('15/01/1937', '%d/%m/%Y'));
INSERT INTO hasta VALUES ('29198332531', 'Nur', 'Ayverdi', 'AB Rh-', 'K', 196, 58, STR_TO_DATE('07/08/1945', '%d/%m/%Y'));
INSERT INTO hasta VALUES ('96668597920', 'Usame', 'Kucukler', 'AB Rh+', 'E', 160, 79, STR_TO_DATE('28/08/1921', '%d/%m/%Y'));
INSERT INTO hasta VALUES ('80023059689', 'Enise', 'Kocoglu', 'A Rh-', 'E', 197, 81, STR_TO_DATE('02/07/1915', '%d/%m/%Y'));
INSERT INTO hasta VALUES ('46374362521', 'Memduh', 'Ayverdi', 'AB Rh+', 'K', 159, 105, STR_TO_DATE('11/06/1916', '%d/%m/%Y'));
INSERT INTO hasta VALUES ('26772313108', 'Yildiz', 'Kocoglu', 'B Rh+', 'E', 176, 77, STR_TO_DATE('26/04/1977', '%d/%m/%Y'));
INSERT INTO hasta VALUES ('97371240224', 'Asuela', 'Oraloglu', 'AB Rh+', 'K', 163, 102, STR_TO_DATE('17/01/1919', '%d/%m/%Y'));
INSERT INTO hasta VALUES ('98437197469', 'Muhterem', 'Kocoglu', 'A Rh-', 'E', 187, 68, STR_TO_DATE('01/02/1958', '%d/%m/%Y'));
INSERT INTO hasta VALUES ('99672185134', 'Ceren', 'Tunceri', 'AB Rh-', 'E', 197, 84, STR_TO_DATE('28/03/2002', '%d/%m/%Y'));
INSERT INTO hasta VALUES ('32210228807', 'Bugra', 'Kunter', 'A Rh+', 'K', 178, 103, STR_TO_DATE('01/09/1936', '%d/%m/%Y'));
INSERT INTO hasta VALUES ('66841682944', 'Turan', 'Ayverdi', 'B Rh+', 'E', 171, 86, STR_TO_DATE('18/08/1925', '%d/%m/%Y'));
INSERT INTO hasta VALUES ('47973937342', 'Doganer', 'Kunter', 'AB Rh-', 'K', 155, 104, STR_TO_DATE('13/05/1960', '%d/%m/%Y'));
INSERT INTO hasta VALUES ('44776521137', 'Ferruh', 'Oraloglu', 'B Rh-', 'E', 187, 87, STR_TO_DATE('15/12/1938', '%d/%m/%Y'));
INSERT INTO hasta VALUES ('68290344977', 'Kerami', 'Ayverdi', 'A Rh-', 'K', 156, 90, STR_TO_DATE('21/11/1972', '%d/%m/%Y'));
INSERT INTO hasta VALUES ('28344287419', 'Faruk', 'Oraloglu', 'AB Rh-', 'K', 184, 109, STR_TO_DATE('27/05/1932', '%d/%m/%Y'));
INSERT INTO hasta VALUES ('27410201276', 'Ozden', 'Kunter', 'AB Rh-', 'E', 185, 92, STR_TO_DATE('25/01/1971', '%d/%m/%Y'));
INSERT INTO hasta VALUES ('30357862545', 'Avni', 'Ayverdi', 'B Rh+', 'E', 186, 53, STR_TO_DATE('12/06/1995', '%d/%m/%Y'));
INSERT INTO hasta VALUES ('63086716365', 'Aykal', 'Kucukler', 'AB Rh-', 'E', 156, 79, STR_TO_DATE('11/11/1932', '%d/%m/%Y'));
INSERT INTO hasta VALUES ('73358722843', 'Ferda', 'Tunceri', 'AB Rh+', 'E', 175, 84, STR_TO_DATE('26/09/1915', '%d/%m/%Y'));
INSERT INTO hasta VALUES ('95410187129', 'Serhat', 'Kocoglu', 'AB Rh+', 'E', 189, 83, STR_TO_DATE('19/01/1982', '%d/%m/%Y'));
INSERT INTO hasta VALUES ('98236295867', 'Besra', 'Kucukler', 'B Rh-', 'K', 166, 62, STR_TO_DATE('15/01/1921', '%d/%m/%Y'));
INSERT INTO hasta VALUES ('75990998978', 'Ulfet', 'Oraloglu', 'B Rh-', 'E', 175, 81, STR_TO_DATE('19/01/1983', '%d/%m/%Y'));
INSERT INTO hasta VALUES ('54919920027', 'Cigil', 'Kunter', 'AB Rh-', 'E', 167, 79, STR_TO_DATE('27/09/1951', '%d/%m/%Y'));
INSERT INTO hasta VALUES ('50860697255', 'Hasmet', 'Kocoglu', 'AB Rh+', 'E', 173, 50, STR_TO_DATE('23/09/1994', '%d/%m/%Y'));
INSERT INTO hasta VALUES ('31907457749', 'Agca', 'Tunceri', 'A Rh+', 'K', 164, 83, STR_TO_DATE('02/09/2002', '%d/%m/%Y'));
INSERT INTO hasta VALUES ('86568973142', 'Selen', 'Kocoglu', 'AB Rh+', 'E', 187, 75, STR_TO_DATE('09/12/1995', '%d/%m/%Y'));
INSERT INTO hasta VALUES ('93837990011', 'Doganer', 'Kocoglu', 'B Rh-', 'E', 189, 70, STR_TO_DATE('26/12/1984', '%d/%m/%Y'));
INSERT INTO hasta VALUES ('44200290690', 'Vefa', 'Kocoglu', 'B Rh+', 'K', 183, 98, STR_TO_DATE('02/11/1995', '%d/%m/%Y'));
INSERT INTO hasta VALUES ('28321076800', 'Hizir', 'Ayverdi', 'AB Rh-', 'K', 156, 73, STR_TO_DATE('25/02/1992', '%d/%m/%Y'));
INSERT INTO hasta VALUES ('36372616384', 'Ercin', 'Kucukler', 'AB Rh+', 'E', 172, 100, STR_TO_DATE('29/06/1968', '%d/%m/%Y'));
INSERT INTO hasta VALUES ('76374844370', 'Alisa', 'Kunter', 'AB Rh+', 'E', 169, 64, STR_TO_DATE('22/01/1973', '%d/%m/%Y'));
INSERT INTO hasta VALUES ('84979887453', 'Selma', 'Oraloglu', 'B Rh+', 'K', 177, 53, STR_TO_DATE('06/12/1982', '%d/%m/%Y'));
INSERT INTO hasta VALUES ('59265849747', 'Vesile', 'Ayverdi', 'AB Rh+', 'E', 189, 109, STR_TO_DATE('12/09/1942', '%d/%m/%Y'));
INSERT INTO hasta VALUES ('23942271795', 'Bade', 'Kucukler', 'A Rh+', 'E', 176, 57, STR_TO_DATE('28/03/1916', '%d/%m/%Y'));
INSERT INTO hasta VALUES ('88799193930', 'Yetkin', 'Oraloglu', 'A Rh+', 'E', 162, 90, STR_TO_DATE('08/06/1979', '%d/%m/%Y'));
INSERT INTO hasta VALUES ('80497224266', 'Ceren', 'Kocoglu', 'A Rh-', 'K', 163, 102, STR_TO_DATE('19/03/1981', '%d/%m/%Y'));
INSERT INTO hasta VALUES ('81571714898', 'Ece', 'Ayverdi', 'B Rh-', 'E', 182, 81, STR_TO_DATE('02/03/2009', '%d/%m/%Y'));
INSERT INTO hasta VALUES ('17476602182', 'Dilhan', 'Kunter', 'A Rh+', 'K', 194, 68, STR_TO_DATE('20/06/1989', '%d/%m/%Y'));
INSERT INTO hasta VALUES ('39023146439', 'Koray', 'Kucukler', 'B Rh+', 'K', 156, 63, STR_TO_DATE('17/12/1945', '%d/%m/%Y'));
INSERT INTO hasta VALUES ('85464233238', 'Baha', 'Tunceri', 'B Rh-', 'E', 176, 90, STR_TO_DATE('27/07/1929', '%d/%m/%Y'));
INSERT INTO hasta VALUES ('85591006386', 'Zuhal', 'Tunceri', 'A Rh-', 'K', 177, 83, STR_TO_DATE('26/11/1962', '%d/%m/%Y'));
INSERT INTO hasta VALUES ('68113352205', 'Oksan', 'Kucukler', 'AB Rh+', 'E', 171, 74, STR_TO_DATE('18/07/1965', '%d/%m/%Y'));
INSERT INTO hasta VALUES ('84794269867', 'Ahenk', 'Tunceri', 'AB Rh-', 'K', 161, 69, STR_TO_DATE('04/12/2004', '%d/%m/%Y'));
INSERT INTO hasta VALUES ('54057663348', 'Gunnur', 'Ayverdi', 'B Rh+', 'K', 196, 95, STR_TO_DATE('26/05/1941', '%d/%m/%Y'));
INSERT INTO hasta VALUES ('30265479431', 'Cuneyt', 'Tunceri', 'A Rh-', 'E', 157, 70, STR_TO_DATE('27/02/1964', '%d/%m/%Y'));
INSERT INTO hasta VALUES ('52572511460', 'Muesser', 'Oraloglu', 'B Rh+', 'K', 196, 109, STR_TO_DATE('14/11/1969', '%d/%m/%Y'));
INSERT INTO hasta VALUES ('92525110922', 'Atalay', 'Kunter', 'B Rh-', 'E', 155, 99, STR_TO_DATE('16/06/1984', '%d/%m/%Y'));
INSERT INTO hasta VALUES ('63449569755', 'Serhat', 'Ayverdi', 'AB Rh+', 'K', 186, 95, STR_TO_DATE('12/12/1940', '%d/%m/%Y'));
INSERT INTO hasta VALUES ('88077285397', 'Isin', 'Tunceri', 'B Rh-', 'E', 186, 81, STR_TO_DATE('04/07/1958', '%d/%m/%Y'));
INSERT INTO hasta VALUES ('42086443377', 'Cemal', 'Kucukler', 'AB Rh+', 'E', 174, 50, STR_TO_DATE('28/01/1968', '%d/%m/%Y'));
INSERT INTO hasta VALUES ('24589377115', 'Daghan', 'Ayverdi', 'AB Rh+', 'K', 168, 76, STR_TO_DATE('09/07/1947', '%d/%m/%Y'));
INSERT INTO hasta VALUES ('69440350472', 'Feyzullah', 'Oraloglu', 'A Rh+', 'K', 158, 71, STR_TO_DATE('02/04/1979', '%d/%m/%Y'));
INSERT INTO hasta VALUES ('58720007831', 'Kamelya', 'Kucukler', 'A Rh+', 'K', 167, 102, STR_TO_DATE('11/11/1922', '%d/%m/%Y'));
INSERT INTO hasta VALUES ('29554471366', 'Idil', 'Kunter', 'AB Rh-', 'K', 185, 51, STR_TO_DATE('02/06/1987', '%d/%m/%Y'));
INSERT INTO hasta VALUES ('46517622478', 'Hâtem', 'Kucukler', 'B Rh-', 'E', 184, 67, STR_TO_DATE('02/03/1914', '%d/%m/%Y'));
INSERT INTO hasta VALUES ('19589944827', 'Reyhan', 'Kunter', 'B Rh-', 'K', 171, 89, STR_TO_DATE('05/10/1921', '%d/%m/%Y'));
INSERT INTO hasta VALUES ('22750819158', 'Celil', 'Oraloglu', 'AB Rh+', 'K', 174, 65, STR_TO_DATE('16/10/1928', '%d/%m/%Y'));
INSERT INTO hasta VALUES ('89488562516', 'Kader', 'Kunter', 'B Rh-', 'K', 195, 79, STR_TO_DATE('13/06/2008', '%d/%m/%Y'));
INSERT INTO hasta VALUES ('29713345346', 'Imran', 'Ayverdi', 'B Rh+', 'K', 189, 57, STR_TO_DATE('18/10/1935', '%d/%m/%Y'));
INSERT INTO hasta VALUES ('10251948201', 'Keremsah', 'Kunter', 'B Rh+', 'K', 191, 50, STR_TO_DATE('24/05/1911', '%d/%m/%Y'));
INSERT INTO hasta VALUES ('70136458853', 'Aytekin', 'Kocoglu', 'B Rh+', 'E', 192, 90, STR_TO_DATE('13/05/1978', '%d/%m/%Y'));
INSERT INTO hasta VALUES ('23524627157', 'Kumru', 'Kocoglu', 'AB Rh-', 'K', 178, 88, STR_TO_DATE('23/02/1986', '%d/%m/%Y'));
INSERT INTO hasta VALUES ('71005792607', 'Derin', 'Tunceri', 'AB Rh-', 'K', 197, 86, STR_TO_DATE('21/06/1936', '%d/%m/%Y'));
INSERT INTO hasta VALUES ('37931395302', 'Perran', 'Ayverdi', 'AB Rh+', 'E', 188, 82, STR_TO_DATE('10/02/2004', '%d/%m/%Y'));
INSERT INTO hasta VALUES ('54616036041', 'Ceren', 'Kunter', 'AB Rh+', 'E', 164, 85, STR_TO_DATE('18/11/1938', '%d/%m/%Y'));
INSERT INTO hasta VALUES ('12523941185', 'Yildiz', 'Tunceri', 'AB Rh-', 'K', 174, 68, STR_TO_DATE('27/03/1948', '%d/%m/%Y'));
INSERT INTO hasta VALUES ('17017819043', 'Zihnî', 'Ayverdi', 'AB Rh+', 'K', 168, 75, STR_TO_DATE('22/05/1915', '%d/%m/%Y'));
INSERT INTO hasta VALUES ('22020146668', 'Tevfik', 'Kocoglu', 'A Rh+', 'K', 185, 50, STR_TO_DATE('22/11/1993', '%d/%m/%Y'));
INSERT INTO hasta VALUES ('90027053773', 'Amelya', 'Tunceri', 'AB Rh-', 'E', 192, 66, STR_TO_DATE('21/05/1944', '%d/%m/%Y'));
INSERT INTO hasta VALUES ('24389799946', 'Amelya', 'Kucukler', 'B Rh-', 'E', 179, 71, STR_TO_DATE('07/01/1912', '%d/%m/%Y'));
INSERT INTO hasta VALUES ('37777565511', 'Lamih', 'Ayverdi', 'A Rh+', 'K', 172, 73, STR_TO_DATE('18/06/1916', '%d/%m/%Y'));
INSERT INTO hasta VALUES ('92749734714', 'Belcim', 'Kocoglu', 'B Rh+', 'K', 190, 72, STR_TO_DATE('16/08/1984', '%d/%m/%Y'));
INSERT INTO hasta VALUES ('16436222283', 'Gunay', 'Kucukler', 'B Rh+', 'K', 164, 75, STR_TO_DATE('01/05/1921', '%d/%m/%Y'));
INSERT INTO hasta VALUES ('48548635982', 'Ozer', 'Tunceri', 'AB Rh+', 'E', 190, 59, STR_TO_DATE('18/06/1984', '%d/%m/%Y'));
INSERT INTO hasta VALUES ('74714235465', 'Sadullah', 'Kocoglu', 'A Rh-', 'K', 167, 71, STR_TO_DATE('06/02/1952', '%d/%m/%Y'));
INSERT INTO hasta VALUES ('69813700994', 'Adelya', 'Oraloglu', 'A Rh-', 'E', 164, 90, STR_TO_DATE('14/12/1979', '%d/%m/%Y'));
INSERT INTO hasta VALUES ('72443348902', 'Hafid', 'Kucukler', 'A Rh-', 'E', 159, 101, STR_TO_DATE('14/09/1959', '%d/%m/%Y'));
INSERT INTO hasta VALUES ('95453698027', 'Ramazan', 'Ayverdi', 'B Rh-', 'E', 170, 79, STR_TO_DATE('18/05/1979', '%d/%m/%Y'));
INSERT INTO hasta VALUES ('84337564809', 'Talay', 'Kucukler', 'B Rh-', 'E', 170, 61, STR_TO_DATE('25/06/2004', '%d/%m/%Y'));
INSERT INTO hasta VALUES ('70809069753', 'Kerim', 'Kocoglu', 'B Rh+', 'E', 193, 99, STR_TO_DATE('28/12/1996', '%d/%m/%Y'));
INSERT INTO hasta VALUES ('46531457651', 'Kemâl', 'Ayverdi', 'AB Rh+', 'K', 179, 77, STR_TO_DATE('23/08/2004', '%d/%m/%Y'));
INSERT INTO hasta VALUES ('11973594096', 'Serafettin', 'Oraloglu', 'B Rh+', 'E', 181, 87, STR_TO_DATE('11/09/1918', '%d/%m/%Y'));
INSERT INTO hasta VALUES ('77796728330', 'Hisam', 'Kucukler', 'B Rh-', 'E', 162, 75, STR_TO_DATE('16/06/1964', '%d/%m/%Y'));
INSERT INTO hasta VALUES ('25558762111', 'Yosun', 'Kocoglu', 'A Rh+', 'K', 194, 74, STR_TO_DATE('28/04/2005', '%d/%m/%Y'));
INSERT INTO hasta VALUES ('66943599356', 'Erman', 'Oraloglu', 'A Rh-', 'E', 182, 62, STR_TO_DATE('01/04/1920', '%d/%m/%Y'));
INSERT INTO hasta VALUES ('35698962330', 'Zâhit', 'Ayverdi', 'A Rh-', 'E', 197, 101, STR_TO_DATE('21/06/1954', '%d/%m/%Y'));
INSERT INTO hasta VALUES ('54689120492', 'Ercin', 'Kucukler', 'B Rh+', 'K', 175, 53, STR_TO_DATE('20/05/1970', '%d/%m/%Y'));
INSERT INTO hasta VALUES ('91108267021', 'Sinasi', 'Oraloglu', 'B Rh+', 'K', 190, 87, STR_TO_DATE('23/06/2003', '%d/%m/%Y'));
INSERT INTO hasta VALUES ('18460891263', 'Diler', 'Ayverdi', 'B Rh+', 'E', 190, 73, STR_TO_DATE('16/01/1949', '%d/%m/%Y'));
INSERT INTO hasta VALUES ('47119752702', 'Firdevs', 'Kucukler', 'AB Rh-', 'E', 180, 52, STR_TO_DATE('27/12/1962', '%d/%m/%Y'));
INSERT INTO hasta VALUES ('53896229820', 'Haldun', 'Oraloglu', 'B Rh-', 'K', 156, 56, STR_TO_DATE('18/12/1970', '%d/%m/%Y'));
INSERT INTO hasta VALUES ('36526963416', 'Meryem', 'Kucukler', 'AB Rh-', 'K', 164, 60, STR_TO_DATE('21/06/1993', '%d/%m/%Y'));
INSERT INTO hasta VALUES ('69608216407', 'Yildiz', 'Tunceri', 'A Rh-', 'E', 165, 107, STR_TO_DATE('03/05/1948', '%d/%m/%Y'));
INSERT INTO hasta VALUES ('10838746550', 'Feyyaz', 'Kunter', 'B Rh+', 'K', 155, 96, STR_TO_DATE('19/01/1972', '%d/%m/%Y'));
INSERT INTO hasta VALUES ('29765079064', 'Handan', 'Kucukler', 'AB Rh-', 'K', 178, 62, STR_TO_DATE('05/05/1978', '%d/%m/%Y'));
INSERT INTO hasta VALUES ('34813767088', 'Gaffar', 'Oraloglu', 'B Rh-', 'E', 163, 58, STR_TO_DATE('24/07/1917', '%d/%m/%Y'));
INSERT INTO hasta VALUES ('33806737602', 'Nevzat', 'Ayverdi', 'B Rh-', 'K', 192, 57, STR_TO_DATE('10/12/1929', '%d/%m/%Y'));
INSERT INTO hasta VALUES ('53388738173', 'Kagan', 'Oraloglu', 'B Rh+', 'E', 187, 82, STR_TO_DATE('19/12/1960', '%d/%m/%Y'));
INSERT INTO hasta VALUES ('78625403768', 'Serpil', 'Ayverdi', 'AB Rh-', 'K', 179, 103, STR_TO_DATE('17/01/1972', '%d/%m/%Y'));
INSERT INTO hasta VALUES ('77024391453', 'Oznur', 'Kucukler', 'A Rh-', 'K', 165, 57, STR_TO_DATE('28/04/1984', '%d/%m/%Y'));
INSERT INTO hasta VALUES ('15492498541', 'Huzeyfe', 'Kunter', 'A Rh-', 'K', 186, 108, STR_TO_DATE('21/10/1968', '%d/%m/%Y'));
INSERT INTO hasta VALUES ('84262479983', 'Melis', 'Tunceri', 'AB Rh+', 'E', 171, 69, STR_TO_DATE('17/01/1975', '%d/%m/%Y'));
INSERT INTO hasta VALUES ('93927422331', 'Tunahan', 'Ayverdi', 'A Rh+', 'E', 171, 56, STR_TO_DATE('29/11/1970', '%d/%m/%Y'));
INSERT INTO hasta VALUES ('62044386871', 'Guven', 'Kocoglu', 'A Rh-', 'K', 196, 54, STR_TO_DATE('07/07/1947', '%d/%m/%Y'));
INSERT INTO hasta VALUES ('93920997703', 'Hasmet', 'Kucukler', 'AB Rh+', 'K', 197, 74, STR_TO_DATE('13/08/1923', '%d/%m/%Y'));
INSERT INTO hasta VALUES ('62908157279', 'Leyla', 'Kunter', 'A Rh-', 'K', 159, 77, STR_TO_DATE('17/09/1939', '%d/%m/%Y'));
INSERT INTO hasta VALUES ('85515838237', 'Imge', 'Kunter', 'A Rh+', 'E', 157, 68, STR_TO_DATE('17/04/1957', '%d/%m/%Y'));
INSERT INTO hasta VALUES ('73957459682', 'Sirri', 'Kunter', 'B Rh-', 'K', 162, 83, STR_TO_DATE('07/01/1993', '%d/%m/%Y'));
INSERT INTO hasta VALUES ('79533152706', 'Gulriz', 'Ayverdi', 'A Rh+', 'E', 184, 56, STR_TO_DATE('03/10/1920', '%d/%m/%Y'));
INSERT INTO hasta VALUES ('77636958587', 'Tutku', 'Oraloglu', 'AB Rh-', 'E', 185, 95, STR_TO_DATE('27/06/1971', '%d/%m/%Y'));
INSERT INTO hasta VALUES ('66837516509', 'Cagrihan', 'Kucukler', 'AB Rh+', 'E', 163, 93, STR_TO_DATE('12/09/1986', '%d/%m/%Y'));
INSERT INTO hasta VALUES ('46994793427', 'Guniz', 'Kunter', 'B Rh+', 'K', 199, 86, STR_TO_DATE('25/03/1964', '%d/%m/%Y'));
INSERT INTO hasta VALUES ('42020897624', 'Sertap', 'Kunter', 'AB Rh+', 'E', 158, 91, STR_TO_DATE('11/10/1942', '%d/%m/%Y'));
INSERT INTO hasta VALUES ('40891045251', 'Durriye', 'Kucukler', 'A Rh+', 'E', 177, 105, STR_TO_DATE('14/10/1987', '%d/%m/%Y'));
INSERT INTO hasta VALUES ('52879452003', 'Derya', 'Oraloglu', 'AB Rh-', 'E', 199, 71, STR_TO_DATE('07/11/1929', '%d/%m/%Y'));
INSERT INTO hasta VALUES ('85536062540', 'Durmus', 'Tunceri', 'AB Rh-', 'K', 165, 53, STR_TO_DATE('26/02/1994', '%d/%m/%Y'));
INSERT INTO hasta VALUES ('24461294083', 'Ciler', 'Tunceri', 'AB Rh+', 'K', 165, 56, STR_TO_DATE('02/09/1995', '%d/%m/%Y'));
INSERT INTO hasta VALUES ('76694062628', 'Bahtiyar', 'Kucukler', 'B Rh-', 'K', 176, 66, STR_TO_DATE('11/05/1927', '%d/%m/%Y'));
INSERT INTO hasta VALUES ('61796824185', 'Behcet', 'Kucukler', 'AB Rh-', 'K', 155, 51, STR_TO_DATE('24/08/2004', '%d/%m/%Y'));
INSERT INTO hasta VALUES ('52120788225', 'Mujdat', 'Tunceri', 'AB Rh-', 'K', 176, 85, STR_TO_DATE('09/11/1993', '%d/%m/%Y'));
INSERT INTO hasta VALUES ('66611302425', 'Feyyaz', 'Tunceri', 'AB Rh-', 'E', 177, 57, STR_TO_DATE('17/07/1973', '%d/%m/%Y'));
INSERT INTO hasta VALUES ('40288562091', 'Yesim', 'Kunter', 'AB Rh+', 'K', 186, 92, STR_TO_DATE('07/03/1952', '%d/%m/%Y'));
INSERT INTO hasta VALUES ('21455452016', 'Faris', 'Ayverdi', 'A Rh+', 'K', 172, 59, STR_TO_DATE('25/07/1956', '%d/%m/%Y'));
INSERT INTO hasta VALUES ('60270228429', 'Hande', 'Ayverdi', 'B Rh-', 'K', 197, 107, STR_TO_DATE('11/12/1925', '%d/%m/%Y'));
INSERT INTO hasta VALUES ('21371363000', 'Zuleyha', 'Ayverdi', 'AB Rh+', 'K', 188, 102, STR_TO_DATE('15/06/1995', '%d/%m/%Y'));
INSERT INTO hasta VALUES ('58097333303', 'Zuhal', 'Tunceri', 'B Rh+', 'E', 167, 51, STR_TO_DATE('21/01/1977', '%d/%m/%Y'));
INSERT INTO hasta VALUES ('65038419702', 'Turkan', 'Oraloglu', 'B Rh-', 'K', 176, 94, STR_TO_DATE('05/02/2005', '%d/%m/%Y'));
INSERT INTO hasta VALUES ('82083957788', 'Ugur', 'Kocoglu', 'B Rh-', 'K', 192, 61, STR_TO_DATE('28/12/1941', '%d/%m/%Y'));
INSERT INTO hasta VALUES ('43344841967', 'Belcim', 'Tunceri', 'A Rh-', 'K', 176, 103, STR_TO_DATE('25/12/1953', '%d/%m/%Y'));
INSERT INTO hasta VALUES ('84255984207', 'Yigit', 'Kucukler', 'AB Rh+', 'E', 185, 72, STR_TO_DATE('19/09/1966', '%d/%m/%Y'));
INSERT INTO hasta VALUES ('67838995132', 'Ecmel', 'Kocoglu', 'B Rh-', 'E', 199, 99, STR_TO_DATE('05/05/1955', '%d/%m/%Y'));
INSERT INTO hasta VALUES ('61302186123', 'Timur', 'Tunceri', 'B Rh+', 'K', 173, 106, STR_TO_DATE('05/02/1917', '%d/%m/%Y'));
INSERT INTO hasta VALUES ('88438697854', 'Nisa', 'Kocoglu', 'AB Rh-', 'E', 177, 100, STR_TO_DATE('04/07/1917', '%d/%m/%Y'));
INSERT INTO hasta VALUES ('89332509365', 'Hande', 'Oraloglu', 'B Rh+', 'K', 164, 66, STR_TO_DATE('14/07/1964', '%d/%m/%Y'));
INSERT INTO hasta VALUES ('61416842375', 'Eda', 'Kunter', 'B Rh-', 'K', 191, 72, STR_TO_DATE('27/04/1967', '%d/%m/%Y'));
INSERT INTO hasta VALUES ('97821970694', 'Safa', 'Kocoglu', 'AB Rh+', 'E', 177, 88, STR_TO_DATE('10/06/1932', '%d/%m/%Y'));
INSERT INTO hasta VALUES ('49524125007', 'Rahsan', 'Kocoglu', 'B Rh-', 'E', 176, 101, STR_TO_DATE('08/03/1964', '%d/%m/%Y'));
INSERT INTO hasta VALUES ('98363955725', 'Zerrin', 'Tunceri', 'A Rh-', 'K', 168, 84, STR_TO_DATE('09/06/1997', '%d/%m/%Y'));
INSERT INTO hasta VALUES ('33395775110', 'Dondu', 'Kucukler', 'B Rh+', 'K', 160, 85, STR_TO_DATE('16/01/1992', '%d/%m/%Y'));
INSERT INTO hasta VALUES ('71081272329', 'Leyla', 'Kunter', 'B Rh-', 'K', 156, 50, STR_TO_DATE('19/10/1956', '%d/%m/%Y'));
INSERT INTO hasta VALUES ('14183215966', 'Anka', 'Tunceri', 'B Rh+', 'E', 162, 92, STR_TO_DATE('14/01/1961', '%d/%m/%Y'));
INSERT INTO hasta VALUES ('64496243783', 'Derya', 'Ayverdi', 'AB Rh+', 'E', 182, 108, STR_TO_DATE('02/11/2001', '%d/%m/%Y'));
INSERT INTO hasta VALUES ('49646251570', 'Irem', 'Kucukler', 'B Rh-', 'E', 160, 79, STR_TO_DATE('27/12/1977', '%d/%m/%Y'));
INSERT INTO hasta VALUES ('18475621756', 'Ferhan', 'Oraloglu', 'B Rh+', 'K', 183, 66, STR_TO_DATE('20/06/1981', '%d/%m/%Y'));
INSERT INTO hasta VALUES ('46794084507', 'Zuleyha', 'Kucukler', 'AB Rh-', 'E', 174, 70, STR_TO_DATE('13/01/1961', '%d/%m/%Y'));
INSERT INTO hasta VALUES ('66028795559', 'Mahzun', 'Tunceri', 'AB Rh+', 'E', 160, 90, STR_TO_DATE('21/05/1925', '%d/%m/%Y'));
INSERT INTO hasta VALUES ('15000172614', 'Verda', 'Ayverdi', 'AB Rh-', 'E', 166, 61, STR_TO_DATE('25/10/1914', '%d/%m/%Y'));
INSERT INTO hasta VALUES ('89653023481', 'Leyla', 'Ayverdi', 'B Rh+', 'E', 175, 89, STR_TO_DATE('11/01/1961', '%d/%m/%Y'));
INSERT INTO hasta VALUES ('80354033267', 'Munevver', 'Ayverdi', 'AB Rh+', 'K', 158, 74, STR_TO_DATE('05/02/1969', '%d/%m/%Y'));
INSERT INTO hasta VALUES ('66912416340', 'Hisam', 'Kucukler', 'B Rh+', 'E', 157, 74, STR_TO_DATE('01/11/1960', '%d/%m/%Y'));
INSERT INTO hasta VALUES ('70875594716', 'Suat', 'Oraloglu', 'B Rh-', 'E', 195, 62, STR_TO_DATE('28/02/1977', '%d/%m/%Y'));
INSERT INTO hasta VALUES ('80778139833', 'Ozlen', 'Kucukler', 'A Rh-', 'E', 160, 97, STR_TO_DATE('29/11/1989', '%d/%m/%Y'));
INSERT INTO hasta VALUES ('67883923345', 'Ozden', 'Tunceri', 'B Rh-', 'K', 167, 60, STR_TO_DATE('22/09/1913', '%d/%m/%Y'));
INSERT INTO hasta VALUES ('89963380939', 'Kamber', 'Kucukler', 'B Rh+', 'E', 180, 88, STR_TO_DATE('24/05/1942', '%d/%m/%Y'));
INSERT INTO hasta VALUES ('58920564253', 'Yesim', 'Oraloglu', 'B Rh-', 'K', 180, 83, STR_TO_DATE('04/03/1998', '%d/%m/%Y'));
INSERT INTO hasta VALUES ('39523676713', 'Yuksel', 'Ayverdi', 'A Rh+', 'E', 185, 64, STR_TO_DATE('15/03/1992', '%d/%m/%Y'));
INSERT INTO hasta VALUES ('92099901683', 'Almila', 'Ayverdi', 'AB Rh+', 'K', 198, 67, STR_TO_DATE('18/11/1981', '%d/%m/%Y'));
INSERT INTO hasta VALUES ('31209271675', 'Cagrihan', 'Tunceri', 'B Rh-', 'K', 179, 63, STR_TO_DATE('17/01/1984', '%d/%m/%Y'));
INSERT INTO hasta VALUES ('98465621607', 'Rakip', 'Kucukler', 'AB Rh-', 'K', 186, 106, STR_TO_DATE('09/02/1926', '%d/%m/%Y'));
INSERT INTO hasta VALUES ('64162252395', 'Nadir', 'Kocoglu', 'AB Rh+', 'K', 196, 104, STR_TO_DATE('25/02/1959', '%d/%m/%Y'));
INSERT INTO hasta VALUES ('70965005855', 'Fureyya', 'Kunter', 'B Rh+', 'E', 191, 54, STR_TO_DATE('04/04/1977', '%d/%m/%Y'));
INSERT INTO hasta VALUES ('12189845326', 'Ramiz', 'Kucukler', 'AB Rh+', 'E', 160, 56, STR_TO_DATE('16/11/1977', '%d/%m/%Y'));
INSERT INTO hasta VALUES ('83522551899', 'Afi', 'Kocoglu', 'B Rh-', 'K', 190, 88, STR_TO_DATE('07/02/1931', '%d/%m/%Y'));
INSERT INTO hasta VALUES ('42588981110', 'Derin', 'Tunceri', 'B Rh-', 'K', 176, 92, STR_TO_DATE('21/10/1981', '%d/%m/%Y'));
INSERT INTO hasta VALUES ('16798558690', 'Ruhsar', 'Ayverdi', 'AB Rh-', 'K', 198, 83, STR_TO_DATE('15/12/1924', '%d/%m/%Y'));
INSERT INTO hasta VALUES ('27250827405', 'Yildiz', 'Kunter', 'AB Rh+', 'E', 157, 87, STR_TO_DATE('12/12/1925', '%d/%m/%Y'));
INSERT INTO hasta VALUES ('77796354694', 'Cagdas', 'Kocoglu', 'AB Rh-', 'K', 165, 78, STR_TO_DATE('12/01/1992', '%d/%m/%Y'));
INSERT INTO hasta VALUES ('16430020036', 'Yildiz', 'Oraloglu', 'B Rh-', 'K', 179, 52, STR_TO_DATE('04/03/1941', '%d/%m/%Y'));
INSERT INTO hasta VALUES ('56157060358', 'Gunnur', 'Kucukler', 'B Rh-', 'E', 188, 59, STR_TO_DATE('27/10/1999', '%d/%m/%Y'));
INSERT INTO hasta VALUES ('11333305604', 'Faris', 'Kucukler', 'A Rh-', 'K', 158, 95, STR_TO_DATE('28/05/1946', '%d/%m/%Y'));
INSERT INTO hasta VALUES ('74008759296', 'Ergin', 'Oraloglu', 'AB Rh+', 'E', 174, 83, STR_TO_DATE('25/01/1919', '%d/%m/%Y'));
INSERT INTO hasta VALUES ('24470600816', 'Mahmut', 'Oraloglu', 'AB Rh-', 'K', 159, 78, STR_TO_DATE('27/03/1992', '%d/%m/%Y'));
INSERT INTO hasta VALUES ('10004884775', 'Ozlen', 'Tunceri', 'A Rh-', 'K', 188, 109, STR_TO_DATE('01/06/1916', '%d/%m/%Y'));
INSERT INTO hasta VALUES ('50888423343', 'Hâlis', 'Kocoglu', 'B Rh-', 'E', 161, 106, STR_TO_DATE('24/01/2007', '%d/%m/%Y'));
INSERT INTO hasta VALUES ('64008832156', 'Benice', 'Ayverdi', 'AB Rh-', 'K', 183, 57, STR_TO_DATE('03/02/1971', '%d/%m/%Y'));
INSERT INTO hasta VALUES ('99948877422', 'Vuslat', 'Ayverdi', 'B Rh+', 'E', 195, 72, STR_TO_DATE('08/01/2003', '%d/%m/%Y'));
INSERT INTO hasta VALUES ('12464083067', 'Ulku', 'Oraloglu', 'AB Rh+', 'E', 156, 100, STR_TO_DATE('27/08/1932', '%d/%m/%Y'));
INSERT INTO hasta VALUES ('69264558227', 'Cangul', 'Ayverdi', 'AB Rh+', 'E', 171, 105, STR_TO_DATE('03/02/1929', '%d/%m/%Y'));
INSERT INTO hasta VALUES ('57876944726', 'Tevhid', 'Tunceri', 'B Rh-', 'K', 158, 51, STR_TO_DATE('15/04/2006', '%d/%m/%Y'));
INSERT INTO hasta VALUES ('45031158101', 'Feride', 'Kunter', 'AB Rh+', 'K', 159, 86, STR_TO_DATE('23/12/1995', '%d/%m/%Y'));
INSERT INTO hasta VALUES ('13350486553', 'Balin', 'Kunter', 'A Rh-', 'K', 194, 102, STR_TO_DATE('01/05/2007', '%d/%m/%Y'));
INSERT INTO hasta VALUES ('89743985744', 'Amelya', 'Oraloglu', 'A Rh+', 'K', 157, 62, STR_TO_DATE('27/06/1917', '%d/%m/%Y'));
INSERT INTO hasta VALUES ('27197961649', 'Gunseli', 'Oraloglu', 'A Rh+', 'E', 193, 72, STR_TO_DATE('29/05/1924', '%d/%m/%Y'));
INSERT INTO hasta VALUES ('69149356409', 'Uygu', 'Oraloglu', 'AB Rh-', 'K', 168, 62, STR_TO_DATE('14/03/1926', '%d/%m/%Y'));
INSERT INTO hasta VALUES ('48847760392', 'Safa', 'Tunceri', 'B Rh+', 'K', 173, 102, STR_TO_DATE('27/05/1986', '%d/%m/%Y'));
INSERT INTO hasta VALUES ('10103588364', 'Behzat', 'Ayverdi', 'B Rh+', 'E', 179, 75, STR_TO_DATE('24/12/1969', '%d/%m/%Y'));
INSERT INTO hasta VALUES ('18831231794', 'Cubeyr', 'Oraloglu', 'B Rh-', 'E', 156, 106, STR_TO_DATE('11/05/1937', '%d/%m/%Y'));
INSERT INTO hasta VALUES ('31498028011', 'Gunseli', 'Kucukler', 'A Rh+', 'E', 180, 64, STR_TO_DATE('01/06/1983', '%d/%m/%Y'));
INSERT INTO hasta VALUES ('22992576044', 'Haldun', 'Oraloglu', 'A Rh+', 'E', 188, 64, STR_TO_DATE('20/12/1936', '%d/%m/%Y'));
INSERT INTO hasta VALUES ('17693514062', 'Hasin', 'Kunter', 'A Rh+', 'E', 192, 69, STR_TO_DATE('07/07/1911', '%d/%m/%Y'));
INSERT INTO hasta VALUES ('32612607905', 'Gultekin', 'Ayverdi', 'AB Rh+', 'K', 178, 83, STR_TO_DATE('23/03/1945', '%d/%m/%Y'));
INSERT INTO hasta VALUES ('10540978859', 'Gunnur', 'Kucukler', 'B Rh+', 'K', 187, 77, STR_TO_DATE('11/06/1919', '%d/%m/%Y'));
INSERT INTO hasta VALUES ('16108960484', 'Fuldem', 'Oraloglu', 'AB Rh-', 'E', 166, 87, STR_TO_DATE('08/04/1999', '%d/%m/%Y'));
INSERT INTO hasta VALUES ('73967770397', 'Fazilet', 'Ayverdi', 'AB Rh-', 'K', 166, 93, STR_TO_DATE('01/08/2000', '%d/%m/%Y'));
INSERT INTO hasta VALUES ('33629522034', 'Recep', 'Oraloglu', 'A Rh-', 'E', 164, 69, STR_TO_DATE('20/01/1931', '%d/%m/%Y'));
INSERT INTO hasta VALUES ('18810394770', 'Eren', 'Tunceri', 'A Rh+', 'E', 179, 64, STR_TO_DATE('07/04/1995', '%d/%m/%Y'));
INSERT INTO hasta VALUES ('12286714385', 'Numan', 'Oraloglu', 'B Rh+', 'E', 165, 64, STR_TO_DATE('29/05/1913', '%d/%m/%Y'));
INSERT INTO hasta VALUES ('81015358906', 'Fahrettin', 'Tunceri', 'AB Rh-', 'E', 194, 57, STR_TO_DATE('15/03/1961', '%d/%m/%Y'));
INSERT INTO hasta VALUES ('98198413122', 'Vahide', 'Kocoglu', 'AB Rh+', 'K', 195, 102, STR_TO_DATE('12/03/1955', '%d/%m/%Y'));
INSERT INTO hasta VALUES ('29896312557', 'Namik', 'Tunceri', 'B Rh-', 'K', 172, 75, STR_TO_DATE('01/01/1967', '%d/%m/%Y'));
INSERT INTO hasta VALUES ('28544122853', 'Hande', 'Tunceri', 'B Rh-', 'K', 182, 95, STR_TO_DATE('25/05/1935', '%d/%m/%Y'));
INSERT INTO hasta VALUES ('42429737447', 'Mazhar', 'Ayverdi', 'B Rh+', 'E', 191, 63, STR_TO_DATE('29/04/1995', '%d/%m/%Y'));
INSERT INTO hasta VALUES ('82793244106', 'Mazhar', 'Kocoglu', 'A Rh-', 'K', 169, 73, STR_TO_DATE('20/12/1984', '%d/%m/%Y'));
INSERT INTO hasta VALUES ('10724263311', 'Ozlen', 'Kucukler', 'AB Rh+', 'E', 182, 59, STR_TO_DATE('25/09/1978', '%d/%m/%Y'));
INSERT INTO hasta VALUES ('55350073525', 'Vahâ', 'Kunter', 'AB Rh+', 'K', 160, 107, STR_TO_DATE('02/11/1936', '%d/%m/%Y'));
INSERT INTO hasta VALUES ('98814165174', 'Ferit', 'Kucukler', 'B Rh-', 'K', 181, 109, STR_TO_DATE('21/11/1911', '%d/%m/%Y'));
INSERT INTO hasta VALUES ('31705444709', 'Izzettin', 'Kunter', 'AB Rh+', 'E', 161, 91, STR_TO_DATE('29/07/1910', '%d/%m/%Y'));
INSERT INTO hasta VALUES ('88297880154', 'Gazanfer', 'Kucukler', 'AB Rh+', 'K', 178, 103, STR_TO_DATE('24/02/1998', '%d/%m/%Y'));
INSERT INTO hasta VALUES ('46430329706', 'Izzet', 'Kocoglu', 'B Rh+', 'K', 179, 106, STR_TO_DATE('03/12/2005', '%d/%m/%Y'));
INSERT INTO hasta VALUES ('74556571061', 'Afi', 'Oraloglu', 'A Rh-', 'K', 155, 103, STR_TO_DATE('07/04/1940', '%d/%m/%Y'));
INSERT INTO hasta VALUES ('46673492726', 'Muge', 'Kucukler', 'B Rh+', 'E', 160, 51, STR_TO_DATE('04/05/2003', '%d/%m/%Y'));
INSERT INTO hasta VALUES ('78143523476', 'Hulya', 'Kocoglu', 'AB Rh+', 'E', 196, 70, STR_TO_DATE('11/07/1966', '%d/%m/%Y'));
INSERT INTO hasta VALUES ('11771161788', 'Mansur', 'Tunceri', 'AB Rh-', 'K', 172, 63, STR_TO_DATE('12/11/1919', '%d/%m/%Y'));
INSERT INTO hasta VALUES ('21326354582', 'Derin', 'Tunceri', 'B Rh-', 'E', 172, 79, STR_TO_DATE('11/01/1967', '%d/%m/%Y'));
INSERT INTO hasta VALUES ('80415348202', 'Kamelya', 'Kocoglu', 'AB Rh-', 'K', 193, 51, STR_TO_DATE('01/08/1953', '%d/%m/%Y'));
INSERT INTO hasta VALUES ('87103808634', 'Gozde', 'Tunceri', 'AB Rh+', 'K', 173, 75, STR_TO_DATE('01/12/1980', '%d/%m/%Y'));
INSERT INTO hasta VALUES ('71644596002', 'Giyas', 'Tunceri', 'A Rh+', 'K', 184, 52, STR_TO_DATE('15/08/1918', '%d/%m/%Y'));
INSERT INTO hasta VALUES ('99298158374', 'Pervin', 'Ayverdi', 'AB Rh-', 'K', 164, 59, STR_TO_DATE('06/01/1940', '%d/%m/%Y'));
INSERT INTO hasta VALUES ('72459767570', 'Sanem', 'Kunter', 'AB Rh+', 'K', 161, 68, STR_TO_DATE('13/10/1954', '%d/%m/%Y'));
INSERT INTO hasta VALUES ('22285447315', 'Ozden', 'Ayverdi', 'AB Rh-', 'K', 164, 74, STR_TO_DATE('27/03/1989', '%d/%m/%Y'));
INSERT INTO hasta VALUES ('49371712541', 'Sevgi', 'Tunceri', 'A Rh+', 'K', 155, 105, STR_TO_DATE('05/09/1955', '%d/%m/%Y'));
INSERT INTO hasta VALUES ('37082678818', 'Gurcan', 'Kucukler', 'A Rh-', 'E', 199, 72, STR_TO_DATE('05/05/1910', '%d/%m/%Y'));
INSERT INTO hasta VALUES ('76423853285', 'Taskin', 'Kucukler', 'A Rh-', 'K', 188, 67, STR_TO_DATE('12/03/1970', '%d/%m/%Y'));
INSERT INTO hasta VALUES ('66939780766', 'Berat', 'Oraloglu', 'AB Rh-', 'K', 184, 100, STR_TO_DATE('05/01/1937', '%d/%m/%Y'));
INSERT INTO hasta VALUES ('84835917941', 'Lamia', 'Kucukler', 'B Rh+', 'K', 199, 70, STR_TO_DATE('05/07/1948', '%d/%m/%Y'));
INSERT INTO hasta VALUES ('83199830169', 'Nevin', 'Oraloglu', 'AB Rh-', 'K', 189, 107, STR_TO_DATE('23/04/1939', '%d/%m/%Y'));
INSERT INTO hasta VALUES ('87282396317', 'Muesser', 'Ayverdi', 'B Rh-', 'E', 182, 81, STR_TO_DATE('16/05/1944', '%d/%m/%Y'));
INSERT INTO hasta VALUES ('24055472501', 'Ilknur', 'Oraloglu', 'AB Rh+', 'E', 170, 101, STR_TO_DATE('25/10/2002', '%d/%m/%Y'));
INSERT INTO hasta VALUES ('42905231600', 'Selma', 'Ayverdi', 'A Rh-', 'K', 191, 76, STR_TO_DATE('04/09/2002', '%d/%m/%Y'));
INSERT INTO hasta VALUES ('31585269503', 'Hande', 'Kucukler', 'A Rh-', 'E', 189, 103, STR_TO_DATE('19/03/1937', '%d/%m/%Y'));
INSERT INTO hasta VALUES ('77993104558', 'Mahzun', 'Kunter', 'AB Rh-', 'E', 187, 72, STR_TO_DATE('18/01/1988', '%d/%m/%Y'));
INSERT INTO hasta VALUES ('74296394018', 'Bedran', 'Kunter', 'A Rh-', 'E', 189, 54, STR_TO_DATE('09/06/1995', '%d/%m/%Y'));
INSERT INTO hasta VALUES ('29408546480', 'Uygu', 'Kucukler', 'B Rh+', 'K', 199, 60, STR_TO_DATE('24/05/1937', '%d/%m/%Y'));
INSERT INTO hasta VALUES ('40151195854', 'Yaman', 'Kocoglu', 'B Rh+', 'K', 179, 58, STR_TO_DATE('05/04/1974', '%d/%m/%Y'));
INSERT INTO hasta VALUES ('19483107600', 'Tevfik', 'Kocoglu', 'A Rh-', 'K', 173, 61, STR_TO_DATE('24/07/1923', '%d/%m/%Y'));
INSERT INTO hasta VALUES ('48157612304', 'Ilknur', 'Kocoglu', 'AB Rh-', 'E', 193, 52, STR_TO_DATE('26/03/1945', '%d/%m/%Y'));
INSERT INTO hasta VALUES ('73678171937', 'Perihan', 'Kocoglu', 'B Rh+', 'K', 186, 66, STR_TO_DATE('20/02/1989', '%d/%m/%Y'));
INSERT INTO hasta VALUES ('99875823158', 'Cihad', 'Kucukler', 'B Rh-', 'E', 178, 57, STR_TO_DATE('09/05/1919', '%d/%m/%Y'));
INSERT INTO hasta VALUES ('40653117676', 'Acar', 'Kunter', 'A Rh+', 'E', 159, 99, STR_TO_DATE('12/10/1989', '%d/%m/%Y'));
INSERT INTO hasta VALUES ('90917077486', 'Ilknur', 'Kocoglu', 'B Rh-', 'K', 192, 61, STR_TO_DATE('19/06/1950', '%d/%m/%Y'));
INSERT INTO hasta VALUES ('57452429032', 'Hayat', 'Kunter', 'B Rh+', 'K', 196, 93, STR_TO_DATE('24/04/1913', '%d/%m/%Y'));
INSERT INTO hasta VALUES ('20352265527', 'Nedim', 'Ayverdi', 'B Rh-', 'E', 192, 52, STR_TO_DATE('07/05/1949', '%d/%m/%Y'));
INSERT INTO hasta VALUES ('87884104503', 'Nergis', 'Tunceri', 'A Rh+', 'K', 183, 82, STR_TO_DATE('08/01/1913', '%d/%m/%Y'));
INSERT INTO hasta VALUES ('60667355539', 'Fulden', 'Tunceri', 'B Rh-', 'E', 199, 69, STR_TO_DATE('08/02/1920', '%d/%m/%Y'));
INSERT INTO hasta VALUES ('99236633109', 'Muzaffer', 'Kunter', 'AB Rh-', 'K', 162, 53, STR_TO_DATE('02/10/1955', '%d/%m/%Y'));
INSERT INTO hasta VALUES ('76034864533', 'Yonca', 'Kunter', 'B Rh+', 'E', 178, 102, STR_TO_DATE('29/04/1991', '%d/%m/%Y'));
INSERT INTO hasta VALUES ('49839191618', 'Semih', 'Kucukler', 'B Rh+', 'E', 160, 74, STR_TO_DATE('22/04/1948', '%d/%m/%Y'));
INSERT INTO hasta VALUES ('25493449160', 'Seyyit', 'Kocoglu', 'B Rh+', 'K', 188, 91, STR_TO_DATE('08/07/1967', '%d/%m/%Y'));
INSERT INTO hasta VALUES ('74540415058', 'Tezer', 'Ayverdi', 'A Rh+', 'E', 170, 58, STR_TO_DATE('20/10/1938', '%d/%m/%Y'));
INSERT INTO hasta VALUES ('54290953069', 'Sehrazat', 'Tunceri', 'AB Rh-', 'E', 170, 71, STR_TO_DATE('27/12/1933', '%d/%m/%Y'));
INSERT INTO hasta VALUES ('62363695406', 'Canalp', 'Kocoglu', 'AB Rh+', 'K', 160, 54, STR_TO_DATE('02/03/1962', '%d/%m/%Y'));
INSERT INTO hasta VALUES ('21405882559', 'Yonca', 'Kocoglu', 'A Rh-', 'K', 189, 79, STR_TO_DATE('09/07/2004', '%d/%m/%Y'));
INSERT INTO hasta VALUES ('27243367959', 'Ruhsar', 'Oraloglu', 'A Rh-', 'E', 193, 96, STR_TO_DATE('29/05/2006', '%d/%m/%Y'));
INSERT INTO hasta VALUES ('64058584706', 'Ozge', 'Kucukler', 'A Rh-', 'K', 183, 81, STR_TO_DATE('08/09/1966', '%d/%m/%Y'));
INSERT INTO hasta VALUES ('85938361606', 'Eda', 'Kunter', 'AB Rh+', 'E', 186, 102, STR_TO_DATE('18/08/2005', '%d/%m/%Y'));
INSERT INTO hasta VALUES ('23929176817', 'Adem', 'Kunter', 'AB Rh-', 'K', 167, 52, STR_TO_DATE('19/06/1990', '%d/%m/%Y'));
INSERT INTO hasta VALUES ('13227154936', 'Nalan', 'Oraloglu', 'A Rh-', 'K', 199, 98, STR_TO_DATE('19/05/1984', '%d/%m/%Y'));
INSERT INTO hasta VALUES ('37240323295', 'Lamia', 'Kunter', 'B Rh+', 'E', 188, 64, STR_TO_DATE('19/02/1993', '%d/%m/%Y'));
INSERT INTO hasta VALUES ('55856503359', 'Ilkben', 'Oraloglu', 'AB Rh+', 'K', 172, 81, STR_TO_DATE('05/12/1923', '%d/%m/%Y'));
INSERT INTO hasta VALUES ('44864494824', 'Mutahhar', 'Oraloglu', 'AB Rh+', 'E', 173, 73, STR_TO_DATE('29/01/1975', '%d/%m/%Y'));
INSERT INTO hasta VALUES ('85832418802', 'Sibel', 'Tunceri', 'AB Rh-', 'K', 181, 57, STR_TO_DATE('05/10/2001', '%d/%m/%Y'));
INSERT INTO hasta VALUES ('11741547521', 'Tufan', 'Tunceri', 'B Rh+', 'K', 191, 70, STR_TO_DATE('10/02/1973', '%d/%m/%Y'));
INSERT INTO hasta VALUES ('15269604897', 'Meliksah', 'Kunter', 'A Rh+', 'E', 174, 107, STR_TO_DATE('20/12/1952', '%d/%m/%Y'));
INSERT INTO hasta VALUES ('77894551468', 'Pelin', 'Kucukler', 'A Rh+', 'E', 190, 79, STR_TO_DATE('10/09/1996', '%d/%m/%Y'));
INSERT INTO hasta VALUES ('52779852669', 'Timur', 'Oraloglu', 'AB Rh-', 'E', 192, 109, STR_TO_DATE('18/07/1925', '%d/%m/%Y'));
INSERT INTO hasta VALUES ('98236374308', 'Talat', 'Ayverdi', 'AB Rh-', 'E', 155, 90, STR_TO_DATE('19/08/1936', '%d/%m/%Y'));
INSERT INTO hasta VALUES ('58340367791', 'Semsi', 'Oraloglu', 'AB Rh+', 'K', 186, 104, STR_TO_DATE('10/01/1956', '%d/%m/%Y'));
INSERT INTO hasta VALUES ('46969414551', 'Emin', 'Kucukler', 'A Rh+', 'E', 157, 103, STR_TO_DATE('03/03/1973', '%d/%m/%Y'));
INSERT INTO hasta VALUES ('75611613459', 'Melek', 'Oraloglu', 'AB Rh-', 'K', 179, 70, STR_TO_DATE('20/10/1963', '%d/%m/%Y'));
INSERT INTO hasta VALUES ('73135069092', 'Ferhan', 'Kucukler', 'AB Rh+', 'E', 194, 103, STR_TO_DATE('04/12/1919', '%d/%m/%Y'));
INSERT INTO hasta VALUES ('82628224833', 'Vahâ', 'Oraloglu', 'AB Rh-', 'K', 194, 85, STR_TO_DATE('16/07/1949', '%d/%m/%Y'));
INSERT INTO hasta VALUES ('48094128552', 'Fatos', 'Oraloglu', 'AB Rh+', 'K', 193, 54, STR_TO_DATE('12/06/1958', '%d/%m/%Y'));
INSERT INTO hasta VALUES ('87359333836', 'Sener', 'Kocoglu', 'B Rh+', 'K', 172, 82, STR_TO_DATE('05/02/1966', '%d/%m/%Y'));
INSERT INTO hasta VALUES ('41486604078', 'Feray', 'Kocoglu', 'B Rh+', 'E', 176, 53, STR_TO_DATE('26/08/1989', '%d/%m/%Y'));
INSERT INTO hasta VALUES ('38490983620', 'Cemal', 'Ayverdi', 'A Rh-', 'E', 177, 51, STR_TO_DATE('08/09/1957', '%d/%m/%Y'));
INSERT INTO hasta VALUES ('12387192221', 'Gokben', 'Ayverdi', 'A Rh-', 'E', 180, 53, STR_TO_DATE('15/05/1979', '%d/%m/%Y'));
INSERT INTO hasta VALUES ('54590548658', 'Hande', 'Kunter', 'A Rh-', 'E', 186, 50, STR_TO_DATE('26/01/1910', '%d/%m/%Y'));
INSERT INTO hasta VALUES ('73925439989', 'Julide', 'Tunceri', 'AB Rh-', 'K', 175, 102, STR_TO_DATE('16/05/1977', '%d/%m/%Y'));
INSERT INTO hasta VALUES ('19821055444', 'Filiz', 'Kunter', 'B Rh+', 'E', 155, 82, STR_TO_DATE('28/08/1967', '%d/%m/%Y'));
INSERT INTO hasta VALUES ('86546322673', 'Firdevs', 'Kocoglu', 'AB Rh-', 'K', 176, 106, STR_TO_DATE('17/09/1941', '%d/%m/%Y'));
INSERT INTO hasta VALUES ('30982408713', 'Ilayda', 'Ayverdi', 'A Rh+', 'E', 166, 58, STR_TO_DATE('07/10/1981', '%d/%m/%Y'));
INSERT INTO hasta VALUES ('34821227292', 'Aysar', 'Tunceri', 'A Rh-', 'K', 195, 53, STR_TO_DATE('14/04/1999', '%d/%m/%Y'));
INSERT INTO hasta VALUES ('16895875124', 'Amelya', 'Tunceri', 'AB Rh-', 'K', 199, 109, STR_TO_DATE('03/09/1914', '%d/%m/%Y'));
INSERT INTO hasta VALUES ('44227283344', 'Zâfir', 'Kocoglu', 'A Rh-', 'E', 192, 82, STR_TO_DATE('14/01/1922', '%d/%m/%Y'));
INSERT INTO hastane VALUES ('Medicana Ankara', '08504603521', 'Ankara', 'Cankaya', 'Sogutozu, 2176. Sk. No: 3, 06510 Cankaya/Ankara');
INSERT INTO hastane VALUES ('TOBB ETU Hastanesi', '03127472689', 'Ankara', 'Yenimahalle', 'Bestepe, Yasam Cd. No:5, 06560 Yenimahalle/Ankara');
INSERT INTO hastane VALUES ('Bestepe Devlet Hastanesi', '03126483587', 'Ankara', 'Cankaya', 'Bestepe, Bestepeler Mh, Alparslan Turkes Cd. No:57, 06560 Cankaya/Ankara');
INSERT INTO hastane VALUES ('Acibadem Bursa', '03129749724', 'Bursa', 'Nilufer', 'Fatih Sultan Mehmet Bulvari, Sumer Sk. No:1, 16110 Nilufer/Bursa');
INSERT INTO hastane VALUES ('Ozel Doruk Bursa Hastanesi', '03126547612', 'Bursa', 'Osmangazi', 'Dikkaldirim Mah Cekirge Zubeydehanim Cad. No:5, 16080 Osmangazi/Bursa');
INSERT INTO doktor VALUES ('18415486066', 'Sila', 'Kunter', 'Duzce Universitesi Tip Fakultesi', 'Uzm.', 'Noroloji', 'TOBB ETU Hastanesi');
INSERT INTO doktor VALUES ('20145772152', 'Derin', 'Oraloglu', 'Hitit Universitesi Tip Fakultesi', 'Uzm.', 'Noroloji', 'TOBB ETU Hastanesi');
INSERT INTO doktor VALUES ('71081846132', 'Mujdat', 'Kucukler', 'Firat Universitesi Tip Fakultesi', 'Doc.', 'Psikiyatri', 'TOBB ETU Hastanesi');
INSERT INTO doktor VALUES ('21930037452', 'Neslisah', 'Oraloglu', 'Kastamonu Universitesi Tip Fakultesi', 'Op.', 'Radyasyon Onkolojisi', 'TOBB ETU Hastanesi');
INSERT INTO doktor VALUES ('15148002983', 'Derin', 'Kunter', 'Usak Universitesi Tip Fakultesi', 'Prt.', 'Genel Cerrahi', 'Bestepe Devlet Hastanesi');
INSERT INTO doktor VALUES ('61520737929', 'Mihriban', 'Oraloglu', 'Marmara Universitesi Tip Fakultesi', 'Prof.', 'Cocuk Ruh Sagligi', 'Medicana Ankara');
INSERT INTO doktor VALUES ('77934983467', 'Deste', 'Kocoglu', 'Kirikkale Universitesi Tip Fakultesi', 'Doc.', 'Noroloji', 'Bestepe Devlet Hastanesi');
INSERT INTO doktor VALUES ('53029284266', 'Altemur', 'Kocoglu', 'Ataturk Universitesi Tip Fakultesi', 'Doc.', 'Fizyoloji', 'Medicana Ankara');
INSERT INTO doktor VALUES ('22570734093', 'Siir', 'Tunceri', 'Yozgat Bozok Universitesi Tip Fakultesi', 'Uzm.', 'Adli Tip', 'Ozel Doruk Bursa Hastanesi');
INSERT INTO doktor VALUES ('28024505503', 'Filiz', 'Kocoglu', 'Amasya Universitesi Tip Fakultesi', 'Doc.', 'Tip Etigi ve Tip Tarihi', 'TOBB ETU Hastanesi');
INSERT INTO doktor VALUES ('59893978600', 'Durriye', 'Oraloglu', 'Gazi Universitesi Tip Fakultesi', 'Uzm.', 'Anestezi ve Reanimasyon', 'TOBB ETU Hastanesi');
INSERT INTO doktor VALUES ('82443914229', 'Aytac', 'Oraloglu', 'Sakarya Universitesi Tip Fakultesi', 'Prof.', 'Cocuk Sagligi ve Hastaliklari', 'Medicana Ankara');
INSERT INTO doktor VALUES ('73201070747', 'Ecem', 'Tunceri', 'Yozgat Bozok Universitesi Tip Fakultesi', 'Prof.', 'Histoloji ve Embriyoloji', 'Acibadem Bursa');
INSERT INTO doktor VALUES ('46600677643', 'Tamer', 'Tunceri', 'Amasya Universitesi Tip Fakultesi', 'Prof.', 'Tibbi Biyokimya', 'Bestepe Devlet Hastanesi');
INSERT INTO doktor VALUES ('22836235522', 'Anita', 'Ayverdi', 'Usak Universitesi Tip Fakultesi', 'Op.', 'Acil Tip', 'Medicana Ankara');
INSERT INTO doktor VALUES ('28286335055', 'Tunay', 'Kucukler', 'Hacettepe Universitesi Tip Fakultesi', 'Doc.', 'Cocuk Ruh Sagligi', 'TOBB ETU Hastanesi');
INSERT INTO doktor VALUES ('79459874964', 'Davud', 'Ayverdi', 'Kafkas Universitesi Tip Fakultesi', 'Op.', 'Genel Cerrahi', 'Ozel Doruk Bursa Hastanesi');
INSERT INTO doktor VALUES ('53929453068', 'Abendam', 'Oraloglu', 'Gazi Universitesi Tip Fakultesi', 'Yrd. Doc.', 'Acil Tip', 'TOBB ETU Hastanesi');
INSERT INTO doktor VALUES ('89695271142', 'Anka', 'Tunceri', 'Selcuk Universitesi Tip Fakultesi', 'Prt.', 'Tip Etigi ve Tip Tarihi', 'Bestepe Devlet Hastanesi');
INSERT INTO doktor VALUES ('52411851733', 'Zeyd', 'Oraloglu', 'Bursa Uludag Universitesi Tip Fakultesi', 'Doc.', 'Kalp ve Damar Cerrahisi', 'Bestepe Devlet Hastanesi');
INSERT INTO doktor VALUES ('46722762942', 'Erman', 'Kucukler', 'Usak Universitesi Tip Fakultesi', 'Prof.', 'Kulak Burun Bogaz', 'Bestepe Devlet Hastanesi');
INSERT INTO doktor VALUES ('76736600774', 'Fasih', 'Kunter', 'Dokuz Eylul Universitesi Tip Fakultesi', 'Yrd. Doc.', 'Fiziksel Tip ve Rehabilitasyon', 'TOBB ETU Hastanesi');
INSERT INTO doktor VALUES ('88658797045', 'Destan', 'Kocoglu', 'Aksaray Universitesi Tip Fakultesi', 'Doc.', 'Nukleer Tip', 'Bestepe Devlet Hastanesi');
INSERT INTO doktor VALUES ('65991602270', 'Nihan', 'Kucukler', 'Amasya Universitesi Tip Fakultesi', 'Op.', 'Adli Tip', 'TOBB ETU Hastanesi');
INSERT INTO doktor VALUES ('98622734180', 'Necla', 'Tunceri', 'Inonu Universitesi Tip Fakultesi', 'Prt.', 'Cocuk Cerrahisi', 'TOBB ETU Hastanesi');
INSERT INTO doktor VALUES ('66618076646', 'Esref', 'Oraloglu', 'Inonu Universitesi Tip Fakultesi', 'Uzm.', 'Tibbi Patoloji', 'Bestepe Devlet Hastanesi');
INSERT INTO doktor VALUES ('18066618380', 'Yuksel', 'Oraloglu', 'Ankara Universitesi Tip Fakultesi', 'Prt.', 'Tibbi Mikrobiyoloji', 'TOBB ETU Hastanesi');
INSERT INTO doktor VALUES ('67291775774', 'Abidin', 'Tunceri', 'Pamukkale Universitesi Tip Fakultesi', 'Prof.', 'Kardiyoloji', 'Medicana Ankara');
INSERT INTO doktor VALUES ('10035244416', 'Kadi', 'Kocoglu', 'Kirklareli Universitesi Tip Fakultesi', 'Op.', 'Tip Etigi ve Tip Tarihi', 'Ozel Doruk Bursa Hastanesi');
INSERT INTO doktor VALUES ('64456219855', 'Durriye', 'Oraloglu', 'Gaziantep Universitesi Tip Fakultesi', 'Prof.', 'Tip Bilisimi', 'TOBB ETU Hastanesi');
INSERT INTO doktor VALUES ('19470889216', 'Kadriye', 'Kucukler', 'Balikesir Universitesi Tip Fakultesi', 'Prof.', 'Uroloji', 'TOBB ETU Hastanesi');
INSERT INTO doktor VALUES ('80846704118', 'Dondu', 'Kucukler', 'Gaziantep Universitesi Tip Fakultesi', 'Prt.', 'Kardiyoloji', 'Bestepe Devlet Hastanesi');
INSERT INTO doktor VALUES ('32372050568', 'Daghan', 'Ayverdi', 'Kastamonu Universitesi Tip Fakultesi', 'Prt.', 'Kulak Burun Bogaz', 'TOBB ETU Hastanesi');
INSERT INTO doktor VALUES ('84208706741', 'Elcin', 'Tunceri', 'Karabuk Universitesi Tip Fakultesi', 'Doc.', 'Radyasyon Onkolojisi', 'Acibadem Bursa');
INSERT INTO doktor VALUES ('67944664167', 'Gokmen', 'Kunter', 'Duzce Universitesi Tip Fakultesi', 'Prt.', 'Gogus Hastaliklari', 'Bestepe Devlet Hastanesi');
INSERT INTO doktor VALUES ('97474614576', 'Turna', 'Oraloglu', 'Ankara Universitesi Tip Fakultesi', 'Uzm.', 'Fizyoloji', 'TOBB ETU Hastanesi');
INSERT INTO doktor VALUES ('47762348911', 'Anita', 'Kucukler', 'Marmara Universitesi Tip Fakultesi', 'Uzm.', 'Anatomi', 'Medicana Ankara');
INSERT INTO doktor VALUES ('43833958803', 'Ulker', 'Tunceri', 'Mersin Universitesi Tip Fakultesi', 'Uzm.', 'Tibbi Biyokimya', 'Medicana Ankara');
INSERT INTO doktor VALUES ('58883871945', 'Ozden', 'Ayverdi', 'Trakya Universitesi Tip Fakultesi', 'Op.', 'Tip Etigi ve Tip Tarihi', 'TOBB ETU Hastanesi');
INSERT INTO doktor VALUES ('70248594441', 'Giray', 'Tunceri', 'Ankara Universitesi Tip Fakultesi', 'Doc.', 'Gogus Hastaliklari', 'Bestepe Devlet Hastanesi');
INSERT INTO randevu VALUES ('254398996', 'Ameliyat', STR_TO_DATE('25/09/2022 09:00', '%d/%m/%Y %H:%i'), '88658797045', '87021833606');
INSERT INTO randevu VALUES ('153614668', 'Kontrol', STR_TO_DATE('02/12/2022 08:00', '%d/%m/%Y %H:%i'), '15148002983', '50568152076');
INSERT INTO randevu VALUES ('144743285', 'Muayene', STR_TO_DATE('26/12/2022 12:00', '%d/%m/%Y %H:%i'), '20145772152', '92525110922');
INSERT INTO randevu VALUES ('121922506', 'Muayene', STR_TO_DATE('15/09/2022 10:00', '%d/%m/%Y %H:%i'), '43833958803', '88297880154');
INSERT INTO randevu VALUES ('885382105', 'Muayene', STR_TO_DATE('19/09/2022 15:00', '%d/%m/%Y %H:%i'), '53029284266', '16341709803');
INSERT INTO randevu VALUES ('533310342', 'Ameliyat', STR_TO_DATE('03/11/2022 10:00', '%d/%m/%Y %H:%i'), '18415486066', '98363955725');
INSERT INTO randevu VALUES ('225313048', 'Kontrol', STR_TO_DATE('19/08/2022 12:00', '%d/%m/%Y %H:%i'), '47762348911', '71115714776');
INSERT INTO randevu VALUES ('859908661', 'Muayene', STR_TO_DATE('08/08/2022 12:00', '%d/%m/%Y %H:%i'), '64456219855', '13325286921');
INSERT INTO randevu VALUES ('126574836', 'Ameliyat', STR_TO_DATE('29/11/2022 14:00', '%d/%m/%Y %H:%i'), '84208706741', '65349531513');
INSERT INTO randevu VALUES ('513622246', 'Muayene', STR_TO_DATE('28/09/2022 15:00', '%d/%m/%Y %H:%i'), '65991602270', '66492363054');
INSERT INTO randevu VALUES ('800261820', 'Kontrol', STR_TO_DATE('03/09/2022 08:00', '%d/%m/%Y %H:%i'), '58883871945', '74005591259');
INSERT INTO randevu VALUES ('904930602', 'Muayene', STR_TO_DATE('18/11/2022 15:00', '%d/%m/%Y %H:%i'), '76736600774', '21420685189');
INSERT INTO randevu VALUES ('984163309', 'Muayene', STR_TO_DATE('03/10/2022 09:00', '%d/%m/%Y %H:%i'), '53029284266', '93029816092');
INSERT INTO randevu VALUES ('911657558', 'Muayene', STR_TO_DATE('03/12/2022 14:00', '%d/%m/%Y %H:%i'), '32372050568', '99886584520');
INSERT INTO randevu VALUES ('782898498', 'Ameliyat', STR_TO_DATE('07/07/2022 08:00', '%d/%m/%Y %H:%i'), '21930037452', '77636958587');
INSERT INTO randevu VALUES ('462585007', 'Ameliyat', STR_TO_DATE('11/07/2022 12:00', '%d/%m/%Y %H:%i'), '89695271142', '34632070186');
INSERT INTO randevu VALUES ('138346330', 'Muayene', STR_TO_DATE('01/09/2022 12:00', '%d/%m/%Y %H:%i'), '18066618380', '72509433249');
INSERT INTO randevu VALUES ('529718051', 'Muayene', STR_TO_DATE('04/07/2022 11:00', '%d/%m/%Y %H:%i'), '10035244416', '34813767088');
INSERT INTO randevu VALUES ('266722467', 'Kontrol', STR_TO_DATE('25/09/2022 15:00', '%d/%m/%Y %H:%i'), '22570734093', '22867687980');
INSERT INTO randevu VALUES ('321000368', 'Ameliyat', STR_TO_DATE('12/10/2022 08:00', '%d/%m/%Y %H:%i'), '52411851733', '22867687980');
INSERT INTO randevu VALUES ('255462797', 'Kontrol', STR_TO_DATE('28/10/2022 08:00', '%d/%m/%Y %H:%i'), '21930037452', '60691573105');
INSERT INTO randevu VALUES ('152464202', 'Kontrol', STR_TO_DATE('29/09/2022 13:00', '%d/%m/%Y %H:%i'), '61520737929', '46794084507');
INSERT INTO randevu VALUES ('423601071', 'Ameliyat', STR_TO_DATE('13/10/2022 09:00', '%d/%m/%Y %H:%i'), '88658797045', '19589944827');
INSERT INTO randevu VALUES ('796861874', 'Ameliyat', STR_TO_DATE('27/10/2022 12:00', '%d/%m/%Y %H:%i'), '46722762942', '72969110000');
INSERT INTO randevu VALUES ('167353110', 'Muayene', STR_TO_DATE('16/07/2022 09:00', '%d/%m/%Y %H:%i'), '67944664167', '98024068422');
INSERT INTO randevu VALUES ('947653550', 'Muayene', STR_TO_DATE('25/08/2022 09:00', '%d/%m/%Y %H:%i'), '98622734180', '41716039742');
INSERT INTO randevu VALUES ('432947472', 'Ameliyat', STR_TO_DATE('08/07/2022 09:00', '%d/%m/%Y %H:%i'), '22836235522', '43176221687');
INSERT INTO randevu VALUES ('439563700', 'Ameliyat', STR_TO_DATE('16/09/2022 14:00', '%d/%m/%Y %H:%i'), '18415486066', '52879452003');
INSERT INTO randevu VALUES ('658854716', 'Kontrol', STR_TO_DATE('21/12/2022 13:00', '%d/%m/%Y %H:%i'), '79459874964', '60617485753');
INSERT INTO randevu VALUES ('685385579', 'Muayene', STR_TO_DATE('28/07/2022 13:00', '%d/%m/%Y %H:%i'), '21930037452', '67883923345');
INSERT INTO randevu VALUES ('198115125', 'Muayene', STR_TO_DATE('28/12/2022 14:00', '%d/%m/%Y %H:%i'), '65991602270', '24040741728');
INSERT INTO randevu VALUES ('191171510', 'Muayene', STR_TO_DATE('19/12/2022 11:00', '%d/%m/%Y %H:%i'), '28024505503', '15998684040');
INSERT INTO randevu VALUES ('894001987', 'Kontrol', STR_TO_DATE('05/07/2022 12:00', '%d/%m/%Y %H:%i'), '70248594441', '28344287419');
INSERT INTO randevu VALUES ('482363150', 'Ameliyat', STR_TO_DATE('10/10/2022 11:00', '%d/%m/%Y %H:%i'), '97474614576', '65210147770');
INSERT INTO randevu VALUES ('936471260', 'Kontrol', STR_TO_DATE('10/07/2022 15:00', '%d/%m/%Y %H:%i'), '67291775774', '56780530554');
INSERT INTO randevu VALUES ('760510894', 'Ameliyat', STR_TO_DATE('25/10/2022 09:00', '%d/%m/%Y %H:%i'), '65991602270', '48157612304');
INSERT INTO randevu VALUES ('857404562', 'Muayene', STR_TO_DATE('20/11/2022 13:00', '%d/%m/%Y %H:%i'), '64456219855', '52997616421');
INSERT INTO randevu VALUES ('820393572', 'Ameliyat', STR_TO_DATE('29/12/2022 13:00', '%d/%m/%Y %H:%i'), '65991602270', '22867687980');
INSERT INTO randevu VALUES ('180666246', 'Muayene', STR_TO_DATE('17/11/2022 08:00', '%d/%m/%Y %H:%i'), '18415486066', '74514825202');
INSERT INTO randevu VALUES ('461658378', 'Muayene', STR_TO_DATE('14/07/2022 15:00', '%d/%m/%Y %H:%i'), '73201070747', '37351433841');
INSERT INTO randevu VALUES ('436988321', 'Muayene', STR_TO_DATE('17/12/2022 10:00', '%d/%m/%Y %H:%i'), '53029284266', '38635812036');
INSERT INTO randevu VALUES ('218400545', 'Kontrol', STR_TO_DATE('16/10/2022 13:00', '%d/%m/%Y %H:%i'), '88658797045', '74471143251');
INSERT INTO randevu VALUES ('955909339', 'Ameliyat', STR_TO_DATE('07/11/2022 08:00', '%d/%m/%Y %H:%i'), '82443914229', '74540415058');
INSERT INTO randevu VALUES ('551460176', 'Kontrol', STR_TO_DATE('09/07/2022 14:00', '%d/%m/%Y %H:%i'), '22570734093', '12353460072');
INSERT INTO randevu VALUES ('368858766', 'Muayene', STR_TO_DATE('19/10/2022 14:00', '%d/%m/%Y %H:%i'), '21930037452', '87282396317');
INSERT INTO randevu VALUES ('560811454', 'Kontrol', STR_TO_DATE('11/12/2022 09:00', '%d/%m/%Y %H:%i'), '28286335055', '13100370416');
INSERT INTO randevu VALUES ('300558970', 'Muayene', STR_TO_DATE('09/08/2022 08:00', '%d/%m/%Y %H:%i'), '89695271142', '85392465827');
INSERT INTO randevu VALUES ('944979651', 'Ameliyat', STR_TO_DATE('20/10/2022 09:00', '%d/%m/%Y %H:%i'), '21930037452', '12051225301');
INSERT INTO randevu VALUES ('987152170', 'Muayene', STR_TO_DATE('09/10/2022 09:00', '%d/%m/%Y %H:%i'), '97474614576', '48818305976');
INSERT INTO randevu VALUES ('828503402', 'Ameliyat', STR_TO_DATE('08/07/2022 14:00', '%d/%m/%Y %H:%i'), '89695271142', '22020146668');
INSERT INTO randevu VALUES ('348668187', 'Ameliyat', STR_TO_DATE('04/11/2022 08:00', '%d/%m/%Y %H:%i'), '20145772152', '61711772790');
INSERT INTO randevu VALUES ('358563544', 'Kontrol', STR_TO_DATE('12/10/2022 12:00', '%d/%m/%Y %H:%i'), '46600677643', '29322421572');
INSERT INTO randevu VALUES ('805629853', 'Ameliyat', STR_TO_DATE('27/12/2022 10:00', '%d/%m/%Y %H:%i'), '67291775774', '88438697854');
INSERT INTO randevu VALUES ('149739226', 'Ameliyat', STR_TO_DATE('16/11/2022 11:00', '%d/%m/%Y %H:%i'), '66618076646', '21420685189');
INSERT INTO randevu VALUES ('600620058', 'Muayene', STR_TO_DATE('22/09/2022 14:00', '%d/%m/%Y %H:%i'), '66618076646', '27250827405');
INSERT INTO randevu VALUES ('534333733', 'Kontrol', STR_TO_DATE('06/07/2022 13:00', '%d/%m/%Y %H:%i'), '89695271142', '56491184610');
INSERT INTO randevu VALUES ('957272890', 'Ameliyat', STR_TO_DATE('04/12/2022 08:00', '%d/%m/%Y %H:%i'), '47762348911', '62363695406');
INSERT INTO randevu VALUES ('950834879', 'Kontrol', STR_TO_DATE('09/11/2022 14:00', '%d/%m/%Y %H:%i'), '97474614576', '77686496294');
INSERT INTO randevu VALUES ('290961087', 'Muayene', STR_TO_DATE('04/09/2022 13:00', '%d/%m/%Y %H:%i'), '21930037452', '16430020036');
INSERT INTO randevu VALUES ('801995281', 'Muayene', STR_TO_DATE('21/08/2022 13:00', '%d/%m/%Y %H:%i'), '89695271142', '83507689428');
INSERT INTO randevu VALUES ('544273441', 'Muayene', STR_TO_DATE('29/07/2022 09:00', '%d/%m/%Y %H:%i'), '82443914229', '44200290690');
INSERT INTO randevu VALUES ('862026541', 'Muayene', STR_TO_DATE('15/11/2022 13:00', '%d/%m/%Y %H:%i'), '70248594441', '65933136203');
INSERT INTO randevu VALUES ('218178026', 'Muayene', STR_TO_DATE('01/08/2022 15:00', '%d/%m/%Y %H:%i'), '64456219855', '93920997703');
INSERT INTO randevu VALUES ('473338218', 'Muayene', STR_TO_DATE('07/10/2022 10:00', '%d/%m/%Y %H:%i'), '77934983467', '11913604282');
INSERT INTO randevu VALUES ('901449091', 'Ameliyat', STR_TO_DATE('11/10/2022 15:00', '%d/%m/%Y %H:%i'), '70248594441', '21455452016');
INSERT INTO randevu VALUES ('335860023', 'Kontrol', STR_TO_DATE('07/08/2022 10:00', '%d/%m/%Y %H:%i'), '47762348911', '70869233735');
INSERT INTO randevu VALUES ('808350958', 'Ameliyat', STR_TO_DATE('17/09/2022 12:00', '%d/%m/%Y %H:%i'), '77934983467', '21089398297');
INSERT INTO randevu VALUES ('816440857', 'Muayene', STR_TO_DATE('25/11/2022 10:00', '%d/%m/%Y %H:%i'), '52411851733', '63739957070');
INSERT INTO randevu VALUES ('379740794', 'Muayene', STR_TO_DATE('05/12/2022 15:00', '%d/%m/%Y %H:%i'), '64456219855', '47786371252');
INSERT INTO randevu VALUES ('322436323', 'Ameliyat', STR_TO_DATE('02/09/2022 08:00', '%d/%m/%Y %H:%i'), '21930037452', '40843107735');
INSERT INTO randevu VALUES ('136224775', 'Kontrol', STR_TO_DATE('02/10/2022 10:00', '%d/%m/%Y %H:%i'), '71081846132', '46374362521');
INSERT INTO randevu VALUES ('450038183', 'Kontrol', STR_TO_DATE('25/07/2022 13:00', '%d/%m/%Y %H:%i'), '64456219855', '17476602182');
INSERT INTO randevu VALUES ('883132003', 'Muayene', STR_TO_DATE('29/12/2022 13:00', '%d/%m/%Y %H:%i'), '97474614576', '12353460072');
INSERT INTO randevu VALUES ('327978419', 'Ameliyat', STR_TO_DATE('22/12/2022 10:00', '%d/%m/%Y %H:%i'), '18066618380', '67491454268');
INSERT INTO randevu VALUES ('296597145', 'Ameliyat', STR_TO_DATE('17/10/2022 08:00', '%d/%m/%Y %H:%i'), '52411851733', '90061361261');
INSERT INTO randevu VALUES ('188050959', 'Muayene', STR_TO_DATE('23/11/2022 14:00', '%d/%m/%Y %H:%i'), '98622734180', '21262363646');
INSERT INTO randevu VALUES ('325349896', 'Muayene', STR_TO_DATE('06/07/2022 08:00', '%d/%m/%Y %H:%i'), '84208706741', '19396667168');
INSERT INTO randevu VALUES ('754034826', 'Ameliyat', STR_TO_DATE('14/07/2022 11:00', '%d/%m/%Y %H:%i'), '66618076646', '65838883742');
INSERT INTO randevu VALUES ('450857835', 'Kontrol', STR_TO_DATE('06/10/2022 10:00', '%d/%m/%Y %H:%i'), '76736600774', '99875823158');
INSERT INTO randevu VALUES ('865201713', 'Ameliyat', STR_TO_DATE('02/08/2022 12:00', '%d/%m/%Y %H:%i'), '53029284266', '79533152706');
INSERT INTO randevu VALUES ('322966086', 'Muayene', STR_TO_DATE('04/07/2022 15:00', '%d/%m/%Y %H:%i'), '80846704118', '77796354694');
INSERT INTO randevu VALUES ('792797257', 'Kontrol', STR_TO_DATE('13/09/2022 10:00', '%d/%m/%Y %H:%i'), '20145772152', '74514825202');
INSERT INTO randevu VALUES ('310077040', 'Kontrol', STR_TO_DATE('06/08/2022 11:00', '%d/%m/%Y %H:%i'), '19470889216', '53947057022');
INSERT INTO randevu VALUES ('247553138', 'Ameliyat', STR_TO_DATE('08/09/2022 15:00', '%d/%m/%Y %H:%i'), '71081846132', '99177804652');
INSERT INTO randevu VALUES ('736763490', 'Ameliyat', STR_TO_DATE('12/07/2022 12:00', '%d/%m/%Y %H:%i'), '59893978600', '74514825202');
INSERT INTO randevu VALUES ('910221878', 'Kontrol', STR_TO_DATE('19/09/2022 12:00', '%d/%m/%Y %H:%i'), '82443914229', '57876944726');
INSERT INTO randevu VALUES ('753999359', 'Ameliyat', STR_TO_DATE('07/08/2022 13:00', '%d/%m/%Y %H:%i'), '82443914229', '20087212906');
INSERT INTO randevu VALUES ('809944928', 'Muayene', STR_TO_DATE('17/11/2022 08:00', '%d/%m/%Y %H:%i'), '67291775774', '58340367791');
INSERT INTO randevu VALUES ('279409910', 'Ameliyat', STR_TO_DATE('14/09/2022 12:00', '%d/%m/%Y %H:%i'), '67291775774', '96057937564');
INSERT INTO randevu VALUES ('163629592', 'Ameliyat', STR_TO_DATE('23/07/2022 10:00', '%d/%m/%Y %H:%i'), '15148002983', '48094128552');
INSERT INTO randevu VALUES ('447589919', 'Ameliyat', STR_TO_DATE('17/12/2022 12:00', '%d/%m/%Y %H:%i'), '67944664167', '72696993564');
INSERT INTO randevu VALUES ('493766643', 'Kontrol', STR_TO_DATE('07/10/2022 13:00', '%d/%m/%Y %H:%i'), '58883871945', '45370197540');
INSERT INTO randevu VALUES ('670786585', 'Muayene', STR_TO_DATE('09/10/2022 13:00', '%d/%m/%Y %H:%i'), '82443914229', '11159369603');
INSERT INTO randevu VALUES ('252619859', 'Muayene', STR_TO_DATE('27/11/2022 10:00', '%d/%m/%Y %H:%i'), '88658797045', '56780530554');
INSERT INTO randevu VALUES ('811112973', 'Muayene', STR_TO_DATE('11/11/2022 14:00', '%d/%m/%Y %H:%i'), '58883871945', '26979407800');
INSERT INTO randevu VALUES ('234033239', 'Kontrol', STR_TO_DATE('02/07/2022 11:00', '%d/%m/%Y %H:%i'), '65991602270', '99177804652');
INSERT INTO randevu VALUES ('845201861', 'Ameliyat', STR_TO_DATE('12/11/2022 13:00', '%d/%m/%Y %H:%i'), '46600677643', '28498802846');
INSERT INTO randevu VALUES ('119305318', 'Muayene', STR_TO_DATE('17/07/2022 09:00', '%d/%m/%Y %H:%i'), '70248594441', '90940733656');
INSERT INTO randevu VALUES ('553041244', 'Muayene', STR_TO_DATE('01/11/2022 11:00', '%d/%m/%Y %H:%i'), '53929453068', '88799193930');
INSERT INTO randevu VALUES ('747560570', 'Ameliyat', STR_TO_DATE('16/07/2022 15:00', '%d/%m/%Y %H:%i'), '22836235522', '73358722843');
INSERT INTO randevu VALUES ('499363555', 'Kontrol', STR_TO_DATE('08/12/2022 15:00', '%d/%m/%Y %H:%i'), '88658797045', '48937170121');
INSERT INTO randevu VALUES ('480963725', 'Ameliyat', STR_TO_DATE('22/07/2022 11:00', '%d/%m/%Y %H:%i'), '77934983467', '36703385870');
INSERT INTO randevu VALUES ('571004637', 'Kontrol', STR_TO_DATE('07/09/2022 08:00', '%d/%m/%Y %H:%i'), '53029284266', '12523941185');
INSERT INTO randevu VALUES ('248316855', 'Muayene', STR_TO_DATE('05/11/2022 14:00', '%d/%m/%Y %H:%i'), '28024505503', '17476602182');
INSERT INTO randevu VALUES ('832931478', 'Kontrol', STR_TO_DATE('06/11/2022 12:00', '%d/%m/%Y %H:%i'), '19470889216', '72504315899');
INSERT INTO randevu VALUES ('269721115', 'Ameliyat', STR_TO_DATE('26/09/2022 14:00', '%d/%m/%Y %H:%i'), '84208706741', '78222920773');
INSERT INTO randevu VALUES ('539925304', 'Muayene', STR_TO_DATE('24/11/2022 11:00', '%d/%m/%Y %H:%i'), '67944664167', '19196586622');
INSERT INTO randevu VALUES ('129825366', 'Muayene', STR_TO_DATE('10/12/2022 11:00', '%d/%m/%Y %H:%i'), '70248594441', '71037783045');
INSERT INTO randevu VALUES ('112771145', 'Kontrol', STR_TO_DATE('11/11/2022 09:00', '%d/%m/%Y %H:%i'), '73201070747', '31136332982');
INSERT INTO randevu VALUES ('906233765', 'Kontrol', STR_TO_DATE('09/11/2022 11:00', '%d/%m/%Y %H:%i'), '61520737929', '13572100027');
INSERT INTO randevu VALUES ('664745834', 'Kontrol', STR_TO_DATE('16/10/2022 10:00', '%d/%m/%Y %H:%i'), '22570734093', '84996051906');
INSERT INTO randevu VALUES ('254486926', 'Ameliyat', STR_TO_DATE('22/12/2022 08:00', '%d/%m/%Y %H:%i'), '20145772152', '63449569755');
INSERT INTO randevu VALUES ('252673944', 'Muayene', STR_TO_DATE('07/12/2022 09:00', '%d/%m/%Y %H:%i'), '77934983467', '69619543428');
INSERT INTO randevu VALUES ('810007366', 'Muayene', STR_TO_DATE('18/08/2022 14:00', '%d/%m/%Y %H:%i'), '66618076646', '13077172521');
INSERT INTO randevu VALUES ('492231418', 'Muayene', STR_TO_DATE('16/09/2022 10:00', '%d/%m/%Y %H:%i'), '65991602270', '78835449552');
INSERT INTO randevu VALUES ('249158407', 'Ameliyat', STR_TO_DATE('24/07/2022 08:00', '%d/%m/%Y %H:%i'), '46600677643', '91829149077');
INSERT INTO randevu VALUES ('746050111', 'Ameliyat', STR_TO_DATE('20/08/2022 14:00', '%d/%m/%Y %H:%i'), '89695271142', '17486381826');
INSERT INTO randevu VALUES ('333606715', 'Muayene', STR_TO_DATE('11/07/2022 15:00', '%d/%m/%Y %H:%i'), '65991602270', '20040763519');
INSERT INTO randevu VALUES ('453905011', 'Ameliyat', STR_TO_DATE('14/10/2022 08:00', '%d/%m/%Y %H:%i'), '18415486066', '77746358526');
INSERT INTO randevu VALUES ('208675726', 'Muayene', STR_TO_DATE('28/12/2022 10:00', '%d/%m/%Y %H:%i'), '79459874964', '20382519075');
INSERT INTO randevu VALUES ('848143406', 'Ameliyat', STR_TO_DATE('23/11/2022 09:00', '%d/%m/%Y %H:%i'), '79459874964', '48733508669');
INSERT INTO randevu VALUES ('569670124', 'Ameliyat', STR_TO_DATE('29/09/2022 10:00', '%d/%m/%Y %H:%i'), '53929453068', '71330829300');
INSERT INTO randevu VALUES ('909182360', 'Muayene', STR_TO_DATE('17/10/2022 11:00', '%d/%m/%Y %H:%i'), '65991602270', '84262479983');
INSERT INTO randevu VALUES ('317277596', 'Kontrol', STR_TO_DATE('04/11/2022 11:00', '%d/%m/%Y %H:%i'), '59893978600', '43344841967');
INSERT INTO randevu VALUES ('441039546', 'Kontrol', STR_TO_DATE('17/12/2022 15:00', '%d/%m/%Y %H:%i'), '76736600774', '69440350472');
INSERT INTO randevu VALUES ('991123627', 'Ameliyat', STR_TO_DATE('01/11/2022 10:00', '%d/%m/%Y %H:%i'), '71081846132', '69224115217');
INSERT INTO randevu VALUES ('121897875', 'Kontrol', STR_TO_DATE('23/11/2022 08:00', '%d/%m/%Y %H:%i'), '15148002983', '29943909742');
INSERT INTO randevu VALUES ('234391971', 'Ameliyat', STR_TO_DATE('24/08/2022 10:00', '%d/%m/%Y %H:%i'), '28286335055', '44801501821');
INSERT INTO randevu VALUES ('940588333', 'Kontrol', STR_TO_DATE('26/09/2022 12:00', '%d/%m/%Y %H:%i'), '98622734180', '28877604304');
INSERT INTO randevu VALUES ('619252616', 'Ameliyat', STR_TO_DATE('20/10/2022 08:00', '%d/%m/%Y %H:%i'), '22836235522', '43420772038');
INSERT INTO randevu VALUES ('744638002', 'Kontrol', STR_TO_DATE('18/10/2022 10:00', '%d/%m/%Y %H:%i'), '84208706741', '24055472501');
INSERT INTO randevu VALUES ('963729849', 'Ameliyat', STR_TO_DATE('01/09/2022 11:00', '%d/%m/%Y %H:%i'), '58883871945', '46859360458');
INSERT INTO randevu VALUES ('410596309', 'Kontrol', STR_TO_DATE('12/09/2022 12:00', '%d/%m/%Y %H:%i'), '97474614576', '29322421572');
INSERT INTO randevu VALUES ('622982490', 'Kontrol', STR_TO_DATE('22/10/2022 10:00', '%d/%m/%Y %H:%i'), '47762348911', '88077285397');
INSERT INTO randevu VALUES ('355745446', 'Kontrol', STR_TO_DATE('04/07/2022 11:00', '%d/%m/%Y %H:%i'), '70248594441', '21089398297');
INSERT INTO randevu VALUES ('836442228', 'Kontrol', STR_TO_DATE('20/08/2022 10:00', '%d/%m/%Y %H:%i'), '77934983467', '99888189021');
INSERT INTO randevu VALUES ('844968235', 'Kontrol', STR_TO_DATE('17/07/2022 15:00', '%d/%m/%Y %H:%i'), '67944664167', '46994793427');
INSERT INTO randevu VALUES ('828624480', 'Ameliyat', STR_TO_DATE('11/08/2022 08:00', '%d/%m/%Y %H:%i'), '70248594441', '21420685189');
INSERT INTO randevu VALUES ('714147760', 'Ameliyat', STR_TO_DATE('03/09/2022 14:00', '%d/%m/%Y %H:%i'), '22570734093', '24040741728');
INSERT INTO randevu VALUES ('420282660', 'Muayene', STR_TO_DATE('01/07/2022 15:00', '%d/%m/%Y %H:%i'), '82443914229', '56917836178');
INSERT INTO randevu VALUES ('974476325', 'Kontrol', STR_TO_DATE('21/10/2022 11:00', '%d/%m/%Y %H:%i'), '80846704118', '92099901683');
INSERT INTO randevu VALUES ('889763910', 'Ameliyat', STR_TO_DATE('04/12/2022 08:00', '%d/%m/%Y %H:%i'), '71081846132', '42815742871');
INSERT INTO randevu VALUES ('149967853', 'Muayene', STR_TO_DATE('12/10/2022 14:00', '%d/%m/%Y %H:%i'), '32372050568', '11237740799');
INSERT INTO randevu VALUES ('628808956', 'Kontrol', STR_TO_DATE('06/11/2022 15:00', '%d/%m/%Y %H:%i'), '73201070747', '77692221994');
INSERT INTO randevu VALUES ('624455843', 'Kontrol', STR_TO_DATE('18/12/2022 09:00', '%d/%m/%Y %H:%i'), '89695271142', '35769498392');
INSERT INTO randevu VALUES ('385158038', 'Muayene', STR_TO_DATE('29/12/2022 08:00', '%d/%m/%Y %H:%i'), '22570734093', '73925439989');
INSERT INTO randevu VALUES ('307916338', 'Kontrol', STR_TO_DATE('01/09/2022 15:00', '%d/%m/%Y %H:%i'), '46722762942', '73429530057');
INSERT INTO randevu VALUES ('187974719', 'Muayene', STR_TO_DATE('20/08/2022 09:00', '%d/%m/%Y %H:%i'), '53929453068', '57296112508');
INSERT INTO randevu VALUES ('320084502', 'Kontrol', STR_TO_DATE('02/07/2022 12:00', '%d/%m/%Y %H:%i'), '58883871945', '21420685189');
INSERT INTO randevu VALUES ('456796467', 'Muayene', STR_TO_DATE('08/11/2022 10:00', '%d/%m/%Y %H:%i'), '70248594441', '85515838237');
INSERT INTO randevu VALUES ('906175905', 'Kontrol', STR_TO_DATE('14/12/2022 09:00', '%d/%m/%Y %H:%i'), '43833958803', '46075701498');
INSERT INTO randevu VALUES ('879206381', 'Ameliyat', STR_TO_DATE('17/11/2022 13:00', '%d/%m/%Y %H:%i'), '88658797045', '66902990139');
INSERT INTO randevu VALUES ('735223759', 'Ameliyat', STR_TO_DATE('24/10/2022 14:00', '%d/%m/%Y %H:%i'), '98622734180', '84835917941');
INSERT INTO randevu VALUES ('651369242', 'Ameliyat', STR_TO_DATE('17/10/2022 10:00', '%d/%m/%Y %H:%i'), '71081846132', '39216925747');
INSERT INTO randevu VALUES ('780903966', 'Ameliyat', STR_TO_DATE('12/11/2022 15:00', '%d/%m/%Y %H:%i'), '71081846132', '41716039742');
INSERT INTO randevu VALUES ('329968583', 'Kontrol', STR_TO_DATE('21/11/2022 15:00', '%d/%m/%Y %H:%i'), '64456219855', '46859360458');
INSERT INTO randevu VALUES ('165098854', 'Muayene', STR_TO_DATE('27/09/2022 09:00', '%d/%m/%Y %H:%i'), '18066618380', '81099998165');
INSERT INTO randevu VALUES ('943886265', 'Ameliyat', STR_TO_DATE('07/09/2022 15:00', '%d/%m/%Y %H:%i'), '70248594441', '38919519067');
INSERT INTO randevu VALUES ('346780129', 'Kontrol', STR_TO_DATE('03/12/2022 11:00', '%d/%m/%Y %H:%i'), '28024505503', '32210228807');
INSERT INTO randevu VALUES ('625177462', 'Ameliyat', STR_TO_DATE('02/09/2022 08:00', '%d/%m/%Y %H:%i'), '58883871945', '53716098996');
INSERT INTO randevu VALUES ('562101243', 'Muayene', STR_TO_DATE('10/07/2022 12:00', '%d/%m/%Y %H:%i'), '98622734180', '82518491360');
INSERT INTO randevu VALUES ('136838669', 'Kontrol', STR_TO_DATE('06/09/2022 11:00', '%d/%m/%Y %H:%i'), '28286335055', '31907457749');
INSERT INTO randevu VALUES ('418294783', 'Kontrol', STR_TO_DATE('17/07/2022 09:00', '%d/%m/%Y %H:%i'), '79459874964', '88980772429');
INSERT INTO randevu VALUES ('181111662', 'Kontrol', STR_TO_DATE('15/11/2022 14:00', '%d/%m/%Y %H:%i'), '61520737929', '77692221994');
INSERT INTO randevu VALUES ('552370800', 'Ameliyat', STR_TO_DATE('02/09/2022 10:00', '%d/%m/%Y %H:%i'), '84208706741', '32514932876');
INSERT INTO randevu VALUES ('312211576', 'Kontrol', STR_TO_DATE('21/09/2022 11:00', '%d/%m/%Y %H:%i'), '20145772152', '58152653716');
INSERT INTO randevu VALUES ('184291068', 'Ameliyat', STR_TO_DATE('06/12/2022 09:00', '%d/%m/%Y %H:%i'), '82443914229', '40933202482');
INSERT INTO randevu VALUES ('389731020', 'Ameliyat', STR_TO_DATE('06/07/2022 08:00', '%d/%m/%Y %H:%i'), '20145772152', '16798558690');
INSERT INTO randevu VALUES ('742702423', 'Ameliyat', STR_TO_DATE('08/12/2022 11:00', '%d/%m/%Y %H:%i'), '22836235522', '42950147879');
INSERT INTO randevu VALUES ('579796884', 'Ameliyat', STR_TO_DATE('28/11/2022 15:00', '%d/%m/%Y %H:%i'), '46722762942', '85515838237');
INSERT INTO randevu VALUES ('104018146', 'Kontrol', STR_TO_DATE('22/12/2022 08:00', '%d/%m/%Y %H:%i'), '20145772152', '81015358906');
INSERT INTO randevu VALUES ('266249624', 'Muayene', STR_TO_DATE('10/07/2022 08:00', '%d/%m/%Y %H:%i'), '28024505503', '64733510088');
INSERT INTO randevu VALUES ('181899188', 'Ameliyat', STR_TO_DATE('08/09/2022 10:00', '%d/%m/%Y %H:%i'), '18066618380', '15492498541');
INSERT INTO randevu VALUES ('599046584', 'Ameliyat', STR_TO_DATE('18/09/2022 15:00', '%d/%m/%Y %H:%i'), '65991602270', '84799030061');
INSERT INTO randevu VALUES ('644183437', 'Muayene', STR_TO_DATE('25/08/2022 09:00', '%d/%m/%Y %H:%i'), '73201070747', '88008679314');
INSERT INTO randevu VALUES ('815549415', 'Ameliyat', STR_TO_DATE('07/09/2022 15:00', '%d/%m/%Y %H:%i'), '89695271142', '29770372338');
INSERT INTO randevu VALUES ('677007564', 'Kontrol', STR_TO_DATE('04/12/2022 11:00', '%d/%m/%Y %H:%i'), '79459874964', '48847301098');
INSERT INTO randevu VALUES ('778713584', 'Ameliyat', STR_TO_DATE('20/07/2022 11:00', '%d/%m/%Y %H:%i'), '59893978600', '43372609075');
INSERT INTO randevu VALUES ('571532068', 'Kontrol', STR_TO_DATE('17/08/2022 10:00', '%d/%m/%Y %H:%i'), '32372050568', '32514932876');
INSERT INTO randevu VALUES ('220030738', 'Muayene', STR_TO_DATE('16/08/2022 09:00', '%d/%m/%Y %H:%i'), '28286335055', '66004839378');
INSERT INTO randevu VALUES ('125552023', 'Ameliyat', STR_TO_DATE('26/12/2022 12:00', '%d/%m/%Y %H:%i'), '70248594441', '51032095617');
INSERT INTO randevu VALUES ('494953949', 'Muayene', STR_TO_DATE('24/12/2022 13:00', '%d/%m/%Y %H:%i'), '82443914229', '42575236436');
INSERT INTO randevu VALUES ('356298420', 'Muayene', STR_TO_DATE('07/09/2022 08:00', '%d/%m/%Y %H:%i'), '67291775774', '64058584706');
INSERT INTO randevu VALUES ('575279869', 'Kontrol', STR_TO_DATE('13/08/2022 11:00', '%d/%m/%Y %H:%i'), '43833958803', '74714235465');
INSERT INTO randevu VALUES ('573915300', 'Muayene', STR_TO_DATE('18/12/2022 15:00', '%d/%m/%Y %H:%i'), '53929453068', '47119752702');
INSERT INTO randevu VALUES ('584878081', 'Muayene', STR_TO_DATE('13/07/2022 12:00', '%d/%m/%Y %H:%i'), '89695271142', '45363318004');
INSERT INTO randevu VALUES ('346833466', 'Kontrol', STR_TO_DATE('11/09/2022 13:00', '%d/%m/%Y %H:%i'), '43833958803', '48446299882');
INSERT INTO randevu VALUES ('638405540', 'Ameliyat', STR_TO_DATE('10/07/2022 10:00', '%d/%m/%Y %H:%i'), '32372050568', '84584850442');
INSERT INTO randevu VALUES ('819460555', 'Ameliyat', STR_TO_DATE('10/07/2022 15:00', '%d/%m/%Y %H:%i'), '65991602270', '98362748229');
INSERT INTO randevu VALUES ('599546626', 'Muayene', STR_TO_DATE('20/07/2022 13:00', '%d/%m/%Y %H:%i'), '65991602270', '25911489847');
INSERT INTO randevu VALUES ('371703259', 'Kontrol', STR_TO_DATE('23/08/2022 12:00', '%d/%m/%Y %H:%i'), '21930037452', '53716098996');
INSERT INTO randevu VALUES ('568727603', 'Muayene', STR_TO_DATE('18/08/2022 12:00', '%d/%m/%Y %H:%i'), '65991602270', '96057937564');
INSERT INTO randevu VALUES ('393009853', 'Kontrol', STR_TO_DATE('09/07/2022 13:00', '%d/%m/%Y %H:%i'), '58883871945', '82451014537');
INSERT INTO randevu VALUES ('180981719', 'Ameliyat', STR_TO_DATE('29/07/2022 09:00', '%d/%m/%Y %H:%i'), '88658797045', '45031158101');
INSERT INTO randevu VALUES ('745717193', 'Kontrol', STR_TO_DATE('05/07/2022 14:00', '%d/%m/%Y %H:%i'), '18066618380', '68843179112');
INSERT INTO randevu VALUES ('892461264', 'Muayene', STR_TO_DATE('25/08/2022 10:00', '%d/%m/%Y %H:%i'), '77934983467', '18567307950');
INSERT INTO randevu VALUES ('611903695', 'Ameliyat', STR_TO_DATE('15/11/2022 13:00', '%d/%m/%Y %H:%i'), '46722762942', '18567307950');
INSERT INTO randevu VALUES ('551376693', 'Muayene', STR_TO_DATE('24/11/2022 09:00', '%d/%m/%Y %H:%i'), '28286335055', '80497224266');
INSERT INTO randevu VALUES ('167933587', 'Ameliyat', STR_TO_DATE('12/08/2022 15:00', '%d/%m/%Y %H:%i'), '28024505503', '81006018644');
INSERT INTO randevu VALUES ('650979487', 'Ameliyat', STR_TO_DATE('02/12/2022 12:00', '%d/%m/%Y %H:%i'), '21930037452', '47764345446');
INSERT INTO randevu VALUES ('855324348', 'Kontrol', STR_TO_DATE('05/08/2022 10:00', '%d/%m/%Y %H:%i'), '67944664167', '94084453521');
INSERT INTO randevu VALUES ('832864778', 'Muayene', STR_TO_DATE('01/08/2022 15:00', '%d/%m/%Y %H:%i'), '65991602270', '26979407800');
INSERT INTO randevu VALUES ('181204742', 'Muayene', STR_TO_DATE('03/12/2022 08:00', '%d/%m/%Y %H:%i'), '66618076646', '28944813937');
INSERT INTO randevu VALUES ('599402485', 'Muayene', STR_TO_DATE('05/08/2022 12:00', '%d/%m/%Y %H:%i'), '32372050568', '47582248684');
INSERT INTO randevu VALUES ('794288770', 'Ameliyat', STR_TO_DATE('17/09/2022 09:00', '%d/%m/%Y %H:%i'), '46722762942', '95714846931');
INSERT INTO randevu VALUES ('585078074', 'Muayene', STR_TO_DATE('25/11/2022 13:00', '%d/%m/%Y %H:%i'), '52411851733', '84262479983');
INSERT INTO randevu VALUES ('475197398', 'Kontrol', STR_TO_DATE('01/10/2022 12:00', '%d/%m/%Y %H:%i'), '67944664167', '54582210468');
INSERT INTO randevu VALUES ('986518799', 'Muayene', STR_TO_DATE('05/08/2022 15:00', '%d/%m/%Y %H:%i'), '20145772152', '87428095906');
INSERT INTO randevu VALUES ('649582045', 'Kontrol', STR_TO_DATE('17/07/2022 10:00', '%d/%m/%Y %H:%i'), '67944664167', '89943006903');
INSERT INTO randevu VALUES ('805404737', 'Kontrol', STR_TO_DATE('20/11/2022 13:00', '%d/%m/%Y %H:%i'), '61520737929', '46859360458');
INSERT INTO randevu VALUES ('136210516', 'Kontrol', STR_TO_DATE('09/08/2022 09:00', '%d/%m/%Y %H:%i'), '70248594441', '97848927066');
INSERT INTO randevu VALUES ('267752165', 'Ameliyat', STR_TO_DATE('23/12/2022 10:00', '%d/%m/%Y %H:%i'), '89695271142', '80636968911');
INSERT INTO randevu VALUES ('743810988', 'Ameliyat', STR_TO_DATE('03/12/2022 12:00', '%d/%m/%Y %H:%i'), '64456219855', '70875594716');
INSERT INTO randevu VALUES ('476654835', 'Kontrol', STR_TO_DATE('04/10/2022 12:00', '%d/%m/%Y %H:%i'), '28286335055', '21455452016');
INSERT INTO randevu VALUES ('325985158', 'Ameliyat', STR_TO_DATE('06/11/2022 12:00', '%d/%m/%Y %H:%i'), '53929453068', '93992192003');
INSERT INTO randevu VALUES ('886555148', 'Kontrol', STR_TO_DATE('01/11/2022 10:00', '%d/%m/%Y %H:%i'), '80846704118', '86786856174');
INSERT INTO randevu VALUES ('238268938', 'Muayene', STR_TO_DATE('12/10/2022 13:00', '%d/%m/%Y %H:%i'), '67944664167', '81117813795');
INSERT INTO randevu VALUES ('322313069', 'Muayene', STR_TO_DATE('07/08/2022 15:00', '%d/%m/%Y %H:%i'), '46600677643', '89332509365');
INSERT INTO randevu VALUES ('315030845', 'Ameliyat', STR_TO_DATE('29/11/2022 11:00', '%d/%m/%Y %H:%i'), '46600677643', '39365858137');
INSERT INTO randevu VALUES ('725541916', 'Kontrol', STR_TO_DATE('21/08/2022 14:00', '%d/%m/%Y %H:%i'), '89695271142', '95406536433');
INSERT INTO randevu VALUES ('836915922', 'Ameliyat', STR_TO_DATE('24/10/2022 13:00', '%d/%m/%Y %H:%i'), '97474614576', '51032095617');
INSERT INTO randevu VALUES ('674021089', 'Kontrol', STR_TO_DATE('12/08/2022 12:00', '%d/%m/%Y %H:%i'), '98622734180', '45031158101');
INSERT INTO randevu VALUES ('658050988', 'Ameliyat', STR_TO_DATE('09/10/2022 12:00', '%d/%m/%Y %H:%i'), '19470889216', '74714235465');
INSERT INTO randevu VALUES ('963946790', 'Kontrol', STR_TO_DATE('20/11/2022 08:00', '%d/%m/%Y %H:%i'), '71081846132', '55261315613');
INSERT INTO randevu VALUES ('298097992', 'Ameliyat', STR_TO_DATE('29/09/2022 10:00', '%d/%m/%Y %H:%i'), '22570734093', '46531457651');
INSERT INTO randevu VALUES ('194990438', 'Ameliyat', STR_TO_DATE('02/07/2022 12:00', '%d/%m/%Y %H:%i'), '84208706741', '27410201276');
INSERT INTO randevu VALUES ('289066949', 'Ameliyat', STR_TO_DATE('25/11/2022 10:00', '%d/%m/%Y %H:%i'), '88658797045', '76423853285');
INSERT INTO randevu VALUES ('805519703', 'Ameliyat', STR_TO_DATE('01/07/2022 14:00', '%d/%m/%Y %H:%i'), '76736600774', '98465621607');
INSERT INTO randevu VALUES ('824374536', 'Kontrol', STR_TO_DATE('24/10/2022 09:00', '%d/%m/%Y %H:%i'), '10035244416', '93106399792');
INSERT INTO randevu VALUES ('493941392', 'Kontrol', STR_TO_DATE('22/11/2022 12:00', '%d/%m/%Y %H:%i'), '80846704118', '42374367842');
INSERT INTO randevu VALUES ('114629514', 'Muayene', STR_TO_DATE('01/11/2022 13:00', '%d/%m/%Y %H:%i'), '89695271142', '42905231600');
INSERT INTO randevu VALUES ('977518822', 'Kontrol', STR_TO_DATE('22/12/2022 08:00', '%d/%m/%Y %H:%i'), '80846704118', '92001702232');
INSERT INTO randevu VALUES ('502371813', 'Ameliyat', STR_TO_DATE('25/10/2022 13:00', '%d/%m/%Y %H:%i'), '58883871945', '57694875647');
INSERT INTO randevu VALUES ('892842083', 'Ameliyat', STR_TO_DATE('13/11/2022 11:00', '%d/%m/%Y %H:%i'), '46600677643', '16341709803');
INSERT INTO randevu VALUES ('193572151', 'Ameliyat', STR_TO_DATE('26/07/2022 12:00', '%d/%m/%Y %H:%i'), '19470889216', '54286074283');
INSERT INTO randevu VALUES ('320811035', 'Kontrol', STR_TO_DATE('28/08/2022 09:00', '%d/%m/%Y %H:%i'), '43833958803', '80993753721');
INSERT INTO randevu VALUES ('482004616', 'Muayene', STR_TO_DATE('16/12/2022 11:00', '%d/%m/%Y %H:%i'), '79459874964', '56157060358');
INSERT INTO randevu VALUES ('808592317', 'Muayene', STR_TO_DATE('01/10/2022 08:00', '%d/%m/%Y %H:%i'), '58883871945', '40843107735');
INSERT INTO randevu VALUES ('519785208', 'Ameliyat', STR_TO_DATE('10/11/2022 14:00', '%d/%m/%Y %H:%i'), '10035244416', '29554471366');
INSERT INTO randevu VALUES ('894578317', 'Kontrol', STR_TO_DATE('08/12/2022 11:00', '%d/%m/%Y %H:%i'), '88658797045', '76034864533');
INSERT INTO randevu VALUES ('127313992', 'Ameliyat', STR_TO_DATE('16/09/2022 08:00', '%d/%m/%Y %H:%i'), '84208706741', '51735149110');
INSERT INTO randevu VALUES ('613979160', 'Kontrol', STR_TO_DATE('06/07/2022 13:00', '%d/%m/%Y %H:%i'), '53029284266', '66902990139');
INSERT INTO randevu VALUES ('551584491', 'Muayene', STR_TO_DATE('21/08/2022 10:00', '%d/%m/%Y %H:%i'), '64456219855', '21456548055');
INSERT INTO randevu VALUES ('829073411', 'Kontrol', STR_TO_DATE('01/07/2022 10:00', '%d/%m/%Y %H:%i'), '18415486066', '42922982340');
INSERT INTO randevu VALUES ('937123535', 'Muayene', STR_TO_DATE('21/09/2022 10:00', '%d/%m/%Y %H:%i'), '73201070747', '42076419130');
INSERT INTO randevu VALUES ('476160490', 'Kontrol', STR_TO_DATE('02/07/2022 08:00', '%d/%m/%Y %H:%i'), '20145772152', '31542538279');
INSERT INTO randevu VALUES ('326016908', 'Ameliyat', STR_TO_DATE('02/12/2022 12:00', '%d/%m/%Y %H:%i'), '46600677643', '84383716069');
INSERT INTO randevu VALUES ('268292037', 'Muayene', STR_TO_DATE('12/11/2022 08:00', '%d/%m/%Y %H:%i'), '98622734180', '37777565511');
INSERT INTO randevu VALUES ('364385273', 'Kontrol', STR_TO_DATE('22/10/2022 15:00', '%d/%m/%Y %H:%i'), '52411851733', '18567307950');
INSERT INTO randevu VALUES ('867745032', 'Kontrol', STR_TO_DATE('04/08/2022 13:00', '%d/%m/%Y %H:%i'), '21930037452', '73760687190');
INSERT INTO randevu VALUES ('713851104', 'Kontrol', STR_TO_DATE('06/12/2022 11:00', '%d/%m/%Y %H:%i'), '73201070747', '87021833606');
INSERT INTO randevu VALUES ('591295625', 'Muayene', STR_TO_DATE('27/07/2022 14:00', '%d/%m/%Y %H:%i'), '20145772152', '90985403460');
INSERT INTO randevu VALUES ('455574485', 'Ameliyat', STR_TO_DATE('11/07/2022 08:00', '%d/%m/%Y %H:%i'), '18415486066', '58842389234');
INSERT INTO randevu VALUES ('596412472', 'Ameliyat', STR_TO_DATE('02/12/2022 08:00', '%d/%m/%Y %H:%i'), '59893978600', '51795541789');
INSERT INTO randevu VALUES ('561177304', 'Muayene', STR_TO_DATE('08/09/2022 10:00', '%d/%m/%Y %H:%i'), '66618076646', '21262363646');
INSERT INTO randevu VALUES ('130507304', 'Kontrol', STR_TO_DATE('16/07/2022 10:00', '%d/%m/%Y %H:%i'), '88658797045', '90940733656');
INSERT INTO randevu VALUES ('154230522', 'Kontrol', STR_TO_DATE('22/12/2022 13:00', '%d/%m/%Y %H:%i'), '58883871945', '89540059735');
INSERT INTO randevu VALUES ('386630333', 'Muayene', STR_TO_DATE('02/08/2022 11:00', '%d/%m/%Y %H:%i'), '70248594441', '74714235465');
INSERT INTO randevu VALUES ('789057573', 'Kontrol', STR_TO_DATE('22/07/2022 11:00', '%d/%m/%Y %H:%i'), '67291775774', '63536107997');
INSERT INTO randevu VALUES ('502193997', 'Kontrol', STR_TO_DATE('05/12/2022 12:00', '%d/%m/%Y %H:%i'), '10035244416', '75745906230');
INSERT INTO randevu VALUES ('348189787', 'Muayene', STR_TO_DATE('03/07/2022 11:00', '%d/%m/%Y %H:%i'), '47762348911', '10507087441');
INSERT INTO randevu VALUES ('581229351', 'Muayene', STR_TO_DATE('17/10/2022 08:00', '%d/%m/%Y %H:%i'), '18415486066', '93460461665');
INSERT INTO randevu VALUES ('833016257', 'Muayene', STR_TO_DATE('21/08/2022 13:00', '%d/%m/%Y %H:%i'), '46722762942', '16689290950');
INSERT INTO randevu VALUES ('235420618', 'Kontrol', STR_TO_DATE('07/09/2022 09:00', '%d/%m/%Y %H:%i'), '47762348911', '45370197540');
INSERT INTO randevu VALUES ('114515346', 'Muayene', STR_TO_DATE('29/10/2022 10:00', '%d/%m/%Y %H:%i'), '47762348911', '55736199018');
INSERT INTO randevu VALUES ('572545482', 'Ameliyat', STR_TO_DATE('06/12/2022 08:00', '%d/%m/%Y %H:%i'), '89695271142', '54290953069');
INSERT INTO randevu VALUES ('706490184', 'Kontrol', STR_TO_DATE('15/08/2022 11:00', '%d/%m/%Y %H:%i'), '82443914229', '27430109950');
INSERT INTO randevu VALUES ('168964831', 'Muayene', STR_TO_DATE('05/11/2022 15:00', '%d/%m/%Y %H:%i'), '79459874964', '82628224833');
INSERT INTO randevu VALUES ('832740307', 'Kontrol', STR_TO_DATE('01/10/2022 15:00', '%d/%m/%Y %H:%i'), '89695271142', '18475621756');
INSERT INTO randevu VALUES ('673326667', 'Ameliyat', STR_TO_DATE('27/07/2022 11:00', '%d/%m/%Y %H:%i'), '64456219855', '56780530554');
INSERT INTO randevu VALUES ('321764660', 'Muayene', STR_TO_DATE('01/12/2022 10:00', '%d/%m/%Y %H:%i'), '77934983467', '66040040904');
INSERT INTO randevu VALUES ('494874244', 'Kontrol', STR_TO_DATE('15/08/2022 14:00', '%d/%m/%Y %H:%i'), '22836235522', '33944804933');
INSERT INTO randevu VALUES ('186031450', 'Ameliyat', STR_TO_DATE('29/08/2022 08:00', '%d/%m/%Y %H:%i'), '97474614576', '89969250186');
INSERT INTO randevu VALUES ('701413609', 'Kontrol', STR_TO_DATE('29/11/2022 15:00', '%d/%m/%Y %H:%i'), '65991602270', '68843179112');
INSERT INTO randevu VALUES ('468097082', 'Kontrol', STR_TO_DATE('06/12/2022 12:00', '%d/%m/%Y %H:%i'), '89695271142', '42491597090');
INSERT INTO randevu VALUES ('335702191', 'Muayene', STR_TO_DATE('11/07/2022 12:00', '%d/%m/%Y %H:%i'), '28286335055', '71081272329');
INSERT INTO randevu VALUES ('192034402', 'Ameliyat', STR_TO_DATE('28/11/2022 14:00', '%d/%m/%Y %H:%i'), '67944664167', '21448894443');
INSERT INTO randevu VALUES ('560512644', 'Ameliyat', STR_TO_DATE('14/07/2022 09:00', '%d/%m/%Y %H:%i'), '21930037452', '86588065342');
INSERT INTO randevu VALUES ('619503053', 'Kontrol', STR_TO_DATE('25/11/2022 14:00', '%d/%m/%Y %H:%i'), '61520737929', '92367796671');
INSERT INTO randevu VALUES ('315485265', 'Kontrol', STR_TO_DATE('16/09/2022 08:00', '%d/%m/%Y %H:%i'), '22570734093', '10540978859');
INSERT INTO randevu VALUES ('840274145', 'Ameliyat', STR_TO_DATE('01/09/2022 15:00', '%d/%m/%Y %H:%i'), '73201070747', '52022820994');
INSERT INTO randevu VALUES ('167555702', 'Ameliyat', STR_TO_DATE('27/09/2022 09:00', '%d/%m/%Y %H:%i'), '66618076646', '34714158235');
INSERT INTO randevu VALUES ('626578464', 'Kontrol', STR_TO_DATE('05/09/2022 10:00', '%d/%m/%Y %H:%i'), '97474614576', '81088235733');
INSERT INTO randevu VALUES ('819551317', 'Ameliyat', STR_TO_DATE('07/11/2022 12:00', '%d/%m/%Y %H:%i'), '46600677643', '73358722843');
INSERT INTO randevu VALUES ('889778656', 'Kontrol', STR_TO_DATE('22/12/2022 14:00', '%d/%m/%Y %H:%i'), '77934983467', '77489572679');
INSERT INTO randevu VALUES ('487997307', 'Muayene', STR_TO_DATE('20/09/2022 12:00', '%d/%m/%Y %H:%i'), '82443914229', '34808747268');
INSERT INTO randevu VALUES ('902693357', 'Ameliyat', STR_TO_DATE('10/12/2022 11:00', '%d/%m/%Y %H:%i'), '88658797045', '23942271795');
INSERT INTO randevu VALUES ('362505221', 'Kontrol', STR_TO_DATE('10/11/2022 08:00', '%d/%m/%Y %H:%i'), '67291775774', '29198332531');
INSERT INTO randevu VALUES ('534985667', 'Ameliyat', STR_TO_DATE('16/11/2022 11:00', '%d/%m/%Y %H:%i'), '73201070747', '18810394770');
INSERT INTO randevu VALUES ('550112978', 'Muayene', STR_TO_DATE('27/08/2022 10:00', '%d/%m/%Y %H:%i'), '79459874964', '20863065347');
INSERT INTO randevu VALUES ('197612480', 'Muayene', STR_TO_DATE('06/08/2022 10:00', '%d/%m/%Y %H:%i'), '32372050568', '28877604304');
INSERT INTO randevu VALUES ('592246342', 'Ameliyat', STR_TO_DATE('17/07/2022 10:00', '%d/%m/%Y %H:%i'), '59893978600', '36526683971');
INSERT INTO randevu VALUES ('319469528', 'Ameliyat', STR_TO_DATE('07/07/2022 12:00', '%d/%m/%Y %H:%i'), '46722762942', '66943599356');
INSERT INTO randevu VALUES ('558963888', 'Muayene', STR_TO_DATE('14/07/2022 15:00', '%d/%m/%Y %H:%i'), '21930037452', '22881280526');
INSERT INTO randevu VALUES ('823483096', 'Ameliyat', STR_TO_DATE('13/08/2022 11:00', '%d/%m/%Y %H:%i'), '32372050568', '26512754582');
INSERT INTO randevu VALUES ('861403793', 'Muayene', STR_TO_DATE('08/12/2022 08:00', '%d/%m/%Y %H:%i'), '65991602270', '80588239686');
INSERT INTO randevu VALUES ('573975753', 'Ameliyat', STR_TO_DATE('26/12/2022 08:00', '%d/%m/%Y %H:%i'), '64456219855', '84421613099');
INSERT INTO randevu VALUES ('906446074', 'Ameliyat', STR_TO_DATE('28/09/2022 13:00', '%d/%m/%Y %H:%i'), '58883871945', '38635812036');
INSERT INTO randevu VALUES ('595841937', 'Ameliyat', STR_TO_DATE('28/10/2022 09:00', '%d/%m/%Y %H:%i'), '28286335055', '46994793427');
INSERT INTO randevu VALUES ('362860220', 'Kontrol', STR_TO_DATE('01/07/2022 08:00', '%d/%m/%Y %H:%i'), '77934983467', '22750819158');
INSERT INTO randevu VALUES ('678161350', 'Ameliyat', STR_TO_DATE('07/12/2022 15:00', '%d/%m/%Y %H:%i'), '65991602270', '59923351408');
INSERT INTO randevu VALUES ('364707780', 'Muayene', STR_TO_DATE('02/08/2022 13:00', '%d/%m/%Y %H:%i'), '73201070747', '47003920897');
INSERT INTO randevu VALUES ('442308202', 'Muayene', STR_TO_DATE('22/10/2022 09:00', '%d/%m/%Y %H:%i'), '70248594441', '34808747268');
INSERT INTO randevu VALUES ('972527796', 'Muayene', STR_TO_DATE('16/08/2022 12:00', '%d/%m/%Y %H:%i'), '67944664167', '91596192910');
INSERT INTO randevu VALUES ('840259641', 'Kontrol', STR_TO_DATE('23/09/2022 13:00', '%d/%m/%Y %H:%i'), '98622734180', '88770164606');
INSERT INTO randevu VALUES ('864694960', 'Muayene', STR_TO_DATE('06/11/2022 14:00', '%d/%m/%Y %H:%i'), '70248594441', '19262656013');
INSERT INTO randevu VALUES ('484753574', 'Muayene', STR_TO_DATE('25/08/2022 08:00', '%d/%m/%Y %H:%i'), '67291775774', '23420451867');
INSERT INTO randevu VALUES ('977409942', 'Ameliyat', STR_TO_DATE('12/11/2022 12:00', '%d/%m/%Y %H:%i'), '59893978600', '96668597920');
INSERT INTO randevu VALUES ('369213503', 'Muayene', STR_TO_DATE('03/11/2022 09:00', '%d/%m/%Y %H:%i'), '43833958803', '90985403460');
INSERT INTO randevu VALUES ('374832524', 'Kontrol', STR_TO_DATE('19/09/2022 10:00', '%d/%m/%Y %H:%i'), '32372050568', '69042007193');
INSERT INTO randevu VALUES ('112891898', 'Muayene', STR_TO_DATE('04/12/2022 14:00', '%d/%m/%Y %H:%i'), '71081846132', '34714158235');
INSERT INTO randevu VALUES ('258911766', 'Kontrol', STR_TO_DATE('22/10/2022 12:00', '%d/%m/%Y %H:%i'), '47762348911', '47786371252');
INSERT INTO randevu VALUES ('139639656', 'Kontrol', STR_TO_DATE('04/07/2022 09:00', '%d/%m/%Y %H:%i'), '97474614576', '19196586622');
INSERT INTO randevu VALUES ('965874207', 'Ameliyat', STR_TO_DATE('08/10/2022 12:00', '%d/%m/%Y %H:%i'), '61520737929', '58720007831');
INSERT INTO randevu VALUES ('687435012', 'Kontrol', STR_TO_DATE('25/11/2022 14:00', '%d/%m/%Y %H:%i'), '61520737929', '98368253882');
INSERT INTO randevu VALUES ('525073016', 'Ameliyat', STR_TO_DATE('23/09/2022 12:00', '%d/%m/%Y %H:%i'), '18415486066', '12523941185');
INSERT INTO randevu VALUES ('108328353', 'Ameliyat', STR_TO_DATE('27/08/2022 15:00', '%d/%m/%Y %H:%i'), '18415486066', '24284693183');
INSERT INTO randevu VALUES ('620707461', 'Ameliyat', STR_TO_DATE('22/10/2022 12:00', '%d/%m/%Y %H:%i'), '18066618380', '77489572679');
INSERT INTO randevu VALUES ('550687440', 'Muayene', STR_TO_DATE('18/09/2022 13:00', '%d/%m/%Y %H:%i'), '82443914229', '48733508669');
INSERT INTO randevu VALUES ('564535215', 'Kontrol', STR_TO_DATE('08/10/2022 14:00', '%d/%m/%Y %H:%i'), '32372050568', '73957459682');
INSERT INTO randevu VALUES ('251077807', 'Muayene', STR_TO_DATE('20/11/2022 11:00', '%d/%m/%Y %H:%i'), '65991602270', '67491454268');
INSERT INTO randevu VALUES ('290223075', 'Ameliyat', STR_TO_DATE('14/07/2022 10:00', '%d/%m/%Y %H:%i'), '61520737929', '75266095483');
INSERT INTO randevu VALUES ('145985766', 'Ameliyat', STR_TO_DATE('25/09/2022 15:00', '%d/%m/%Y %H:%i'), '52411851733', '21834159459');
INSERT INTO randevu VALUES ('914007955', 'Muayene', STR_TO_DATE('01/11/2022 11:00', '%d/%m/%Y %H:%i'), '73201070747', '69991891837');
INSERT INTO randevu VALUES ('379650898', 'Kontrol', STR_TO_DATE('14/12/2022 14:00', '%d/%m/%Y %H:%i'), '73201070747', '58340367791');
INSERT INTO randevu VALUES ('286322566', 'Muayene', STR_TO_DATE('02/12/2022 09:00', '%d/%m/%Y %H:%i'), '10035244416', '93249422740');
INSERT INTO randevu VALUES ('280822236', 'Ameliyat', STR_TO_DATE('03/12/2022 09:00', '%d/%m/%Y %H:%i'), '79459874964', '72459767570');
INSERT INTO randevu VALUES ('493301603', 'Kontrol', STR_TO_DATE('05/12/2022 13:00', '%d/%m/%Y %H:%i'), '19470889216', '83507689428');
INSERT INTO randevu VALUES ('155698216', 'Muayene', STR_TO_DATE('08/09/2022 08:00', '%d/%m/%Y %H:%i'), '53929453068', '76349528259');
INSERT INTO randevu VALUES ('310401611', 'Ameliyat', STR_TO_DATE('01/08/2022 12:00', '%d/%m/%Y %H:%i'), '82443914229', '14013109330');
INSERT INTO randevu VALUES ('771862716', 'Ameliyat', STR_TO_DATE('15/07/2022 13:00', '%d/%m/%Y %H:%i'), '18066618380', '94355749832');
INSERT INTO randevu VALUES ('186060861', 'Kontrol', STR_TO_DATE('08/11/2022 11:00', '%d/%m/%Y %H:%i'), '65991602270', '74365929978');
INSERT INTO randevu VALUES ('308809973', 'Ameliyat', STR_TO_DATE('22/07/2022 09:00', '%d/%m/%Y %H:%i'), '65991602270', '48847301098');
INSERT INTO randevu VALUES ('906311378', 'Kontrol', STR_TO_DATE('23/10/2022 10:00', '%d/%m/%Y %H:%i'), '66618076646', '46937161506');
INSERT INTO randevu VALUES ('257066641', 'Muayene', STR_TO_DATE('23/07/2022 13:00', '%d/%m/%Y %H:%i'), '67944664167', '86568973142');
INSERT INTO randevu VALUES ('539731558', 'Ameliyat', STR_TO_DATE('26/11/2022 10:00', '%d/%m/%Y %H:%i'), '71081846132', '12150920463');
INSERT INTO randevu VALUES ('579694741', 'Kontrol', STR_TO_DATE('19/12/2022 10:00', '%d/%m/%Y %H:%i'), '46722762942', '10724263311');
INSERT INTO randevu VALUES ('596581684', 'Ameliyat', STR_TO_DATE('11/07/2022 13:00', '%d/%m/%Y %H:%i'), '32372050568', '15998684040');
INSERT INTO randevu VALUES ('184113665', 'Kontrol', STR_TO_DATE('13/12/2022 11:00', '%d/%m/%Y %H:%i'), '18415486066', '12282666313');
INSERT INTO randevu VALUES ('568357865', 'Kontrol', STR_TO_DATE('26/09/2022 13:00', '%d/%m/%Y %H:%i'), '15148002983', '66837516509');
INSERT INTO randevu VALUES ('186920512', 'Ameliyat', STR_TO_DATE('13/08/2022 12:00', '%d/%m/%Y %H:%i'), '18415486066', '21454756374');
INSERT INTO randevu VALUES ('952038347', 'Kontrol', STR_TO_DATE('02/07/2022 13:00', '%d/%m/%Y %H:%i'), '18066618380', '99937342082');
INSERT INTO randevu VALUES ('580205345', 'Muayene', STR_TO_DATE('23/10/2022 08:00', '%d/%m/%Y %H:%i'), '47762348911', '28877604304');
INSERT INTO randevu VALUES ('211015176', 'Muayene', STR_TO_DATE('14/12/2022 10:00', '%d/%m/%Y %H:%i'), '61520737929', '43724593886');
INSERT INTO randevu VALUES ('229979443', 'Muayene', STR_TO_DATE('15/08/2022 12:00', '%d/%m/%Y %H:%i'), '80846704118', '81117813795');
INSERT INTO randevu VALUES ('209134556', 'Kontrol', STR_TO_DATE('09/10/2022 10:00', '%d/%m/%Y %H:%i'), '22836235522', '42362679961');
INSERT INTO randevu VALUES ('647946513', 'Kontrol', STR_TO_DATE('07/07/2022 08:00', '%d/%m/%Y %H:%i'), '66618076646', '10295415179');
INSERT INTO randevu VALUES ('658281942', 'Ameliyat', STR_TO_DATE('16/12/2022 15:00', '%d/%m/%Y %H:%i'), '43833958803', '89193500263');
INSERT INTO randevu VALUES ('977970398', 'Kontrol', STR_TO_DATE('07/09/2022 08:00', '%d/%m/%Y %H:%i'), '18415486066', '39086274262');
INSERT INTO randevu VALUES ('156565742', 'Muayene', STR_TO_DATE('16/07/2022 14:00', '%d/%m/%Y %H:%i'), '71081846132', '74548262554');
INSERT INTO randevu VALUES ('565506119', 'Muayene', STR_TO_DATE('10/08/2022 14:00', '%d/%m/%Y %H:%i'), '53029284266', '17486381826');
INSERT INTO randevu VALUES ('467977659', 'Ameliyat', STR_TO_DATE('23/09/2022 11:00', '%d/%m/%Y %H:%i'), '64456219855', '44776521137');
INSERT INTO randevu VALUES ('414339859', 'Kontrol', STR_TO_DATE('23/11/2022 14:00', '%d/%m/%Y %H:%i'), '82443914229', '42922982340');
INSERT INTO randevu VALUES ('907656553', 'Kontrol', STR_TO_DATE('27/09/2022 11:00', '%d/%m/%Y %H:%i'), '71081846132', '35584888657');
INSERT INTO randevu VALUES ('122987258', 'Kontrol', STR_TO_DATE('14/10/2022 12:00', '%d/%m/%Y %H:%i'), '61520737929', '23422762154');
INSERT INTO randevu VALUES ('166783730', 'Kontrol', STR_TO_DATE('18/09/2022 14:00', '%d/%m/%Y %H:%i'), '61520737929', '63307481802');
INSERT INTO randevu VALUES ('525114528', 'Ameliyat', STR_TO_DATE('16/09/2022 13:00', '%d/%m/%Y %H:%i'), '28024505503', '89488562516');
INSERT INTO randevu VALUES ('945162786', 'Muayene', STR_TO_DATE('18/09/2022 08:00', '%d/%m/%Y %H:%i'), '53029284266', '18810394770');
INSERT INTO randevu VALUES ('244174467', 'Ameliyat', STR_TO_DATE('03/10/2022 12:00', '%d/%m/%Y %H:%i'), '53929453068', '51032095617');
INSERT INTO randevu VALUES ('815528155', 'Muayene', STR_TO_DATE('18/08/2022 08:00', '%d/%m/%Y %H:%i'), '32372050568', '41739793223');
INSERT INTO randevu VALUES ('649447059', 'Kontrol', STR_TO_DATE('12/12/2022 15:00', '%d/%m/%Y %H:%i'), '46722762942', '63086716365');
INSERT INTO randevu VALUES ('625981377', 'Ameliyat', STR_TO_DATE('16/07/2022 10:00', '%d/%m/%Y %H:%i'), '76736600774', '47786371252');
INSERT INTO randevu VALUES ('495723497', 'Muayene', STR_TO_DATE('07/09/2022 08:00', '%d/%m/%Y %H:%i'), '32372050568', '85464233238');
INSERT INTO randevu VALUES ('558357065', 'Kontrol', STR_TO_DATE('17/07/2022 14:00', '%d/%m/%Y %H:%i'), '46600677643', '59923351408');
INSERT INTO randevu VALUES ('956465423', 'Muayene', STR_TO_DATE('13/09/2022 11:00', '%d/%m/%Y %H:%i'), '53929453068', '24055472501');
INSERT INTO randevu VALUES ('186186036', 'Kontrol', STR_TO_DATE('20/10/2022 08:00', '%d/%m/%Y %H:%i'), '70248594441', '94355749832');
INSERT INTO randevu VALUES ('241965714', 'Muayene', STR_TO_DATE('01/10/2022 14:00', '%d/%m/%Y %H:%i'), '73201070747', '91466720457');
INSERT INTO randevu VALUES ('926892891', 'Ameliyat', STR_TO_DATE('12/12/2022 08:00', '%d/%m/%Y %H:%i'), '73201070747', '51735149110');
INSERT INTO randevu VALUES ('672564819', 'Kontrol', STR_TO_DATE('07/09/2022 15:00', '%d/%m/%Y %H:%i'), '61520737929', '64377048920');
INSERT INTO randevu VALUES ('403378177', 'Kontrol', STR_TO_DATE('16/07/2022 13:00', '%d/%m/%Y %H:%i'), '88658797045', '71115714776');
INSERT INTO randevu VALUES ('223676491', 'Muayene', STR_TO_DATE('23/11/2022 14:00', '%d/%m/%Y %H:%i'), '53029284266', '25723212661');
INSERT INTO randevu VALUES ('486595284', 'Muayene', STR_TO_DATE('09/09/2022 09:00', '%d/%m/%Y %H:%i'), '70248594441', '68751147910');
INSERT INTO randevu VALUES ('798177777', 'Muayene', STR_TO_DATE('07/11/2022 09:00', '%d/%m/%Y %H:%i'), '53929453068', '84835917941');
INSERT INTO randevu VALUES ('877214990', 'Kontrol', STR_TO_DATE('19/12/2022 09:00', '%d/%m/%Y %H:%i'), '70248594441', '89262177625');
INSERT INTO randevu VALUES ('908723174', 'Kontrol', STR_TO_DATE('16/10/2022 08:00', '%d/%m/%Y %H:%i'), '53929453068', '46165881533');
INSERT INTO randevu VALUES ('725746042', 'Muayene', STR_TO_DATE('12/12/2022 13:00', '%d/%m/%Y %H:%i'), '28024505503', '72044584050');
INSERT INTO randevu VALUES ('140109861', 'Kontrol', STR_TO_DATE('02/10/2022 08:00', '%d/%m/%Y %H:%i'), '77934983467', '90027053773');
INSERT INTO randevu VALUES ('295499315', 'Muayene', STR_TO_DATE('11/07/2022 11:00', '%d/%m/%Y %H:%i'), '43833958803', '29377463624');
INSERT INTO randevu VALUES ('558530249', 'Muayene', STR_TO_DATE('22/07/2022 09:00', '%d/%m/%Y %H:%i'), '21930037452', '34088847288');
INSERT INTO randevu VALUES ('546220756', 'Ameliyat', STR_TO_DATE('27/08/2022 12:00', '%d/%m/%Y %H:%i'), '28024505503', '38357611163');
INSERT INTO randevu VALUES ('260374794', 'Muayene', STR_TO_DATE('17/11/2022 15:00', '%d/%m/%Y %H:%i'), '32372050568', '53716098996');
INSERT INTO randevu VALUES ('230522009', 'Kontrol', STR_TO_DATE('20/08/2022 10:00', '%d/%m/%Y %H:%i'), '70248594441', '26864381971');
INSERT INTO randevu VALUES ('718873820', 'Muayene', STR_TO_DATE('21/12/2022 11:00', '%d/%m/%Y %H:%i'), '61520737929', '10004884775');
INSERT INTO randevu VALUES ('210026424', 'Ameliyat', STR_TO_DATE('10/07/2022 13:00', '%d/%m/%Y %H:%i'), '88658797045', '15337073252');
INSERT INTO randevu VALUES ('332110906', 'Ameliyat', STR_TO_DATE('04/09/2022 14:00', '%d/%m/%Y %H:%i'), '82443914229', '89608761522');
INSERT INTO randevu VALUES ('257732801', 'Muayene', STR_TO_DATE('24/08/2022 12:00', '%d/%m/%Y %H:%i'), '28286335055', '97045637413');
INSERT INTO randevu VALUES ('585220319', 'Muayene', STR_TO_DATE('22/08/2022 08:00', '%d/%m/%Y %H:%i'), '61520737929', '42575236436');
INSERT INTO randevu VALUES ('461588894', 'Muayene', STR_TO_DATE('12/12/2022 08:00', '%d/%m/%Y %H:%i'), '18415486066', '61404588529');
INSERT INTO randevu VALUES ('629228682', 'Kontrol', STR_TO_DATE('25/09/2022 12:00', '%d/%m/%Y %H:%i'), '46600677643', '57197968260');
INSERT INTO randevu VALUES ('634974590', 'Ameliyat', STR_TO_DATE('24/10/2022 11:00', '%d/%m/%Y %H:%i'), '28286335055', '26512754582');
INSERT INTO randevu VALUES ('230001114', 'Kontrol', STR_TO_DATE('11/12/2022 08:00', '%d/%m/%Y %H:%i'), '89695271142', '53071548897');
INSERT INTO randevu VALUES ('127272577', 'Ameliyat', STR_TO_DATE('24/12/2022 10:00', '%d/%m/%Y %H:%i'), '46722762942', '61943543018');
INSERT INTO randevu VALUES ('594885315', 'Kontrol', STR_TO_DATE('14/08/2022 11:00', '%d/%m/%Y %H:%i'), '19470889216', '46969414551');
INSERT INTO randevu VALUES ('682767082', 'Kontrol', STR_TO_DATE('27/10/2022 15:00', '%d/%m/%Y %H:%i'), '61520737929', '59923351408');
INSERT INTO randevu VALUES ('554755501', 'Kontrol', STR_TO_DATE('07/07/2022 08:00', '%d/%m/%Y %H:%i'), '73201070747', '42825391852');
INSERT INTO randevu VALUES ('387120829', 'Kontrol', STR_TO_DATE('25/12/2022 09:00', '%d/%m/%Y %H:%i'), '28024505503', '25911489847');
INSERT INTO randevu VALUES ('160817422', 'Ameliyat', STR_TO_DATE('01/09/2022 12:00', '%d/%m/%Y %H:%i'), '80846704118', '87428095906');
INSERT INTO randevu VALUES ('727039231', 'Kontrol', STR_TO_DATE('11/09/2022 12:00', '%d/%m/%Y %H:%i'), '97474614576', '80778139833');
INSERT INTO randevu VALUES ('863837100', 'Kontrol', STR_TO_DATE('23/10/2022 14:00', '%d/%m/%Y %H:%i'), '18066618380', '87021833606');
INSERT INTO randevu VALUES ('474762898', 'Kontrol', STR_TO_DATE('01/07/2022 13:00', '%d/%m/%Y %H:%i'), '77934983467', '28544122853');
INSERT INTO randevu VALUES ('519699929', 'Muayene', STR_TO_DATE('17/08/2022 09:00', '%d/%m/%Y %H:%i'), '82443914229', '45031158101');
INSERT INTO randevu VALUES ('366033633', 'Kontrol', STR_TO_DATE('24/08/2022 10:00', '%d/%m/%Y %H:%i'), '22836235522', '25518240518');
INSERT INTO randevu VALUES ('388768203', 'Ameliyat', STR_TO_DATE('05/09/2022 14:00', '%d/%m/%Y %H:%i'), '79459874964', '61725179366');
INSERT INTO randevu VALUES ('286588565', 'Muayene', STR_TO_DATE('04/09/2022 12:00', '%d/%m/%Y %H:%i'), '53929453068', '12286714385');
INSERT INTO randevu VALUES ('397893704', 'Ameliyat', STR_TO_DATE('07/11/2022 15:00', '%d/%m/%Y %H:%i'), '76736600774', '99886584520');
INSERT INTO randevu VALUES ('232900253', 'Muayene', STR_TO_DATE('21/10/2022 12:00', '%d/%m/%Y %H:%i'), '79459874964', '65038419702');
INSERT INTO randevu VALUES ('329154191', 'Ameliyat', STR_TO_DATE('06/07/2022 13:00', '%d/%m/%Y %H:%i'), '20145772152', '45704206047');
INSERT INTO randevu VALUES ('944693111', 'Muayene', STR_TO_DATE('19/12/2022 14:00', '%d/%m/%Y %H:%i'), '46722762942', '77894551468');
INSERT INTO randevu VALUES ('507312567', 'Muayene', STR_TO_DATE('29/08/2022 13:00', '%d/%m/%Y %H:%i'), '67291775774', '57352372841');
INSERT INTO randevu VALUES ('879321450', 'Muayene', STR_TO_DATE('03/10/2022 09:00', '%d/%m/%Y %H:%i'), '53029284266', '42588981110');
INSERT INTO randevu VALUES ('414403778', 'Kontrol', STR_TO_DATE('18/10/2022 13:00', '%d/%m/%Y %H:%i'), '28024505503', '85604530980');
INSERT INTO randevu VALUES ('949871633', 'Muayene', STR_TO_DATE('29/08/2022 15:00', '%d/%m/%Y %H:%i'), '59893978600', '58469289764');
INSERT INTO randevu VALUES ('884958652', 'Kontrol', STR_TO_DATE('25/07/2022 10:00', '%d/%m/%Y %H:%i'), '32372050568', '86588065342');
INSERT INTO randevu VALUES ('830866481', 'Kontrol', STR_TO_DATE('01/09/2022 13:00', '%d/%m/%Y %H:%i'), '43833958803', '89489970664');
INSERT INTO randevu VALUES ('565829119', 'Kontrol', STR_TO_DATE('02/09/2022 12:00', '%d/%m/%Y %H:%i'), '80846704118', '90061361261');
INSERT INTO randevu VALUES ('538153883', 'Kontrol', STR_TO_DATE('02/10/2022 13:00', '%d/%m/%Y %H:%i'), '66618076646', '88502376791');
INSERT INTO randevu VALUES ('592750454', 'Ameliyat', STR_TO_DATE('04/12/2022 10:00', '%d/%m/%Y %H:%i'), '59893978600', '74852315170');
INSERT INTO randevu VALUES ('496431081', 'Kontrol', STR_TO_DATE('01/10/2022 13:00', '%d/%m/%Y %H:%i'), '53929453068', '66716073993');
INSERT INTO randevu VALUES ('574923186', 'Muayene', STR_TO_DATE('16/11/2022 08:00', '%d/%m/%Y %H:%i'), '53929453068', '21807921701');
INSERT INTO randevu VALUES ('162349745', 'Kontrol', STR_TO_DATE('20/08/2022 15:00', '%d/%m/%Y %H:%i'), '53929453068', '82663220495');
INSERT INTO randevu VALUES ('957061141', 'Ameliyat', STR_TO_DATE('06/09/2022 13:00', '%d/%m/%Y %H:%i'), '70248594441', '36032221849');
INSERT INTO randevu VALUES ('948340120', 'Ameliyat', STR_TO_DATE('15/07/2022 08:00', '%d/%m/%Y %H:%i'), '47762348911', '12523941185');
INSERT INTO randevu VALUES ('549847001', 'Muayene', STR_TO_DATE('13/07/2022 15:00', '%d/%m/%Y %H:%i'), '46600677643', '46969414551');
INSERT INTO randevu VALUES ('599020754', 'Kontrol', STR_TO_DATE('27/07/2022 09:00', '%d/%m/%Y %H:%i'), '22570734093', '89262177625');
INSERT INTO randevu VALUES ('222724487', 'Kontrol', STR_TO_DATE('28/12/2022 15:00', '%d/%m/%Y %H:%i'), '28024505503', '92798906059');
INSERT INTO randevu VALUES ('306978371', 'Ameliyat', STR_TO_DATE('07/12/2022 09:00', '%d/%m/%Y %H:%i'), '52411851733', '42020897624');
INSERT INTO randevu VALUES ('959097617', 'Kontrol', STR_TO_DATE('12/11/2022 14:00', '%d/%m/%Y %H:%i'), '53929453068', '89943006903');
INSERT INTO randevu VALUES ('409216594', 'Kontrol', STR_TO_DATE('27/09/2022 13:00', '%d/%m/%Y %H:%i'), '52411851733', '38743021443');
INSERT INTO randevu VALUES ('551006320', 'Ameliyat', STR_TO_DATE('15/12/2022 15:00', '%d/%m/%Y %H:%i'), '84208706741', '41486604078');
INSERT INTO randevu VALUES ('184716096', 'Kontrol', STR_TO_DATE('15/09/2022 08:00', '%d/%m/%Y %H:%i'), '65991602270', '23929176817');
INSERT INTO randevu VALUES ('484279010', 'Kontrol', STR_TO_DATE('04/09/2022 10:00', '%d/%m/%Y %H:%i'), '28286335055', '75434052268');
INSERT INTO randevu VALUES ('748328615', 'Muayene', STR_TO_DATE('19/10/2022 10:00', '%d/%m/%Y %H:%i'), '10035244416', '54689120492');
INSERT INTO randevu VALUES ('204606839', 'Muayene', STR_TO_DATE('18/10/2022 13:00', '%d/%m/%Y %H:%i'), '67291775774', '50568152076');
INSERT INTO randevu VALUES ('110586111', 'Muayene', STR_TO_DATE('03/11/2022 11:00', '%d/%m/%Y %H:%i'), '43833958803', '87428095906');
INSERT INTO randevu VALUES ('213202088', 'Muayene', STR_TO_DATE('05/12/2022 08:00', '%d/%m/%Y %H:%i'), '70248594441', '32612607905');
INSERT INTO randevu VALUES ('807854682', 'Kontrol', STR_TO_DATE('25/07/2022 12:00', '%d/%m/%Y %H:%i'), '43833958803', '99875823158');
INSERT INTO randevu VALUES ('741839097', 'Ameliyat', STR_TO_DATE('14/08/2022 09:00', '%d/%m/%Y %H:%i'), '97474614576', '21420685189');
INSERT INTO randevu VALUES ('251590903', 'Ameliyat', STR_TO_DATE('17/09/2022 13:00', '%d/%m/%Y %H:%i'), '20145772152', '31498028011');
INSERT INTO randevu VALUES ('724242611', 'Ameliyat', STR_TO_DATE('27/10/2022 10:00', '%d/%m/%Y %H:%i'), '89695271142', '67883923345');
INSERT INTO randevu VALUES ('364362644', 'Ameliyat', STR_TO_DATE('10/11/2022 13:00', '%d/%m/%Y %H:%i'), '28286335055', '85482312772');
INSERT INTO randevu VALUES ('419363804', 'Ameliyat', STR_TO_DATE('03/08/2022 15:00', '%d/%m/%Y %H:%i'), '66618076646', '37525001145');
INSERT INTO randevu VALUES ('622495994', 'Muayene', STR_TO_DATE('23/07/2022 15:00', '%d/%m/%Y %H:%i'), '58883871945', '40738948567');
INSERT INTO randevu VALUES ('235306752', 'Kontrol', STR_TO_DATE('27/09/2022 11:00', '%d/%m/%Y %H:%i'), '18415486066', '44165235937');
INSERT INTO randevu VALUES ('382137323', 'Kontrol', STR_TO_DATE('15/10/2022 11:00', '%d/%m/%Y %H:%i'), '67944664167', '72610241310');
INSERT INTO randevu VALUES ('187660669', 'Kontrol', STR_TO_DATE('18/10/2022 15:00', '%d/%m/%Y %H:%i'), '28024505503', '31209271675');
INSERT INTO randevu VALUES ('446299283', 'Muayene', STR_TO_DATE('23/11/2022 11:00', '%d/%m/%Y %H:%i'), '80846704118', '59923351408');
INSERT INTO randevu VALUES ('387421465', 'Kontrol', STR_TO_DATE('03/11/2022 14:00', '%d/%m/%Y %H:%i'), '67944664167', '11342435537');
INSERT INTO randevu VALUES ('546551239', 'Muayene', STR_TO_DATE('03/07/2022 13:00', '%d/%m/%Y %H:%i'), '15148002983', '67491454268');
INSERT INTO randevu VALUES ('842558604', 'Muayene', STR_TO_DATE('02/09/2022 12:00', '%d/%m/%Y %H:%i'), '28286335055', '78777835514');
INSERT INTO randevu VALUES ('719707625', 'Muayene', STR_TO_DATE('08/12/2022 14:00', '%d/%m/%Y %H:%i'), '98622734180', '20803111001');
INSERT INTO randevu VALUES ('489498761', 'Ameliyat', STR_TO_DATE('03/12/2022 10:00', '%d/%m/%Y %H:%i'), '61520737929', '22020146668');
INSERT INTO randevu VALUES ('535327540', 'Muayene', STR_TO_DATE('10/11/2022 14:00', '%d/%m/%Y %H:%i'), '28286335055', '64008832156');
INSERT INTO randevu VALUES ('301922398', 'Kontrol', STR_TO_DATE('14/09/2022 12:00', '%d/%m/%Y %H:%i'), '53929453068', '36372616384');
INSERT INTO randevu VALUES ('872846095', 'Kontrol', STR_TO_DATE('03/09/2022 10:00', '%d/%m/%Y %H:%i'), '80846704118', '88770164606');
INSERT INTO randevu VALUES ('302988606', 'Kontrol', STR_TO_DATE('26/08/2022 08:00', '%d/%m/%Y %H:%i'), '61520737929', '28544122853');
INSERT INTO randevu VALUES ('550761590', 'Ameliyat', STR_TO_DATE('22/09/2022 13:00', '%d/%m/%Y %H:%i'), '77934983467', '99298158374');
INSERT INTO randevu VALUES ('329998888', 'Muayene', STR_TO_DATE('17/07/2022 14:00', '%d/%m/%Y %H:%i'), '65991602270', '81546556551');
INSERT INTO randevu VALUES ('322518250', 'Ameliyat', STR_TO_DATE('22/10/2022 09:00', '%d/%m/%Y %H:%i'), '53029284266', '87021833606');
INSERT INTO randevu VALUES ('113117720', 'Ameliyat', STR_TO_DATE('14/12/2022 12:00', '%d/%m/%Y %H:%i'), '66618076646', '66902990139');
INSERT INTO randevu VALUES ('190776055', 'Muayene', STR_TO_DATE('13/07/2022 11:00', '%d/%m/%Y %H:%i'), '20145772152', '42905231600');
INSERT INTO randevu VALUES ('771850624', 'Kontrol', STR_TO_DATE('04/07/2022 13:00', '%d/%m/%Y %H:%i'), '22836235522', '66837516509');
INSERT INTO randevu VALUES ('355154243', 'Ameliyat', STR_TO_DATE('22/09/2022 15:00', '%d/%m/%Y %H:%i'), '98622734180', '37240323295');
INSERT INTO randevu VALUES ('138623219', 'Ameliyat', STR_TO_DATE('12/11/2022 12:00', '%d/%m/%Y %H:%i'), '64456219855', '61302186123');
INSERT INTO randevu VALUES ('168177294', 'Muayene', STR_TO_DATE('17/12/2022 15:00', '%d/%m/%Y %H:%i'), '70248594441', '56050950232');
INSERT INTO randevu VALUES ('707682975', 'Muayene', STR_TO_DATE('05/12/2022 09:00', '%d/%m/%Y %H:%i'), '80846704118', '82518491360');
INSERT INTO randevu VALUES ('157000859', 'Ameliyat', STR_TO_DATE('04/07/2022 09:00', '%d/%m/%Y %H:%i'), '18066618380', '11159369603');
INSERT INTO randevu VALUES ('527301078', 'Ameliyat', STR_TO_DATE('21/11/2022 15:00', '%d/%m/%Y %H:%i'), '15148002983', '75566293978');
INSERT INTO randevu VALUES ('210778145', 'Muayene', STR_TO_DATE('17/12/2022 11:00', '%d/%m/%Y %H:%i'), '53029284266', '37240546547');
INSERT INTO randevu VALUES ('784456961', 'Kontrol', STR_TO_DATE('26/09/2022 10:00', '%d/%m/%Y %H:%i'), '71081846132', '68843179112');
INSERT INTO randevu VALUES ('280555059', 'Ameliyat', STR_TO_DATE('16/09/2022 14:00', '%d/%m/%Y %H:%i'), '77934983467', '44200290690');
INSERT INTO randevu VALUES ('837368733', 'Muayene', STR_TO_DATE('21/07/2022 12:00', '%d/%m/%Y %H:%i'), '53029284266', '91506423236');
INSERT INTO randevu VALUES ('886428948', 'Kontrol', STR_TO_DATE('13/07/2022 10:00', '%d/%m/%Y %H:%i'), '61520737929', '20099376207');
INSERT INTO randevu VALUES ('288660212', 'Muayene', STR_TO_DATE('03/07/2022 09:00', '%d/%m/%Y %H:%i'), '46600677643', '46994793427');
INSERT INTO randevu VALUES ('880114008', 'Ameliyat', STR_TO_DATE('19/12/2022 14:00', '%d/%m/%Y %H:%i'), '67944664167', '23661559729');
INSERT INTO randevu VALUES ('540355226', 'Muayene', STR_TO_DATE('16/07/2022 12:00', '%d/%m/%Y %H:%i'), '18415486066', '52879452003');
INSERT INTO randevu VALUES ('490454306', 'Muayene', STR_TO_DATE('29/09/2022 14:00', '%d/%m/%Y %H:%i'), '71081846132', '88008679314');
INSERT INTO randevu VALUES ('732681810', 'Muayene', STR_TO_DATE('06/12/2022 15:00', '%d/%m/%Y %H:%i'), '22570734093', '65210147770');
INSERT INTO randevu VALUES ('568706049', 'Muayene', STR_TO_DATE('15/11/2022 15:00', '%d/%m/%Y %H:%i'), '98622734180', '89608761522');
INSERT INTO randevu VALUES ('420906621', 'Muayene', STR_TO_DATE('18/09/2022 08:00', '%d/%m/%Y %H:%i'), '70248594441', '23422762154');
INSERT INTO randevu VALUES ('574447730', 'Ameliyat', STR_TO_DATE('18/09/2022 10:00', '%d/%m/%Y %H:%i'), '79459874964', '42429737447');
INSERT INTO randevu VALUES ('359718556', 'Kontrol', STR_TO_DATE('01/07/2022 12:00', '%d/%m/%Y %H:%i'), '79459874964', '98465621607');
INSERT INTO randevu VALUES ('932719471', 'Kontrol', STR_TO_DATE('15/09/2022 08:00', '%d/%m/%Y %H:%i'), '65991602270', '58097333303');
INSERT INTO randevu VALUES ('735284385', 'Ameliyat', STR_TO_DATE('02/08/2022 13:00', '%d/%m/%Y %H:%i'), '88658797045', '41739905645');
INSERT INTO randevu VALUES ('217436223', 'Kontrol', STR_TO_DATE('10/12/2022 11:00', '%d/%m/%Y %H:%i'), '71081846132', '76034864533');
INSERT INTO randevu VALUES ('809075581', 'Ameliyat', STR_TO_DATE('18/07/2022 12:00', '%d/%m/%Y %H:%i'), '52411851733', '84875021847');
INSERT INTO randevu VALUES ('423842752', 'Kontrol', STR_TO_DATE('16/11/2022 13:00', '%d/%m/%Y %H:%i'), '61520737929', '15513787328');
INSERT INTO randevu VALUES ('880883558', 'Muayene', STR_TO_DATE('04/09/2022 08:00', '%d/%m/%Y %H:%i'), '53929453068', '91228078573');
INSERT INTO randevu VALUES ('687927204', 'Kontrol', STR_TO_DATE('18/11/2022 09:00', '%d/%m/%Y %H:%i'), '73201070747', '33950905547');
INSERT INTO randevu VALUES ('404588187', 'Ameliyat', STR_TO_DATE('12/09/2022 09:00', '%d/%m/%Y %H:%i'), '53929453068', '33629522034');
INSERT INTO randevu VALUES ('171650695', 'Ameliyat', STR_TO_DATE('11/12/2022 15:00', '%d/%m/%Y %H:%i'), '53029284266', '90027053773');
INSERT INTO randevu VALUES ('524752815', 'Kontrol', STR_TO_DATE('02/07/2022 08:00', '%d/%m/%Y %H:%i'), '70248594441', '82667605111');
INSERT INTO randevu VALUES ('101879431', 'Muayene', STR_TO_DATE('07/11/2022 09:00', '%d/%m/%Y %H:%i'), '79459874964', '70918775125');
INSERT INTO randevu VALUES ('657264564', 'Muayene', STR_TO_DATE('11/10/2022 15:00', '%d/%m/%Y %H:%i'), '47762348911', '12353460072');
INSERT INTO randevu VALUES ('723321730', 'Muayene', STR_TO_DATE('14/11/2022 13:00', '%d/%m/%Y %H:%i'), '88658797045', '89653023481');
INSERT INTO randevu VALUES ('426969229', 'Kontrol', STR_TO_DATE('25/11/2022 08:00', '%d/%m/%Y %H:%i'), '53929453068', '22335142365');
INSERT INTO randevu VALUES ('685699456', 'Muayene', STR_TO_DATE('22/08/2022 14:00', '%d/%m/%Y %H:%i'), '64456219855', '32514932876');
INSERT INTO randevu VALUES ('922162334', 'Ameliyat', STR_TO_DATE('01/09/2022 15:00', '%d/%m/%Y %H:%i'), '32372050568', '93837990011');
INSERT INTO randevu VALUES ('635867158', 'Ameliyat', STR_TO_DATE('19/09/2022 10:00', '%d/%m/%Y %H:%i'), '43833958803', '10432244375');
INSERT INTO randevu VALUES ('613609623', 'Kontrol', STR_TO_DATE('06/10/2022 08:00', '%d/%m/%Y %H:%i'), '70248594441', '57073385717');
INSERT INTO randevu VALUES ('583966367', 'Kontrol', STR_TO_DATE('21/08/2022 14:00', '%d/%m/%Y %H:%i'), '71081846132', '13325286921');
INSERT INTO randevu VALUES ('427199676', 'Ameliyat', STR_TO_DATE('22/12/2022 09:00', '%d/%m/%Y %H:%i'), '46600677643', '60321538367');
INSERT INTO randevu VALUES ('286096255', 'Ameliyat', STR_TO_DATE('16/11/2022 09:00', '%d/%m/%Y %H:%i'), '28024505503', '28475169700');
INSERT INTO randevu VALUES ('338506540', 'Kontrol', STR_TO_DATE('08/08/2022 13:00', '%d/%m/%Y %H:%i'), '46722762942', '97848927066');
INSERT INTO randevu VALUES ('619899976', 'Kontrol', STR_TO_DATE('19/10/2022 12:00', '%d/%m/%Y %H:%i'), '88658797045', '91506423236');
INSERT INTO randevu VALUES ('103484046', 'Kontrol', STR_TO_DATE('16/12/2022 14:00', '%d/%m/%Y %H:%i'), '80846704118', '40986206442');
INSERT INTO randevu VALUES ('728983812', 'Ameliyat', STR_TO_DATE('01/10/2022 11:00', '%d/%m/%Y %H:%i'), '98622734180', '90061361261');
INSERT INTO randevu VALUES ('481083711', 'Kontrol', STR_TO_DATE('17/11/2022 11:00', '%d/%m/%Y %H:%i'), '70248594441', '34775737673');
INSERT INTO randevu VALUES ('549446523', 'Ameliyat', STR_TO_DATE('25/09/2022 09:00', '%d/%m/%Y %H:%i'), '32372050568', '25380960803');
INSERT INTO randevu VALUES ('265998523', 'Ameliyat', STR_TO_DATE('28/09/2022 12:00', '%d/%m/%Y %H:%i'), '53029284266', '57352372841');
INSERT INTO randevu VALUES ('728122240', 'Muayene', STR_TO_DATE('07/09/2022 13:00', '%d/%m/%Y %H:%i'), '98622734180', '23422762154');
INSERT INTO randevu VALUES ('403965463', 'Muayene', STR_TO_DATE('09/07/2022 12:00', '%d/%m/%Y %H:%i'), '65991602270', '46954371466');
INSERT INTO randevu VALUES ('309338533', 'Kontrol', STR_TO_DATE('19/07/2022 13:00', '%d/%m/%Y %H:%i'), '71081846132', '49433244975');
INSERT INTO randevu VALUES ('636218826', 'Ameliyat', STR_TO_DATE('09/08/2022 15:00', '%d/%m/%Y %H:%i'), '66618076646', '69224115217');
INSERT INTO randevu VALUES ('827498577', 'Muayene', STR_TO_DATE('04/07/2022 08:00', '%d/%m/%Y %H:%i'), '47762348911', '34632070186');
INSERT INTO randevu VALUES ('199425691', 'Muayene', STR_TO_DATE('25/11/2022 10:00', '%d/%m/%Y %H:%i'), '79459874964', '11342435537');
INSERT INTO randevu VALUES ('801552814', 'Muayene', STR_TO_DATE('24/07/2022 10:00', '%d/%m/%Y %H:%i'), '10035244416', '93920997703');
INSERT INTO randevu VALUES ('689946532', 'Ameliyat', STR_TO_DATE('29/11/2022 14:00', '%d/%m/%Y %H:%i'), '89695271142', '92367796671');
INSERT INTO randevu VALUES ('352813923', 'Kontrol', STR_TO_DATE('15/12/2022 13:00', '%d/%m/%Y %H:%i'), '53029284266', '61048580533');
INSERT INTO randevu VALUES ('242694010', 'Kontrol', STR_TO_DATE('06/10/2022 12:00', '%d/%m/%Y %H:%i'), '32372050568', '41013660933');
INSERT INTO randevu VALUES ('675396926', 'Muayene', STR_TO_DATE('13/07/2022 15:00', '%d/%m/%Y %H:%i'), '20145772152', '27245736175');
INSERT INTO randevu VALUES ('225782525', 'Muayene', STR_TO_DATE('05/09/2022 15:00', '%d/%m/%Y %H:%i'), '28286335055', '98024068422');
INSERT INTO randevu VALUES ('449122251', 'Ameliyat', STR_TO_DATE('20/07/2022 08:00', '%d/%m/%Y %H:%i'), '89695271142', '97030695189');
INSERT INTO randevu VALUES ('584197393', 'Ameliyat', STR_TO_DATE('12/12/2022 12:00', '%d/%m/%Y %H:%i'), '70248594441', '31542538279');
INSERT INTO randevu VALUES ('475947835', 'Kontrol', STR_TO_DATE('19/11/2022 08:00', '%d/%m/%Y %H:%i'), '52411851733', '35410107084');
INSERT INTO randevu VALUES ('929229860', 'Muayene', STR_TO_DATE('12/09/2022 11:00', '%d/%m/%Y %H:%i'), '46722762942', '87912297100');
INSERT INTO randevu VALUES ('255597673', 'Muayene', STR_TO_DATE('10/08/2022 10:00', '%d/%m/%Y %H:%i'), '22570734093', '28344287419');
INSERT INTO randevu VALUES ('478703955', 'Kontrol', STR_TO_DATE('20/12/2022 09:00', '%d/%m/%Y %H:%i'), '84208706741', '62871691696');
INSERT INTO randevu VALUES ('941355848', 'Muayene', STR_TO_DATE('13/09/2022 15:00', '%d/%m/%Y %H:%i'), '28286335055', '22436696777');
INSERT INTO randevu VALUES ('136624332', 'Kontrol', STR_TO_DATE('10/08/2022 14:00', '%d/%m/%Y %H:%i'), '15148002983', '11159369603');
INSERT INTO randevu VALUES ('688253230', 'Kontrol', STR_TO_DATE('23/10/2022 11:00', '%d/%m/%Y %H:%i'), '67944664167', '39592749938');
INSERT INTO randevu VALUES ('262155054', 'Ameliyat', STR_TO_DATE('06/07/2022 14:00', '%d/%m/%Y %H:%i'), '53029284266', '70408921183');
INSERT INTO randevu VALUES ('489946737', 'Ameliyat', STR_TO_DATE('02/10/2022 13:00', '%d/%m/%Y %H:%i'), '46722762942', '80023059689');
INSERT INTO randevu VALUES ('285433176', 'Ameliyat', STR_TO_DATE('28/12/2022 14:00', '%d/%m/%Y %H:%i'), '97474614576', '67161931262');
INSERT INTO randevu VALUES ('661646582', 'Kontrol', STR_TO_DATE('21/09/2022 12:00', '%d/%m/%Y %H:%i'), '47762348911', '28321076800');
INSERT INTO randevu VALUES ('338589025', 'Muayene', STR_TO_DATE('03/07/2022 13:00', '%d/%m/%Y %H:%i'), '53929453068', '95651231291');
INSERT INTO randevu VALUES ('498412794', 'Kontrol', STR_TO_DATE('23/07/2022 08:00', '%d/%m/%Y %H:%i'), '70248594441', '31353898301');
INSERT INTO randevu VALUES ('662987380', 'Kontrol', STR_TO_DATE('10/12/2022 13:00', '%d/%m/%Y %H:%i'), '76736600774', '65710009693');
INSERT INTO randevu VALUES ('604747922', 'Kontrol', STR_TO_DATE('02/10/2022 10:00', '%d/%m/%Y %H:%i'), '67944664167', '21446691901');
INSERT INTO randevu VALUES ('343256214', 'Muayene', STR_TO_DATE('26/09/2022 09:00', '%d/%m/%Y %H:%i'), '43833958803', '41739793223');
INSERT INTO randevu VALUES ('216264308', 'Muayene', STR_TO_DATE('04/10/2022 08:00', '%d/%m/%Y %H:%i'), '71081846132', '47786371252');
INSERT INTO randevu VALUES ('821391180', 'Ameliyat', STR_TO_DATE('14/10/2022 15:00', '%d/%m/%Y %H:%i'), '98622734180', '88502376791');
INSERT INTO randevu VALUES ('193226071', 'Ameliyat', STR_TO_DATE('23/08/2022 12:00', '%d/%m/%Y %H:%i'), '28024505503', '71540146686');
INSERT INTO randevu VALUES ('762551120', 'Ameliyat', STR_TO_DATE('01/12/2022 09:00', '%d/%m/%Y %H:%i'), '18415486066', '41013660933');
INSERT INTO randevu VALUES ('649585278', 'Muayene', STR_TO_DATE('27/07/2022 10:00', '%d/%m/%Y %H:%i'), '43833958803', '90266814267');
INSERT INTO randevu VALUES ('132929395', 'Muayene', STR_TO_DATE('27/07/2022 11:00', '%d/%m/%Y %H:%i'), '98622734180', '52558719169');
INSERT INTO randevu VALUES ('476814024', 'Muayene', STR_TO_DATE('17/12/2022 10:00', '%d/%m/%Y %H:%i'), '18066618380', '84262479983');
INSERT INTO randevu VALUES ('789338532', 'Ameliyat', STR_TO_DATE('09/07/2022 08:00', '%d/%m/%Y %H:%i'), '59893978600', '95714846931');
INSERT INTO randevu VALUES ('995973686', 'Ameliyat', STR_TO_DATE('01/07/2022 08:00', '%d/%m/%Y %H:%i'), '19470889216', '45704206047');
INSERT INTO randevu VALUES ('936056251', 'Ameliyat', STR_TO_DATE('28/10/2022 14:00', '%d/%m/%Y %H:%i'), '52411851733', '93837990011');
INSERT INTO randevu VALUES ('755833107', 'Kontrol', STR_TO_DATE('20/09/2022 11:00', '%d/%m/%Y %H:%i'), '98622734180', '67491454268');
INSERT INTO randevu VALUES ('358377572', 'Kontrol', STR_TO_DATE('02/10/2022 15:00', '%d/%m/%Y %H:%i'), '76736600774', '71081272329');
INSERT INTO randevu VALUES ('266855453', 'Kontrol', STR_TO_DATE('10/09/2022 13:00', '%d/%m/%Y %H:%i'), '52411851733', '34808747268');
INSERT INTO randevu VALUES ('325435487', 'Ameliyat', STR_TO_DATE('21/12/2022 10:00', '%d/%m/%Y %H:%i'), '10035244416', '52779852669');
INSERT INTO randevu VALUES ('582898443', 'Ameliyat', STR_TO_DATE('04/10/2022 11:00', '%d/%m/%Y %H:%i'), '10035244416', '48094128552');
INSERT INTO randevu VALUES ('122918779', 'Ameliyat', STR_TO_DATE('20/08/2022 08:00', '%d/%m/%Y %H:%i'), '66618076646', '51865831526');
INSERT INTO randevu VALUES ('892464710', 'Kontrol', STR_TO_DATE('02/10/2022 09:00', '%d/%m/%Y %H:%i'), '97474614576', '14013109330');
INSERT INTO randevu VALUES ('879389915', 'Ameliyat', STR_TO_DATE('17/11/2022 09:00', '%d/%m/%Y %H:%i'), '46600677643', '89419572757');
INSERT INTO randevu VALUES ('620732544', 'Kontrol', STR_TO_DATE('07/11/2022 11:00', '%d/%m/%Y %H:%i'), '97474614576', '61079721699');
INSERT INTO randevu VALUES ('837465666', 'Kontrol', STR_TO_DATE('08/09/2022 10:00', '%d/%m/%Y %H:%i'), '77934983467', '70875594716');
INSERT INTO randevu VALUES ('567111106', 'Kontrol', STR_TO_DATE('14/12/2022 09:00', '%d/%m/%Y %H:%i'), '59893978600', '79040548664');
INSERT INTO randevu VALUES ('842135367', 'Ameliyat', STR_TO_DATE('09/10/2022 14:00', '%d/%m/%Y %H:%i'), '19470889216', '42374367842');
INSERT INTO randevu VALUES ('247120346', 'Ameliyat', STR_TO_DATE('28/09/2022 08:00', '%d/%m/%Y %H:%i'), '58883871945', '21262363646');
INSERT INTO randevu VALUES ('246888045', 'Kontrol', STR_TO_DATE('05/11/2022 13:00', '%d/%m/%Y %H:%i'), '28024505503', '25723212661');
INSERT INTO randevu VALUES ('298231594', 'Muayene', STR_TO_DATE('29/08/2022 08:00', '%d/%m/%Y %H:%i'), '80846704118', '21434467524');
INSERT INTO randevu VALUES ('420166320', 'Muayene', STR_TO_DATE('21/11/2022 10:00', '%d/%m/%Y %H:%i'), '77934983467', '74450697956');
INSERT INTO randevu VALUES ('599952045', 'Ameliyat', STR_TO_DATE('23/09/2022 09:00', '%d/%m/%Y %H:%i'), '89695271142', '22881280526');
INSERT INTO randevu VALUES ('199436300', 'Ameliyat', STR_TO_DATE('20/12/2022 14:00', '%d/%m/%Y %H:%i'), '46600677643', '53716098996');
INSERT INTO randevu VALUES ('671350644', 'Ameliyat', STR_TO_DATE('08/08/2022 10:00', '%d/%m/%Y %H:%i'), '18066618380', '74450697956');
INSERT INTO randevu VALUES ('426493336', 'Kontrol', STR_TO_DATE('14/11/2022 10:00', '%d/%m/%Y %H:%i'), '32372050568', '36372616384');
INSERT INTO randevu VALUES ('871259893', 'Kontrol', STR_TO_DATE('10/11/2022 11:00', '%d/%m/%Y %H:%i'), '43833958803', '30463332302');
INSERT INTO randevu VALUES ('586688798', 'Muayene', STR_TO_DATE('26/11/2022 15:00', '%d/%m/%Y %H:%i'), '77934983467', '60709444848');
INSERT INTO randevu VALUES ('782476396', 'Muayene', STR_TO_DATE('08/09/2022 12:00', '%d/%m/%Y %H:%i'), '15148002983', '60667355539');
INSERT INTO randevu VALUES ('947266357', 'Muayene', STR_TO_DATE('19/10/2022 13:00', '%d/%m/%Y %H:%i'), '47762348911', '69608216407');
INSERT INTO randevu VALUES ('364799477', 'Muayene', STR_TO_DATE('05/10/2022 14:00', '%d/%m/%Y %H:%i'), '80846704118', '24461294083');
INSERT INTO randevu VALUES ('369060215', 'Kontrol', STR_TO_DATE('26/11/2022 15:00', '%d/%m/%Y %H:%i'), '70248594441', '59299781798');
INSERT INTO randevu VALUES ('600364450', 'Ameliyat', STR_TO_DATE('25/11/2022 12:00', '%d/%m/%Y %H:%i'), '89695271142', '89488562516');
INSERT INTO randevu VALUES ('755390889', 'Muayene', STR_TO_DATE('03/07/2022 11:00', '%d/%m/%Y %H:%i'), '66618076646', '88256108357');
INSERT INTO randevu VALUES ('566047444', 'Muayene', STR_TO_DATE('06/09/2022 13:00', '%d/%m/%Y %H:%i'), '79459874964', '82518491360');
INSERT INTO randevu VALUES ('961903124', 'Kontrol', STR_TO_DATE('21/08/2022 09:00', '%d/%m/%Y %H:%i'), '59893978600', '31764526870');
INSERT INTO randevu VALUES ('221136053', 'Ameliyat', STR_TO_DATE('25/07/2022 12:00', '%d/%m/%Y %H:%i'), '59893978600', '49218192748');
INSERT INTO randevu VALUES ('798527345', 'Muayene', STR_TO_DATE('17/08/2022 10:00', '%d/%m/%Y %H:%i'), '58883871945', '45769837990');
INSERT INTO randevu VALUES ('365478725', 'Kontrol', STR_TO_DATE('13/10/2022 11:00', '%d/%m/%Y %H:%i'), '20145772152', '88051879108');
INSERT INTO randevu VALUES ('664532864', 'Muayene', STR_TO_DATE('27/07/2022 10:00', '%d/%m/%Y %H:%i'), '18066618380', '57900999624');
INSERT INTO randevu VALUES ('612839839', 'Ameliyat', STR_TO_DATE('02/08/2022 09:00', '%d/%m/%Y %H:%i'), '67944664167', '98362748229');
INSERT INTO randevu VALUES ('881603229', 'Kontrol', STR_TO_DATE('25/11/2022 13:00', '%d/%m/%Y %H:%i'), '58883871945', '53358096027');
INSERT INTO randevu VALUES ('740005296', 'Muayene', STR_TO_DATE('11/10/2022 13:00', '%d/%m/%Y %H:%i'), '76736600774', '59576895249');
INSERT INTO randevu VALUES ('987565715', 'Muayene', STR_TO_DATE('09/12/2022 15:00', '%d/%m/%Y %H:%i'), '66618076646', '84996051906');
INSERT INTO randevu VALUES ('939303264', 'Kontrol', STR_TO_DATE('04/12/2022 08:00', '%d/%m/%Y %H:%i'), '28024505503', '59577332180');
INSERT INTO randevu VALUES ('462325681', 'Ameliyat', STR_TO_DATE('13/07/2022 12:00', '%d/%m/%Y %H:%i'), '80846704118', '25723212661');
INSERT INTO randevu VALUES ('195743721', 'Muayene', STR_TO_DATE('17/07/2022 09:00', '%d/%m/%Y %H:%i'), '70248594441', '10295415179');
INSERT INTO randevu VALUES ('192700351', 'Kontrol', STR_TO_DATE('24/08/2022 15:00', '%d/%m/%Y %H:%i'), '61520737929', '47822603613');
INSERT INTO randevu VALUES ('422231574', 'Muayene', STR_TO_DATE('07/09/2022 09:00', '%d/%m/%Y %H:%i'), '71081846132', '50591919768');
INSERT INTO randevu VALUES ('392643988', 'Kontrol', STR_TO_DATE('27/12/2022 11:00', '%d/%m/%Y %H:%i'), '22836235522', '81094023342');
INSERT INTO randevu VALUES ('459693412', 'Ameliyat', STR_TO_DATE('25/12/2022 15:00', '%d/%m/%Y %H:%i'), '52411851733', '51111414043');
INSERT INTO randevu VALUES ('266669037', 'Muayene', STR_TO_DATE('12/10/2022 11:00', '%d/%m/%Y %H:%i'), '53929453068', '48832974026');
INSERT INTO randevu VALUES ('124095395', 'Kontrol', STR_TO_DATE('28/10/2022 15:00', '%d/%m/%Y %H:%i'), '71081846132', '22992576044');
INSERT INTO randevu VALUES ('447716305', 'Muayene', STR_TO_DATE('14/10/2022 14:00', '%d/%m/%Y %H:%i'), '89695271142', '31209271675');
INSERT INTO randevu VALUES ('271145831', 'Ameliyat', STR_TO_DATE('23/10/2022 09:00', '%d/%m/%Y %H:%i'), '46722762942', '70132627468');
INSERT INTO randevu VALUES ('586231484', 'Kontrol', STR_TO_DATE('02/12/2022 12:00', '%d/%m/%Y %H:%i'), '22570734093', '53388738173');
INSERT INTO randevu VALUES ('465603530', 'Kontrol', STR_TO_DATE('29/08/2022 08:00', '%d/%m/%Y %H:%i'), '28024505503', '39365858137');
INSERT INTO randevu VALUES ('469487807', 'Kontrol', STR_TO_DATE('01/08/2022 15:00', '%d/%m/%Y %H:%i'), '58883871945', '31552672556');
INSERT INTO randevu VALUES ('313496735', 'Kontrol', STR_TO_DATE('04/08/2022 11:00', '%d/%m/%Y %H:%i'), '53029284266', '84979887453');
INSERT INTO randevu VALUES ('151871390', 'Muayene', STR_TO_DATE('22/07/2022 09:00', '%d/%m/%Y %H:%i'), '66618076646', '99242923854');
INSERT INTO randevu VALUES ('341710912', 'Muayene', STR_TO_DATE('03/07/2022 12:00', '%d/%m/%Y %H:%i'), '61520737929', '46036143358');
INSERT INTO randevu VALUES ('435182876', 'Muayene', STR_TO_DATE('11/11/2022 09:00', '%d/%m/%Y %H:%i'), '98622734180', '83642377745');
INSERT INTO randevu VALUES ('299896002', 'Ameliyat', STR_TO_DATE('22/11/2022 15:00', '%d/%m/%Y %H:%i'), '18415486066', '65735370039');
INSERT INTO randevu VALUES ('365648943', 'Kontrol', STR_TO_DATE('04/12/2022 11:00', '%d/%m/%Y %H:%i'), '79459874964', '46165881533');
INSERT INTO randevu VALUES ('826028844', 'Muayene', STR_TO_DATE('26/09/2022 15:00', '%d/%m/%Y %H:%i'), '28024505503', '99298158374');
INSERT INTO randevu VALUES ('660219374', 'Muayene', STR_TO_DATE('20/08/2022 15:00', '%d/%m/%Y %H:%i'), '84208706741', '65710009693');
INSERT INTO randevu VALUES ('133788353', 'Muayene', STR_TO_DATE('14/09/2022 12:00', '%d/%m/%Y %H:%i'), '88658797045', '93505108783');
INSERT INTO randevu VALUES ('381447587', 'Kontrol', STR_TO_DATE('22/12/2022 08:00', '%d/%m/%Y %H:%i'), '15148002983', '21405882559');
INSERT INTO randevu VALUES ('834272157', 'Ameliyat', STR_TO_DATE('07/11/2022 12:00', '%d/%m/%Y %H:%i'), '28286335055', '50860697255');
INSERT INTO randevu VALUES ('329243586', 'Muayene', STR_TO_DATE('20/07/2022 13:00', '%d/%m/%Y %H:%i'), '82443914229', '77275184468');
INSERT INTO randevu VALUES ('208117996', 'Muayene', STR_TO_DATE('24/08/2022 14:00', '%d/%m/%Y %H:%i'), '64456219855', '75745906230');
INSERT INTO randevu VALUES ('219487248', 'Kontrol', STR_TO_DATE('28/12/2022 10:00', '%d/%m/%Y %H:%i'), '22570734093', '89653023481');
INSERT INTO randevu VALUES ('749717057', 'Kontrol', STR_TO_DATE('01/12/2022 08:00', '%d/%m/%Y %H:%i'), '22570734093', '86076692382');
INSERT INTO randevu VALUES ('493586550', 'Ameliyat', STR_TO_DATE('17/07/2022 10:00', '%d/%m/%Y %H:%i'), '22570734093', '89653023481');
INSERT INTO randevu VALUES ('340362120', 'Ameliyat', STR_TO_DATE('02/09/2022 09:00', '%d/%m/%Y %H:%i'), '65991602270', '93249422740');
INSERT INTO randevu VALUES ('359836509', 'Ameliyat', STR_TO_DATE('01/12/2022 12:00', '%d/%m/%Y %H:%i'), '43833958803', '21454756374');
INSERT INTO randevu VALUES ('476062216', 'Ameliyat', STR_TO_DATE('24/11/2022 09:00', '%d/%m/%Y %H:%i'), '58883871945', '46673492726');
INSERT INTO randevu VALUES ('337523142', 'Ameliyat', STR_TO_DATE('20/11/2022 11:00', '%d/%m/%Y %H:%i'), '67944664167', '26864381971');
INSERT INTO randevu VALUES ('257016431', 'Ameliyat', STR_TO_DATE('19/12/2022 08:00', '%d/%m/%Y %H:%i'), '97474614576', '72696993564');
INSERT INTO randevu VALUES ('769211962', 'Muayene', STR_TO_DATE('23/07/2022 11:00', '%d/%m/%Y %H:%i'), '19470889216', '44227283344');
INSERT INTO randevu VALUES ('509541639', 'Kontrol', STR_TO_DATE('07/10/2022 15:00', '%d/%m/%Y %H:%i'), '65991602270', '29554471366');
INSERT INTO randevu VALUES ('266732343', 'Muayene', STR_TO_DATE('05/08/2022 11:00', '%d/%m/%Y %H:%i'), '71081846132', '79342041393');
INSERT INTO randevu VALUES ('243052552', 'Kontrol', STR_TO_DATE('15/07/2022 10:00', '%d/%m/%Y %H:%i'), '98622734180', '24055472501');
INSERT INTO randevu VALUES ('816311684', 'Ameliyat', STR_TO_DATE('12/07/2022 15:00', '%d/%m/%Y %H:%i'), '43833958803', '54286074283');
INSERT INTO randevu VALUES ('854802361', 'Ameliyat', STR_TO_DATE('06/11/2022 12:00', '%d/%m/%Y %H:%i'), '21930037452', '27197961649');
INSERT INTO randevu VALUES ('580140641', 'Muayene', STR_TO_DATE('01/11/2022 13:00', '%d/%m/%Y %H:%i'), '80846704118', '97371240224');
INSERT INTO randevu VALUES ('970447842', 'Ameliyat', STR_TO_DATE('05/11/2022 10:00', '%d/%m/%Y %H:%i'), '84208706741', '66611302425');
INSERT INTO randevu VALUES ('448018147', 'Muayene', STR_TO_DATE('25/11/2022 14:00', '%d/%m/%Y %H:%i'), '70248594441', '99177804652');
INSERT INTO randevu VALUES ('435765154', 'Ameliyat', STR_TO_DATE('06/09/2022 14:00', '%d/%m/%Y %H:%i'), '88658797045', '89963380939');
INSERT INTO randevu VALUES ('802584963', 'Ameliyat', STR_TO_DATE('02/07/2022 14:00', '%d/%m/%Y %H:%i'), '20145772152', '42076419130');
INSERT INTO randevu VALUES ('897119750', 'Muayene', STR_TO_DATE('08/09/2022 15:00', '%d/%m/%Y %H:%i'), '82443914229', '65933136203');
INSERT INTO randevu VALUES ('935238881', 'Ameliyat', STR_TO_DATE('17/11/2022 13:00', '%d/%m/%Y %H:%i'), '32372050568', '22992576044');
INSERT INTO randevu VALUES ('845918870', 'Ameliyat', STR_TO_DATE('07/07/2022 09:00', '%d/%m/%Y %H:%i'), '21930037452', '93920997703');
INSERT INTO randevu VALUES ('710394824', 'Kontrol', STR_TO_DATE('29/08/2022 10:00', '%d/%m/%Y %H:%i'), '64456219855', '85536062540');
INSERT INTO randevu VALUES ('154442328', 'Ameliyat', STR_TO_DATE('28/09/2022 12:00', '%d/%m/%Y %H:%i'), '61520737929', '32305115844');
INSERT INTO randevu VALUES ('876294223', 'Muayene', STR_TO_DATE('26/11/2022 08:00', '%d/%m/%Y %H:%i'), '61520737929', '26512754582');
INSERT INTO randevu VALUES ('757659669', 'Ameliyat', STR_TO_DATE('05/10/2022 11:00', '%d/%m/%Y %H:%i'), '18415486066', '55606560116');
INSERT INTO randevu VALUES ('854952295', 'Muayene', STR_TO_DATE('01/11/2022 12:00', '%d/%m/%Y %H:%i'), '73201070747', '33806737602');
INSERT INTO randevu VALUES ('373790190', 'Ameliyat', STR_TO_DATE('08/10/2022 15:00', '%d/%m/%Y %H:%i'), '84208706741', '35698962330');
INSERT INTO randevu VALUES ('823903029', 'Ameliyat', STR_TO_DATE('02/10/2022 14:00', '%d/%m/%Y %H:%i'), '46600677643', '56131698012');
INSERT INTO randevu VALUES ('479068414', 'Ameliyat', STR_TO_DATE('09/07/2022 15:00', '%d/%m/%Y %H:%i'), '89695271142', '60321538367');
INSERT INTO randevu VALUES ('611103733', 'Muayene', STR_TO_DATE('04/10/2022 11:00', '%d/%m/%Y %H:%i'), '84208706741', '12051225301');
INSERT INTO randevu VALUES ('636161714', 'Muayene', STR_TO_DATE('14/12/2022 12:00', '%d/%m/%Y %H:%i'), '80846704118', '72504315899');
INSERT INTO randevu VALUES ('537340774', 'Muayene', STR_TO_DATE('06/09/2022 13:00', '%d/%m/%Y %H:%i'), '10035244416', '76218519830');
INSERT INTO randevu VALUES ('803114890', 'Muayene', STR_TO_DATE('13/12/2022 11:00', '%d/%m/%Y %H:%i'), '22570734093', '76034864533');
INSERT INTO randevu VALUES ('721110201', 'Muayene', STR_TO_DATE('07/11/2022 12:00', '%d/%m/%Y %H:%i'), '47762348911', '66902990139');
INSERT INTO randevu VALUES ('604178507', 'Muayene', STR_TO_DATE('18/11/2022 12:00', '%d/%m/%Y %H:%i'), '59893978600', '86568973142');
INSERT INTO randevu VALUES ('977089758', 'Muayene', STR_TO_DATE('10/07/2022 12:00', '%d/%m/%Y %H:%i'), '98622734180', '53429385545');
INSERT INTO randevu VALUES ('723986562', 'Kontrol', STR_TO_DATE('21/12/2022 08:00', '%d/%m/%Y %H:%i'), '22570734093', '57876944726');
INSERT INTO randevu VALUES ('415397544', 'Kontrol', STR_TO_DATE('14/10/2022 11:00', '%d/%m/%Y %H:%i'), '65991602270', '62044386871');
INSERT INTO randevu VALUES ('843066111', 'Muayene', STR_TO_DATE('09/08/2022 09:00', '%d/%m/%Y %H:%i'), '43833958803', '69264558227');
INSERT INTO randevu VALUES ('489888840', 'Ameliyat', STR_TO_DATE('04/12/2022 12:00', '%d/%m/%Y %H:%i'), '73201070747', '14892796540');
INSERT INTO randevu VALUES ('840801273', 'Kontrol', STR_TO_DATE('22/12/2022 08:00', '%d/%m/%Y %H:%i'), '67291775774', '86786856174');
INSERT INTO randevu VALUES ('548632686', 'Ameliyat', STR_TO_DATE('17/08/2022 11:00', '%d/%m/%Y %H:%i'), '18415486066', '77692221994');
INSERT INTO randevu VALUES ('720699795', 'Kontrol', STR_TO_DATE('29/07/2022 10:00', '%d/%m/%Y %H:%i'), '53029284266', '48294924385');
INSERT INTO randevu VALUES ('359589918', 'Ameliyat', STR_TO_DATE('10/07/2022 08:00', '%d/%m/%Y %H:%i'), '77934983467', '13970319334');
INSERT INTO randevu VALUES ('845376084', 'Kontrol', STR_TO_DATE('28/07/2022 12:00', '%d/%m/%Y %H:%i'), '59893978600', '46369470840');
INSERT INTO randevu VALUES ('522406489', 'Ameliyat', STR_TO_DATE('01/07/2022 08:00', '%d/%m/%Y %H:%i'), '47762348911', '83853919544');
INSERT INTO randevu VALUES ('330075107', 'Muayene', STR_TO_DATE('02/08/2022 09:00', '%d/%m/%Y %H:%i'), '76736600774', '98362748229');
INSERT INTO randevu VALUES ('387715755', 'Kontrol', STR_TO_DATE('27/09/2022 08:00', '%d/%m/%Y %H:%i'), '53029284266', '21446691901');
INSERT INTO randevu VALUES ('315795645', 'Ameliyat', STR_TO_DATE('27/07/2022 13:00', '%d/%m/%Y %H:%i'), '67291775774', '70132627468');
INSERT INTO randevu VALUES ('127407700', 'Kontrol', STR_TO_DATE('18/10/2022 15:00', '%d/%m/%Y %H:%i'), '10035244416', '29322421572');
INSERT INTO randevu VALUES ('527698386', 'Muayene', STR_TO_DATE('11/09/2022 14:00', '%d/%m/%Y %H:%i'), '18415486066', '82663220495');
INSERT INTO randevu VALUES ('235189352', 'Kontrol', STR_TO_DATE('06/09/2022 11:00', '%d/%m/%Y %H:%i'), '73201070747', '93992192003');
INSERT INTO randevu VALUES ('358340972', 'Ameliyat', STR_TO_DATE('17/12/2022 15:00', '%d/%m/%Y %H:%i'), '98622734180', '91476274050');
INSERT INTO randevu VALUES ('185281400', 'Ameliyat', STR_TO_DATE('15/07/2022 14:00', '%d/%m/%Y %H:%i'), '76736600774', '55856503359');
INSERT INTO randevu VALUES ('623782147', 'Ameliyat', STR_TO_DATE('27/07/2022 13:00', '%d/%m/%Y %H:%i'), '20145772152', '54602547192');
INSERT INTO randevu VALUES ('385084521', 'Kontrol', STR_TO_DATE('06/10/2022 11:00', '%d/%m/%Y %H:%i'), '59893978600', '16798558690');
INSERT INTO randevu VALUES ('560336437', 'Kontrol', STR_TO_DATE('13/12/2022 15:00', '%d/%m/%Y %H:%i'), '66618076646', '22224235636');
INSERT INTO randevu VALUES ('229098610', 'Muayene', STR_TO_DATE('23/08/2022 09:00', '%d/%m/%Y %H:%i'), '65991602270', '65710009693');
INSERT INTO randevu VALUES ('414119015', 'Kontrol', STR_TO_DATE('11/07/2022 11:00', '%d/%m/%Y %H:%i'), '67944664167', '21770230896');
INSERT INTO randevu VALUES ('881533878', 'Kontrol', STR_TO_DATE('25/09/2022 10:00', '%d/%m/%Y %H:%i'), '98622734180', '60321538367');
INSERT INTO randevu VALUES ('929656553', 'Ameliyat', STR_TO_DATE('08/09/2022 14:00', '%d/%m/%Y %H:%i'), '18415486066', '70241300731');
INSERT INTO randevu VALUES ('732862695', 'Kontrol', STR_TO_DATE('15/09/2022 14:00', '%d/%m/%Y %H:%i'), '53029284266', '89193500263');
INSERT INTO randevu VALUES ('681500723', 'Kontrol', STR_TO_DATE('10/09/2022 13:00', '%d/%m/%Y %H:%i'), '53029284266', '86786856174');
INSERT INTO randevu VALUES ('255804390', 'Muayene', STR_TO_DATE('28/10/2022 08:00', '%d/%m/%Y %H:%i'), '97474614576', '49371712541');
INSERT INTO randevu VALUES ('882528075', 'Ameliyat', STR_TO_DATE('22/11/2022 10:00', '%d/%m/%Y %H:%i'), '28286335055', '57352372841');
INSERT INTO randevu VALUES ('568114432', 'Muayene', STR_TO_DATE('05/12/2022 08:00', '%d/%m/%Y %H:%i'), '18415486066', '10671022668');
INSERT INTO randevu VALUES ('962044868', 'Muayene', STR_TO_DATE('14/07/2022 08:00', '%d/%m/%Y %H:%i'), '79459874964', '42362679961');
INSERT INTO randevu VALUES ('983678351', 'Muayene', STR_TO_DATE('07/09/2022 10:00', '%d/%m/%Y %H:%i'), '19470889216', '76567502894');
INSERT INTO randevu VALUES ('638566658', 'Kontrol', STR_TO_DATE('28/08/2022 15:00', '%d/%m/%Y %H:%i'), '21930037452', '61725179366');
INSERT INTO randevu VALUES ('818260490', 'Muayene', STR_TO_DATE('09/09/2022 12:00', '%d/%m/%Y %H:%i'), '67944664167', '76560449815');
INSERT INTO randevu VALUES ('498699340', 'Ameliyat', STR_TO_DATE('03/08/2022 13:00', '%d/%m/%Y %H:%i'), '97474614576', '16463387566');
INSERT INTO randevu VALUES ('504274562', 'Ameliyat', STR_TO_DATE('17/08/2022 14:00', '%d/%m/%Y %H:%i'), '80846704118', '41486604078');
INSERT INTO randevu VALUES ('138755825', 'Muayene', STR_TO_DATE('24/09/2022 09:00', '%d/%m/%Y %H:%i'), '88658797045', '61079721699');
INSERT INTO randevu VALUES ('923521235', 'Ameliyat', STR_TO_DATE('17/12/2022 13:00', '%d/%m/%Y %H:%i'), '84208706741', '15513787328');
INSERT INTO randevu VALUES ('108885756', 'Kontrol', STR_TO_DATE('27/11/2022 11:00', '%d/%m/%Y %H:%i'), '52411851733', '50568152076');
INSERT INTO randevu VALUES ('735556028', 'Muayene', STR_TO_DATE('24/12/2022 10:00', '%d/%m/%Y %H:%i'), '82443914229', '75512960156');
INSERT INTO randevu VALUES ('483744737', 'Ameliyat', STR_TO_DATE('10/09/2022 14:00', '%d/%m/%Y %H:%i'), '32372050568', '59265849747');
INSERT INTO randevu VALUES ('287326281', 'Muayene', STR_TO_DATE('15/07/2022 15:00', '%d/%m/%Y %H:%i'), '97474614576', '88256108357');
INSERT INTO randevu VALUES ('986166547', 'Ameliyat', STR_TO_DATE('22/08/2022 11:00', '%d/%m/%Y %H:%i'), '89695271142', '84579671639');
INSERT INTO randevu VALUES ('694089810', 'Ameliyat', STR_TO_DATE('02/12/2022 14:00', '%d/%m/%Y %H:%i'), '32372050568', '66716073993');
INSERT INTO randevu VALUES ('265321251', 'Kontrol', STR_TO_DATE('09/08/2022 12:00', '%d/%m/%Y %H:%i'), '28024505503', '53807029750');
INSERT INTO randevu VALUES ('876545900', 'Muayene', STR_TO_DATE('24/07/2022 08:00', '%d/%m/%Y %H:%i'), '53929453068', '72459767570');
INSERT INTO randevu VALUES ('167110472', 'Muayene', STR_TO_DATE('27/09/2022 11:00', '%d/%m/%Y %H:%i'), '21930037452', '55441745482');
INSERT INTO randevu VALUES ('557875869', 'Ameliyat', STR_TO_DATE('24/12/2022 09:00', '%d/%m/%Y %H:%i'), '59893978600', '34002575425');
INSERT INTO randevu VALUES ('169935202', 'Ameliyat', STR_TO_DATE('04/08/2022 08:00', '%d/%m/%Y %H:%i'), '46722762942', '54721206763');
INSERT INTO randevu VALUES ('286241326', 'Ameliyat', STR_TO_DATE('19/07/2022 08:00', '%d/%m/%Y %H:%i'), '22836235522', '63536107997');
INSERT INTO randevu VALUES ('242867060', 'Kontrol', STR_TO_DATE('22/10/2022 15:00', '%d/%m/%Y %H:%i'), '67291775774', '46075701498');
INSERT INTO randevu VALUES ('556027078', 'Ameliyat', STR_TO_DATE('19/10/2022 11:00', '%d/%m/%Y %H:%i'), '76736600774', '77894551468');
INSERT INTO randevu VALUES ('186865246', 'Ameliyat', STR_TO_DATE('28/11/2022 10:00', '%d/%m/%Y %H:%i'), '89695271142', '35178622464');
INSERT INTO randevu VALUES ('786043484', 'Muayene', STR_TO_DATE('12/08/2022 14:00', '%d/%m/%Y %H:%i'), '22836235522', '11237740799');
INSERT INTO randevu VALUES ('499350627', 'Muayene', STR_TO_DATE('16/09/2022 08:00', '%d/%m/%Y %H:%i'), '22836235522', '63307481802');
INSERT INTO randevu VALUES ('184885928', 'Kontrol', STR_TO_DATE('20/08/2022 13:00', '%d/%m/%Y %H:%i'), '66618076646', '53618993029');
INSERT INTO randevu VALUES ('359338524', 'Muayene', STR_TO_DATE('28/12/2022 13:00', '%d/%m/%Y %H:%i'), '53029284266', '37351433841');
INSERT INTO randevu VALUES ('914341780', 'Muayene', STR_TO_DATE('20/07/2022 12:00', '%d/%m/%Y %H:%i'), '18066618380', '49788065164');
INSERT INTO randevu VALUES ('876232948', 'Kontrol', STR_TO_DATE('01/12/2022 12:00', '%d/%m/%Y %H:%i'), '52411851733', '88256108357');
INSERT INTO randevu VALUES ('462560160', 'Ameliyat', STR_TO_DATE('24/10/2022 09:00', '%d/%m/%Y %H:%i'), '64456219855', '18934596783');
INSERT INTO randevu VALUES ('486243959', 'Ameliyat', STR_TO_DATE('03/12/2022 14:00', '%d/%m/%Y %H:%i'), '46722762942', '48352382923');
INSERT INTO randevu VALUES ('984100179', 'Ameliyat', STR_TO_DATE('12/12/2022 09:00', '%d/%m/%Y %H:%i'), '20145772152', '93029816092');
INSERT INTO randevu VALUES ('158677429', 'Kontrol', STR_TO_DATE('17/12/2022 15:00', '%d/%m/%Y %H:%i'), '52411851733', '81117813795');
INSERT INTO randevu VALUES ('824992130', 'Kontrol', STR_TO_DATE('04/10/2022 15:00', '%d/%m/%Y %H:%i'), '67944664167', '99948877422');
INSERT INTO randevu VALUES ('328260678', 'Ameliyat', STR_TO_DATE('01/09/2022 11:00', '%d/%m/%Y %H:%i'), '58883871945', '32190363886');
INSERT INTO randevu VALUES ('528422839', 'Ameliyat', STR_TO_DATE('14/09/2022 09:00', '%d/%m/%Y %H:%i'), '88658797045', '58920564253');
INSERT INTO randevu VALUES ('219960926', 'Muayene', STR_TO_DATE('09/08/2022 10:00', '%d/%m/%Y %H:%i'), '28286335055', '15492498541');
INSERT INTO randevu VALUES ('658025044', 'Muayene', STR_TO_DATE('23/08/2022 15:00', '%d/%m/%Y %H:%i'), '22836235522', '33627020868');
INSERT INTO randevu VALUES ('829211632', 'Muayene', STR_TO_DATE('15/12/2022 11:00', '%d/%m/%Y %H:%i'), '77934983467', '61879702662');
INSERT INTO randevu VALUES ('445880009', 'Ameliyat', STR_TO_DATE('14/12/2022 13:00', '%d/%m/%Y %H:%i'), '76736600774', '99242923854');
INSERT INTO randevu VALUES ('385170660', 'Ameliyat', STR_TO_DATE('17/10/2022 14:00', '%d/%m/%Y %H:%i'), '53929453068', '29056730300');
INSERT INTO randevu VALUES ('933043992', 'Kontrol', STR_TO_DATE('29/11/2022 09:00', '%d/%m/%Y %H:%i'), '28024505503', '46937161506');
INSERT INTO randevu VALUES ('372122422', 'Muayene', STR_TO_DATE('05/11/2022 11:00', '%d/%m/%Y %H:%i'), '53929453068', '33099107495');
INSERT INTO randevu VALUES ('196514236', 'Muayene', STR_TO_DATE('29/11/2022 09:00', '%d/%m/%Y %H:%i'), '53929453068', '90284127634');
INSERT INTO randevu VALUES ('289451824', 'Muayene', STR_TO_DATE('09/09/2022 10:00', '%d/%m/%Y %H:%i'), '84208706741', '54602547192');
INSERT INTO randevu VALUES ('522072444', 'Ameliyat', STR_TO_DATE('09/07/2022 13:00', '%d/%m/%Y %H:%i'), '28286335055', '34714158235');
INSERT INTO randevu VALUES ('762644826', 'Kontrol', STR_TO_DATE('21/07/2022 11:00', '%d/%m/%Y %H:%i'), '67944664167', '46937032977');
INSERT INTO randevu VALUES ('108998344', 'Ameliyat', STR_TO_DATE('05/09/2022 09:00', '%d/%m/%Y %H:%i'), '64456219855', '73760687190');
INSERT INTO randevu VALUES ('368075700', 'Ameliyat', STR_TO_DATE('24/11/2022 10:00', '%d/%m/%Y %H:%i'), '53929453068', '25308524124');
INSERT INTO randevu VALUES ('768029702', 'Ameliyat', STR_TO_DATE('05/11/2022 10:00', '%d/%m/%Y %H:%i'), '18066618380', '16463387566');
INSERT INTO randevu VALUES ('409930613', 'Ameliyat', STR_TO_DATE('06/08/2022 12:00', '%d/%m/%Y %H:%i'), '82443914229', '41161690290');
INSERT INTO randevu VALUES ('984634993', 'Muayene', STR_TO_DATE('14/10/2022 11:00', '%d/%m/%Y %H:%i'), '67944664167', '46517622478');
INSERT INTO randevu VALUES ('551658807', 'Kontrol', STR_TO_DATE('22/09/2022 08:00', '%d/%m/%Y %H:%i'), '47762348911', '96383716371');
INSERT INTO randevu VALUES ('833236310', 'Kontrol', STR_TO_DATE('21/08/2022 08:00', '%d/%m/%Y %H:%i'), '20145772152', '15998684040');
INSERT INTO randevu VALUES ('397908012', 'Muayene', STR_TO_DATE('25/10/2022 08:00', '%d/%m/%Y %H:%i'), '43833958803', '48847301098');
INSERT INTO randevu VALUES ('686433333', 'Kontrol', STR_TO_DATE('13/11/2022 11:00', '%d/%m/%Y %H:%i'), '53929453068', '29198332531');
INSERT INTO randevu VALUES ('154628022', 'Muayene', STR_TO_DATE('15/11/2022 14:00', '%d/%m/%Y %H:%i'), '82443914229', '36703385870');
INSERT INTO randevu VALUES ('413233493', 'Kontrol', STR_TO_DATE('22/12/2022 09:00', '%d/%m/%Y %H:%i'), '58883871945', '76409682447');
INSERT INTO randevu VALUES ('464517360', 'Kontrol', STR_TO_DATE('10/12/2022 11:00', '%d/%m/%Y %H:%i'), '73201070747', '32007948966');
INSERT INTO randevu VALUES ('990048913', 'Kontrol', STR_TO_DATE('26/07/2022 15:00', '%d/%m/%Y %H:%i'), '58883871945', '76694062628');
INSERT INTO randevu VALUES ('266630226', 'Ameliyat', STR_TO_DATE('20/11/2022 12:00', '%d/%m/%Y %H:%i'), '98622734180', '89262177625');
INSERT INTO randevu VALUES ('725505557', 'Muayene', STR_TO_DATE('18/10/2022 08:00', '%d/%m/%Y %H:%i'), '19470889216', '84979887453');
INSERT INTO randevu VALUES ('424036992', 'Ameliyat', STR_TO_DATE('19/08/2022 12:00', '%d/%m/%Y %H:%i'), '46600677643', '84996051906');
INSERT INTO randevu VALUES ('331857240', 'Ameliyat', STR_TO_DATE('27/12/2022 08:00', '%d/%m/%Y %H:%i'), '10035244416', '41739905645');
INSERT INTO randevu VALUES ('274350504', 'Ameliyat', STR_TO_DATE('27/11/2022 13:00', '%d/%m/%Y %H:%i'), '67291775774', '58559820694');
INSERT INTO randevu VALUES ('937535317', 'Ameliyat', STR_TO_DATE('05/10/2022 14:00', '%d/%m/%Y %H:%i'), '82443914229', '61164386039');
INSERT INTO randevu VALUES ('527614338', 'Kontrol', STR_TO_DATE('01/07/2022 10:00', '%d/%m/%Y %H:%i'), '28286335055', '71081272329');
INSERT INTO randevu VALUES ('497510464', 'Kontrol', STR_TO_DATE('16/08/2022 08:00', '%d/%m/%Y %H:%i'), '67291775774', '10295415179');
INSERT INTO randevu VALUES ('850673889', 'Muayene', STR_TO_DATE('10/08/2022 13:00', '%d/%m/%Y %H:%i'), '58883871945', '53807029750');
INSERT INTO randevu VALUES ('689430428', 'Ameliyat', STR_TO_DATE('13/09/2022 14:00', '%d/%m/%Y %H:%i'), '28024505503', '20087212906');
INSERT INTO randevu VALUES ('917346254', 'Ameliyat', STR_TO_DATE('10/10/2022 12:00', '%d/%m/%Y %H:%i'), '43833958803', '98236295867');
INSERT INTO randevu VALUES ('751284560', 'Ameliyat', STR_TO_DATE('20/09/2022 10:00', '%d/%m/%Y %H:%i'), '89695271142', '65210147770');
INSERT INTO randevu VALUES ('698924251', 'Kontrol', STR_TO_DATE('05/10/2022 10:00', '%d/%m/%Y %H:%i'), '67944664167', '77745781511');
INSERT INTO randevu VALUES ('482986980', 'Kontrol', STR_TO_DATE('21/08/2022 11:00', '%d/%m/%Y %H:%i'), '98622734180', '86546322673');
INSERT INTO randevu VALUES ('667393550', 'Kontrol', STR_TO_DATE('18/12/2022 14:00', '%d/%m/%Y %H:%i'), '47762348911', '78222920773');
INSERT INTO randevu VALUES ('842134890', 'Kontrol', STR_TO_DATE('10/11/2022 14:00', '%d/%m/%Y %H:%i'), '18415486066', '58559820694');
INSERT INTO randevu VALUES ('876617440', 'Kontrol', STR_TO_DATE('29/12/2022 13:00', '%d/%m/%Y %H:%i'), '61520737929', '36089075964');
INSERT INTO randevu VALUES ('928642401', 'Ameliyat', STR_TO_DATE('24/12/2022 13:00', '%d/%m/%Y %H:%i'), '89695271142', '99733606201');
INSERT INTO randevu VALUES ('399549425', 'Muayene', STR_TO_DATE('12/11/2022 10:00', '%d/%m/%Y %H:%i'), '20145772152', '80633619846');
INSERT INTO randevu VALUES ('314842170', 'Ameliyat', STR_TO_DATE('19/09/2022 08:00', '%d/%m/%Y %H:%i'), '70248594441', '44165235937');
INSERT INTO randevu VALUES ('522530688', 'Ameliyat', STR_TO_DATE('12/11/2022 12:00', '%d/%m/%Y %H:%i'), '65991602270', '48270727070');
INSERT INTO randevu VALUES ('581091707', 'Kontrol', STR_TO_DATE('25/11/2022 11:00', '%d/%m/%Y %H:%i'), '58883871945', '89488562516');
INSERT INTO randevu VALUES ('856438003', 'Ameliyat', STR_TO_DATE('13/10/2022 11:00', '%d/%m/%Y %H:%i'), '47762348911', '89419572757');
INSERT INTO randevu VALUES ('131625733', 'Kontrol', STR_TO_DATE('01/08/2022 09:00', '%d/%m/%Y %H:%i'), '79459874964', '12353460072');
INSERT INTO randevu VALUES ('128924175', 'Ameliyat', STR_TO_DATE('29/07/2022 11:00', '%d/%m/%Y %H:%i'), '46600677643', '71330829300');
INSERT INTO randevu VALUES ('457543836', 'Ameliyat', STR_TO_DATE('20/12/2022 11:00', '%d/%m/%Y %H:%i'), '21930037452', '65933136203');
INSERT INTO randevu VALUES ('485691515', 'Muayene', STR_TO_DATE('28/07/2022 10:00', '%d/%m/%Y %H:%i'), '76736600774', '22285447315');
INSERT INTO randevu VALUES ('874747843', 'Kontrol', STR_TO_DATE('15/11/2022 12:00', '%d/%m/%Y %H:%i'), '84208706741', '65933136203');
INSERT INTO randevu VALUES ('834862718', 'Kontrol', STR_TO_DATE('07/09/2022 15:00', '%d/%m/%Y %H:%i'), '73201070747', '61725179366');
INSERT INTO randevu VALUES ('749794776', 'Kontrol', STR_TO_DATE('07/08/2022 10:00', '%d/%m/%Y %H:%i'), '28286335055', '56131698012');
INSERT INTO randevu VALUES ('241470080', 'Muayene', STR_TO_DATE('13/08/2022 11:00', '%d/%m/%Y %H:%i'), '97474614576', '74852315170');
INSERT INTO randevu VALUES ('285535699', 'Ameliyat', STR_TO_DATE('06/09/2022 10:00', '%d/%m/%Y %H:%i'), '59893978600', '44864494824');
INSERT INTO randevu VALUES ('701276298', 'Muayene', STR_TO_DATE('14/11/2022 12:00', '%d/%m/%Y %H:%i'), '18066618380', '25487489779');
INSERT INTO randevu VALUES ('598926973', 'Ameliyat', STR_TO_DATE('12/09/2022 12:00', '%d/%m/%Y %H:%i'), '22836235522', '62768887679');
INSERT INTO randevu VALUES ('648356582', 'Kontrol', STR_TO_DATE('07/12/2022 10:00', '%d/%m/%Y %H:%i'), '79459874964', '55606560116');
INSERT INTO randevu VALUES ('941523284', 'Muayene', STR_TO_DATE('25/07/2022 11:00', '%d/%m/%Y %H:%i'), '80846704118', '29765079064');
INSERT INTO randevu VALUES ('353935550', 'Muayene', STR_TO_DATE('16/12/2022 15:00', '%d/%m/%Y %H:%i'), '64456219855', '17693514062');
INSERT INTO randevu VALUES ('340420137', 'Kontrol', STR_TO_DATE('18/10/2022 09:00', '%d/%m/%Y %H:%i'), '71081846132', '69936930204');
INSERT INTO randevu VALUES ('610697422', 'Kontrol', STR_TO_DATE('26/08/2022 12:00', '%d/%m/%Y %H:%i'), '80846704118', '80228254089');
INSERT INTO randevu VALUES ('693915386', 'Ameliyat', STR_TO_DATE('11/07/2022 13:00', '%d/%m/%Y %H:%i'), '61520737929', '77024391453');
INSERT INTO randevu VALUES ('469911003', 'Ameliyat', STR_TO_DATE('18/08/2022 14:00', '%d/%m/%Y %H:%i'), '67944664167', '53618993029');
INSERT INTO randevu VALUES ('799480541', 'Kontrol', STR_TO_DATE('05/10/2022 13:00', '%d/%m/%Y %H:%i'), '10035244416', '66912416340');
INSERT INTO randevu VALUES ('285264483', 'Kontrol', STR_TO_DATE('01/11/2022 14:00', '%d/%m/%Y %H:%i'), '32372050568', '70929781601');
INSERT INTO randevu VALUES ('495569200', 'Kontrol', STR_TO_DATE('01/09/2022 14:00', '%d/%m/%Y %H:%i'), '64456219855', '12632685087');
INSERT INTO randevu VALUES ('795549607', 'Muayene', STR_TO_DATE('09/09/2022 10:00', '%d/%m/%Y %H:%i'), '59893978600', '37351433841');
INSERT INTO randevu VALUES ('618716685', 'Muayene', STR_TO_DATE('04/11/2022 15:00', '%d/%m/%Y %H:%i'), '61520737929', '87021833606');
INSERT INTO randevu VALUES ('293688312', 'Muayene', STR_TO_DATE('03/08/2022 11:00', '%d/%m/%Y %H:%i'), '61520737929', '77569111610');
INSERT INTO randevu VALUES ('471145931', 'Muayene', STR_TO_DATE('19/09/2022 11:00', '%d/%m/%Y %H:%i'), '80846704118', '88852707117');
INSERT INTO randevu VALUES ('980231044', 'Kontrol', STR_TO_DATE('01/12/2022 09:00', '%d/%m/%Y %H:%i'), '46600677643', '39491076875');
INSERT INTO randevu VALUES ('234760966', 'Kontrol', STR_TO_DATE('27/08/2022 12:00', '%d/%m/%Y %H:%i'), '71081846132', '24461294083');
INSERT INTO randevu VALUES ('886285582', 'Ameliyat', STR_TO_DATE('01/12/2022 14:00', '%d/%m/%Y %H:%i'), '53029284266', '32329910142');
INSERT INTO randevu VALUES ('145242240', 'Kontrol', STR_TO_DATE('05/10/2022 14:00', '%d/%m/%Y %H:%i'), '28024505503', '36372616384');
INSERT INTO randevu VALUES ('541755392', 'Ameliyat', STR_TO_DATE('08/08/2022 08:00', '%d/%m/%Y %H:%i'), '28024505503', '42020897624');
INSERT INTO randevu VALUES ('930956062', 'Muayene', STR_TO_DATE('26/09/2022 15:00', '%d/%m/%Y %H:%i'), '20145772152', '63007503627');
INSERT INTO randevu VALUES ('431709267', 'Kontrol', STR_TO_DATE('19/08/2022 11:00', '%d/%m/%Y %H:%i'), '43833958803', '62044386871');
INSERT INTO randevu VALUES ('198531371', 'Muayene', STR_TO_DATE('08/10/2022 15:00', '%d/%m/%Y %H:%i'), '10035244416', '78539139545');
INSERT INTO randevu VALUES ('433907347', 'Ameliyat', STR_TO_DATE('05/08/2022 08:00', '%d/%m/%Y %H:%i'), '88658797045', '24435503054');
INSERT INTO randevu VALUES ('826246078', 'Ameliyat', STR_TO_DATE('28/10/2022 11:00', '%d/%m/%Y %H:%i'), '76736600774', '44740264849');
INSERT INTO randevu VALUES ('224836118', 'Ameliyat', STR_TO_DATE('10/08/2022 12:00', '%d/%m/%Y %H:%i'), '64456219855', '48352382923');
INSERT INTO randevu VALUES ('856769243', 'Ameliyat', STR_TO_DATE('01/10/2022 13:00', '%d/%m/%Y %H:%i'), '79459874964', '11237740799');
INSERT INTO randevu VALUES ('602196304', 'Kontrol', STR_TO_DATE('24/10/2022 11:00', '%d/%m/%Y %H:%i'), '65991602270', '54286074283');
INSERT INTO randevu VALUES ('260905411', 'Ameliyat', STR_TO_DATE('01/07/2022 12:00', '%d/%m/%Y %H:%i'), '28024505503', '29943909742');
INSERT INTO randevu VALUES ('994373438', 'Kontrol', STR_TO_DATE('14/10/2022 09:00', '%d/%m/%Y %H:%i'), '98622734180', '72927040822');
INSERT INTO randevu VALUES ('996319454', 'Muayene', STR_TO_DATE('28/08/2022 10:00', '%d/%m/%Y %H:%i'), '46600677643', '73910251415');
INSERT INTO randevu VALUES ('810867778', 'Ameliyat', STR_TO_DATE('17/09/2022 13:00', '%d/%m/%Y %H:%i'), '53929453068', '77796728330');
INSERT INTO randevu VALUES ('108878692', 'Ameliyat', STR_TO_DATE('13/10/2022 15:00', '%d/%m/%Y %H:%i'), '64456219855', '91829149077');
INSERT INTO randevu VALUES ('667241676', 'Ameliyat', STR_TO_DATE('04/10/2022 09:00', '%d/%m/%Y %H:%i'), '59893978600', '84835917941');
INSERT INTO randevu VALUES ('850226339', 'Muayene', STR_TO_DATE('01/07/2022 10:00', '%d/%m/%Y %H:%i'), '97474614576', '61796824185');
INSERT INTO randevu VALUES ('719982006', 'Ameliyat', STR_TO_DATE('20/08/2022 11:00', '%d/%m/%Y %H:%i'), '89695271142', '54057663348');
INSERT INTO randevu VALUES ('513696290', 'Muayene', STR_TO_DATE('14/10/2022 12:00', '%d/%m/%Y %H:%i'), '47762348911', '76409682447');
INSERT INTO randevu VALUES ('587421965', 'Muayene', STR_TO_DATE('12/10/2022 15:00', '%d/%m/%Y %H:%i'), '97474614576', '53896229820');
INSERT INTO randevu VALUES ('297559860', 'Ameliyat', STR_TO_DATE('29/08/2022 10:00', '%d/%m/%Y %H:%i'), '22570734093', '27243367959');
INSERT INTO randevu VALUES ('460092569', 'Kontrol', STR_TO_DATE('14/11/2022 12:00', '%d/%m/%Y %H:%i'), '66618076646', '21455452016');
INSERT INTO randevu VALUES ('385280171', 'Kontrol', STR_TO_DATE('18/07/2022 08:00', '%d/%m/%Y %H:%i'), '52411851733', '52997616421');
INSERT INTO randevu VALUES ('190745392', 'Ameliyat', STR_TO_DATE('11/12/2022 08:00', '%d/%m/%Y %H:%i'), '89695271142', '93460461665');
INSERT INTO randevu VALUES ('692647386', 'Kontrol', STR_TO_DATE('10/10/2022 13:00', '%d/%m/%Y %H:%i'), '84208706741', '25380960803');
INSERT INTO randevu VALUES ('653922546', 'Kontrol', STR_TO_DATE('16/12/2022 12:00', '%d/%m/%Y %H:%i'), '89695271142', '69149356409');
INSERT INTO randevu VALUES ('205071006', 'Ameliyat', STR_TO_DATE('14/09/2022 08:00', '%d/%m/%Y %H:%i'), '22570734093', '88256108357');
INSERT INTO randevu VALUES ('207278594', 'Ameliyat', STR_TO_DATE('22/08/2022 15:00', '%d/%m/%Y %H:%i'), '76736600774', '65477792087');
INSERT INTO randevu VALUES ('727980773', 'Muayene', STR_TO_DATE('11/11/2022 08:00', '%d/%m/%Y %H:%i'), '20145772152', '33932398676');
INSERT INTO randevu VALUES ('755720106', 'Ameliyat', STR_TO_DATE('14/12/2022 15:00', '%d/%m/%Y %H:%i'), '15148002983', '43176221687');
INSERT INTO randevu VALUES ('567481299', 'Kontrol', STR_TO_DATE('12/12/2022 14:00', '%d/%m/%Y %H:%i'), '19470889216', '52692438259');
INSERT INTO randevu VALUES ('170739218', 'Ameliyat', STR_TO_DATE('04/10/2022 09:00', '%d/%m/%Y %H:%i'), '97474614576', '33932398676');
INSERT INTO randevu VALUES ('512121569', 'Ameliyat', STR_TO_DATE('08/10/2022 09:00', '%d/%m/%Y %H:%i'), '73201070747', '58469289764');
INSERT INTO randevu VALUES ('643094942', 'Muayene', STR_TO_DATE('19/07/2022 08:00', '%d/%m/%Y %H:%i'), '53929453068', '62044386871');
INSERT INTO randevu VALUES ('670770586', 'Muayene', STR_TO_DATE('19/12/2022 10:00', '%d/%m/%Y %H:%i'), '73201070747', '62908157279');
INSERT INTO randevu VALUES ('221022580', 'Muayene', STR_TO_DATE('14/10/2022 08:00', '%d/%m/%Y %H:%i'), '19470889216', '95244471361');
INSERT INTO randevu VALUES ('341461726', 'Ameliyat', STR_TO_DATE('11/07/2022 15:00', '%d/%m/%Y %H:%i'), '32372050568', '55350073525');
INSERT INTO randevu VALUES ('493712086', 'Muayene', STR_TO_DATE('22/11/2022 11:00', '%d/%m/%Y %H:%i'), '18066618380', '69224115217');
INSERT INTO randevu VALUES ('846113603', 'Muayene', STR_TO_DATE('04/08/2022 11:00', '%d/%m/%Y %H:%i'), '20145772152', '86809271539');
INSERT INTO randevu VALUES ('361775066', 'Kontrol', STR_TO_DATE('19/07/2022 10:00', '%d/%m/%Y %H:%i'), '89695271142', '81207057002');
INSERT INTO randevu VALUES ('254900892', 'Muayene', STR_TO_DATE('21/07/2022 13:00', '%d/%m/%Y %H:%i'), '79459874964', '89262177625');
INSERT INTO randevu VALUES ('143567918', 'Muayene', STR_TO_DATE('27/12/2022 14:00', '%d/%m/%Y %H:%i'), '19470889216', '47119752702');
INSERT INTO randevu VALUES ('858842279', 'Kontrol', STR_TO_DATE('09/07/2022 12:00', '%d/%m/%Y %H:%i'), '77934983467', '48157612304');
INSERT INTO randevu VALUES ('797438507', 'Muayene', STR_TO_DATE('06/12/2022 09:00', '%d/%m/%Y %H:%i'), '67944664167', '89313622859');
INSERT INTO randevu VALUES ('682314426', 'Ameliyat', STR_TO_DATE('11/10/2022 15:00', '%d/%m/%Y %H:%i'), '21930037452', '19196586622');
INSERT INTO randevu VALUES ('126341990', 'Muayene', STR_TO_DATE('01/10/2022 10:00', '%d/%m/%Y %H:%i'), '84208706741', '31542538279');
INSERT INTO randevu VALUES ('233195074', 'Muayene', STR_TO_DATE('20/11/2022 11:00', '%d/%m/%Y %H:%i'), '32372050568', '55736199018');
INSERT INTO randevu VALUES ('504475692', 'Kontrol', STR_TO_DATE('17/09/2022 13:00', '%d/%m/%Y %H:%i'), '97474614576', '73925439989');
INSERT INTO randevu VALUES ('181500851', 'Muayene', STR_TO_DATE('27/11/2022 13:00', '%d/%m/%Y %H:%i'), '67944664167', '43344841967');
INSERT INTO randevu VALUES ('634212189', 'Muayene', STR_TO_DATE('05/07/2022 11:00', '%d/%m/%Y %H:%i'), '18415486066', '16463387566');
INSERT INTO randevu VALUES ('516234705', 'Ameliyat', STR_TO_DATE('20/07/2022 10:00', '%d/%m/%Y %H:%i'), '98622734180', '97030695189');
INSERT INTO randevu VALUES ('387837605', 'Ameliyat', STR_TO_DATE('27/07/2022 09:00', '%d/%m/%Y %H:%i'), '58883871945', '55736199018');
INSERT INTO randevu VALUES ('400739906', 'Kontrol', STR_TO_DATE('08/09/2022 08:00', '%d/%m/%Y %H:%i'), '58883871945', '98236295867');
INSERT INTO randevu VALUES ('123321417', 'Ameliyat', STR_TO_DATE('07/10/2022 09:00', '%d/%m/%Y %H:%i'), '65991602270', '45410904853');
INSERT INTO randevu VALUES ('987992602', 'Ameliyat', STR_TO_DATE('01/12/2022 08:00', '%d/%m/%Y %H:%i'), '77934983467', '92001702232');
INSERT INTO randevu VALUES ('169895623', 'Muayene', STR_TO_DATE('18/11/2022 10:00', '%d/%m/%Y %H:%i'), '18066618380', '49433244975');
INSERT INTO randevu VALUES ('821521547', 'Kontrol', STR_TO_DATE('12/12/2022 15:00', '%d/%m/%Y %H:%i'), '73201070747', '86588065342');
INSERT INTO randevu VALUES ('192145229', 'Muayene', STR_TO_DATE('19/08/2022 09:00', '%d/%m/%Y %H:%i'), '43833958803', '61943543018');
INSERT INTO randevu VALUES ('241267782', 'Muayene', STR_TO_DATE('01/11/2022 10:00', '%d/%m/%Y %H:%i'), '80846704118', '89489970664');
INSERT INTO randevu VALUES ('345513134', 'Ameliyat', STR_TO_DATE('17/09/2022 10:00', '%d/%m/%Y %H:%i'), '82443914229', '56809683956');
INSERT INTO randevu VALUES ('661338465', 'Ameliyat', STR_TO_DATE('19/09/2022 10:00', '%d/%m/%Y %H:%i'), '80846704118', '27250827405');
INSERT INTO randevu VALUES ('657962384', 'Kontrol', STR_TO_DATE('27/10/2022 15:00', '%d/%m/%Y %H:%i'), '64456219855', '52779852669');
INSERT INTO randevu VALUES ('959106968', 'Muayene', STR_TO_DATE('06/10/2022 10:00', '%d/%m/%Y %H:%i'), '18066618380', '98506895211');
INSERT INTO randevu VALUES ('973139210', 'Ameliyat', STR_TO_DATE('25/12/2022 10:00', '%d/%m/%Y %H:%i'), '28286335055', '27243367959');
INSERT INTO randevu VALUES ('123330291', 'Kontrol', STR_TO_DATE('01/07/2022 14:00', '%d/%m/%Y %H:%i'), '82443914229', '92749734714');
INSERT INTO randevu VALUES ('265737661', 'Muayene', STR_TO_DATE('28/10/2022 09:00', '%d/%m/%Y %H:%i'), '46722762942', '88716481346');
INSERT INTO randevu VALUES ('267043598', 'Kontrol', STR_TO_DATE('25/07/2022 12:00', '%d/%m/%Y %H:%i'), '77934983467', '70906692242');
INSERT INTO randevu VALUES ('722917302', 'Muayene', STR_TO_DATE('15/08/2022 08:00', '%d/%m/%Y %H:%i'), '82443914229', '79155391902');
INSERT INTO randevu VALUES ('425441122', 'Kontrol', STR_TO_DATE('09/11/2022 10:00', '%d/%m/%Y %H:%i'), '28024505503', '76560449815');
INSERT INTO randevu VALUES ('155692764', 'Kontrol', STR_TO_DATE('04/10/2022 08:00', '%d/%m/%Y %H:%i'), '47762348911', '61416842375');
INSERT INTO randevu VALUES ('701605193', 'Ameliyat', STR_TO_DATE('27/10/2022 11:00', '%d/%m/%Y %H:%i'), '47762348911', '16463387566');
INSERT INTO randevu VALUES ('928426685', 'Kontrol', STR_TO_DATE('09/10/2022 13:00', '%d/%m/%Y %H:%i'), '65991602270', '42106947891');
INSERT INTO randevu VALUES ('649755730', 'Ameliyat', STR_TO_DATE('27/07/2022 11:00', '%d/%m/%Y %H:%i'), '88658797045', '58920564253');
INSERT INTO randevu VALUES ('100881955', 'Ameliyat', STR_TO_DATE('10/10/2022 12:00', '%d/%m/%Y %H:%i'), '53029284266', '32329910142');
INSERT INTO randevu VALUES ('824659025', 'Ameliyat', STR_TO_DATE('07/11/2022 11:00', '%d/%m/%Y %H:%i'), '61520737929', '81015358906');
INSERT INTO randevu VALUES ('161115406', 'Kontrol', STR_TO_DATE('17/10/2022 12:00', '%d/%m/%Y %H:%i'), '28024505503', '18831231794');
INSERT INTO randevu VALUES ('557883352', 'Kontrol', STR_TO_DATE('27/12/2022 10:00', '%d/%m/%Y %H:%i'), '22836235522', '96383716371');
INSERT INTO randevu VALUES ('179754012', 'Muayene', STR_TO_DATE('19/11/2022 15:00', '%d/%m/%Y %H:%i'), '98622734180', '78539139545');
INSERT INTO randevu VALUES ('536114776', 'Muayene', STR_TO_DATE('16/10/2022 15:00', '%d/%m/%Y %H:%i'), '52411851733', '80415348202');
INSERT INTO randevu VALUES ('776543522', 'Ameliyat', STR_TO_DATE('19/12/2022 09:00', '%d/%m/%Y %H:%i'), '46600677643', '79155391902');
INSERT INTO randevu VALUES ('828272715', 'Ameliyat', STR_TO_DATE('16/12/2022 13:00', '%d/%m/%Y %H:%i'), '28286335055', '58704261175');
INSERT INTO randevu VALUES ('215559034', 'Muayene', STR_TO_DATE('06/11/2022 13:00', '%d/%m/%Y %H:%i'), '71081846132', '22526814779');
INSERT INTO randevu VALUES ('583201743', 'Ameliyat', STR_TO_DATE('01/11/2022 13:00', '%d/%m/%Y %H:%i'), '22836235522', '74296394018');
INSERT INTO randevu VALUES ('221322546', 'Ameliyat', STR_TO_DATE('16/10/2022 13:00', '%d/%m/%Y %H:%i'), '67291775774', '85392465827');
INSERT INTO randevu VALUES ('637276939', 'Muayene', STR_TO_DATE('04/09/2022 13:00', '%d/%m/%Y %H:%i'), '59893978600', '12189845326');
INSERT INTO randevu VALUES ('930034388', 'Ameliyat', STR_TO_DATE('24/07/2022 08:00', '%d/%m/%Y %H:%i'), '66618076646', '84571083467');
INSERT INTO randevu VALUES ('234175964', 'Muayene', STR_TO_DATE('05/12/2022 11:00', '%d/%m/%Y %H:%i'), '77934983467', '69936930204');
INSERT INTO randevu VALUES ('955207362', 'Ameliyat', STR_TO_DATE('22/11/2022 13:00', '%d/%m/%Y %H:%i'), '53029284266', '32329910142');
INSERT INTO randevu VALUES ('858893292', 'Ameliyat', STR_TO_DATE('03/12/2022 12:00', '%d/%m/%Y %H:%i'), '70248594441', '25911489847');
INSERT INTO randevu VALUES ('974800404', 'Ameliyat', STR_TO_DATE('19/09/2022 11:00', '%d/%m/%Y %H:%i'), '21930037452', '66902990139');
INSERT INTO randevu VALUES ('424509140', 'Ameliyat', STR_TO_DATE('10/09/2022 11:00', '%d/%m/%Y %H:%i'), '22836235522', '21834159459');
INSERT INTO randevu VALUES ('581085119', 'Muayene', STR_TO_DATE('17/12/2022 12:00', '%d/%m/%Y %H:%i'), '28286335055', '21420685189');
INSERT INTO randevu VALUES ('733027829', 'Ameliyat', STR_TO_DATE('07/07/2022 09:00', '%d/%m/%Y %H:%i'), '65991602270', '49524125007');
INSERT INTO randevu VALUES ('540533369', 'Muayene', STR_TO_DATE('09/12/2022 12:00', '%d/%m/%Y %H:%i'), '64456219855', '22020146668');
INSERT INTO randevu VALUES ('623153060', 'Ameliyat', STR_TO_DATE('28/12/2022 15:00', '%d/%m/%Y %H:%i'), '32372050568', '68538949733');
INSERT INTO randevu VALUES ('969889979', 'Kontrol', STR_TO_DATE('29/09/2022 11:00', '%d/%m/%Y %H:%i'), '46722762942', '81094023342');
INSERT INTO randevu VALUES ('940566405', 'Kontrol', STR_TO_DATE('10/07/2022 13:00', '%d/%m/%Y %H:%i'), '18415486066', '88799193930');
INSERT INTO randevu VALUES ('383455204', 'Kontrol', STR_TO_DATE('15/09/2022 13:00', '%d/%m/%Y %H:%i'), '98622734180', '39365858137');
INSERT INTO randevu VALUES ('386251851', 'Ameliyat', STR_TO_DATE('24/12/2022 13:00', '%d/%m/%Y %H:%i'), '18066618380', '96425343244');
INSERT INTO randevu VALUES ('121818280', 'Ameliyat', STR_TO_DATE('17/09/2022 14:00', '%d/%m/%Y %H:%i'), '66618076646', '54616036041');
INSERT INTO randevu VALUES ('932965268', 'Muayene', STR_TO_DATE('05/11/2022 14:00', '%d/%m/%Y %H:%i'), '22836235522', '53618993029');
INSERT INTO randevu VALUES ('312700673', 'Kontrol', STR_TO_DATE('11/08/2022 13:00', '%d/%m/%Y %H:%i'), '66618076646', '53896229820');
INSERT INTO randevu VALUES ('605545119', 'Muayene', STR_TO_DATE('20/09/2022 09:00', '%d/%m/%Y %H:%i'), '43833958803', '45428216854');
INSERT INTO randevu VALUES ('784873783', 'Ameliyat', STR_TO_DATE('03/08/2022 13:00', '%d/%m/%Y %H:%i'), '43833958803', '11771161788');
INSERT INTO randevu VALUES ('224676235', 'Kontrol', STR_TO_DATE('19/09/2022 15:00', '%d/%m/%Y %H:%i'), '71081846132', '35769498392');
INSERT INTO randevu VALUES ('317055741', 'Kontrol', STR_TO_DATE('01/11/2022 09:00', '%d/%m/%Y %H:%i'), '53929453068', '10103588364');
INSERT INTO randevu VALUES ('872990251', 'Kontrol', STR_TO_DATE('27/10/2022 15:00', '%d/%m/%Y %H:%i'), '67291775774', '24470600816');
INSERT INTO randevu VALUES ('965266799', 'Kontrol', STR_TO_DATE('16/08/2022 14:00', '%d/%m/%Y %H:%i'), '52411851733', '19589944827');
INSERT INTO randevu VALUES ('909499570', 'Muayene', STR_TO_DATE('09/08/2022 13:00', '%d/%m/%Y %H:%i'), '80846704118', '61943543018');
INSERT INTO randevu VALUES ('614264359', 'Kontrol', STR_TO_DATE('29/10/2022 09:00', '%d/%m/%Y %H:%i'), '53929453068', '78143523476');
INSERT INTO randevu VALUES ('904987610', 'Ameliyat', STR_TO_DATE('23/07/2022 14:00', '%d/%m/%Y %H:%i'), '15148002983', '90932074202');
INSERT INTO randevu VALUES ('277334469', 'Kontrol', STR_TO_DATE('15/10/2022 15:00', '%d/%m/%Y %H:%i'), '98622734180', '17017819043');
INSERT INTO randevu VALUES ('318341349', 'Kontrol', STR_TO_DATE('29/11/2022 15:00', '%d/%m/%Y %H:%i'), '65991602270', '49217579139');
INSERT INTO randevu VALUES ('921835085', 'Ameliyat', STR_TO_DATE('04/10/2022 13:00', '%d/%m/%Y %H:%i'), '53929453068', '99602628696');
INSERT INTO randevu VALUES ('568131626', 'Ameliyat', STR_TO_DATE('27/09/2022 12:00', '%d/%m/%Y %H:%i'), '10035244416', '80588239686');
INSERT INTO randevu VALUES ('210439730', 'Ameliyat', STR_TO_DATE('21/08/2022 08:00', '%d/%m/%Y %H:%i'), '70248594441', '25558762111');
INSERT INTO randevu VALUES ('919800363', 'Muayene', STR_TO_DATE('23/11/2022 15:00', '%d/%m/%Y %H:%i'), '53929453068', '73925439989');
INSERT INTO randevu VALUES ('436778906', 'Muayene', STR_TO_DATE('10/09/2022 14:00', '%d/%m/%Y %H:%i'), '79459874964', '89489970664');
INSERT INTO randevu VALUES ('815584966', 'Muayene', STR_TO_DATE('01/07/2022 12:00', '%d/%m/%Y %H:%i'), '64456219855', '21371363000');
INSERT INTO randevu VALUES ('452491685', 'Ameliyat', STR_TO_DATE('12/10/2022 12:00', '%d/%m/%Y %H:%i'), '65991602270', '12464083067');
INSERT INTO randevu VALUES ('394345259', 'Muayene', STR_TO_DATE('22/08/2022 11:00', '%d/%m/%Y %H:%i'), '28024505503', '78835449552');
INSERT INTO randevu VALUES ('258384797', 'Ameliyat', STR_TO_DATE('09/11/2022 15:00', '%d/%m/%Y %H:%i'), '80846704118', '20040763519');
INSERT INTO randevu VALUES ('270477505', 'Ameliyat', STR_TO_DATE('28/10/2022 10:00', '%d/%m/%Y %H:%i'), '76736600774', '48339258014');
INSERT INTO randevu VALUES ('925864180', 'Muayene', STR_TO_DATE('17/08/2022 15:00', '%d/%m/%Y %H:%i'), '79459874964', '12051225301');
INSERT INTO randevu VALUES ('180453327', 'Muayene', STR_TO_DATE('01/07/2022 12:00', '%d/%m/%Y %H:%i'), '10035244416', '40738948567');
INSERT INTO randevu VALUES ('526120957', 'Kontrol', STR_TO_DATE('14/09/2022 10:00', '%d/%m/%Y %H:%i'), '59893978600', '68095648104');
INSERT INTO randevu VALUES ('438011020', 'Muayene', STR_TO_DATE('05/12/2022 15:00', '%d/%m/%Y %H:%i'), '67944664167', '73760687190');
INSERT INTO randevu VALUES ('672643182', 'Kontrol', STR_TO_DATE('10/09/2022 11:00', '%d/%m/%Y %H:%i'), '76736600774', '81117813795');
INSERT INTO randevu VALUES ('211219430', 'Ameliyat', STR_TO_DATE('06/08/2022 10:00', '%d/%m/%Y %H:%i'), '61520737929', '13970319334');
INSERT INTO randevu VALUES ('122877353', 'Kontrol', STR_TO_DATE('22/07/2022 08:00', '%d/%m/%Y %H:%i'), '79459874964', '82518491360');
INSERT INTO randevu VALUES ('850557269', 'Ameliyat', STR_TO_DATE('09/07/2022 10:00', '%d/%m/%Y %H:%i'), '73201070747', '58469289764');
INSERT INTO randevu VALUES ('165435923', 'Muayene', STR_TO_DATE('08/11/2022 11:00', '%d/%m/%Y %H:%i'), '46600677643', '57477259271');
INSERT INTO randevu VALUES ('133514573', 'Ameliyat', STR_TO_DATE('22/09/2022 10:00', '%d/%m/%Y %H:%i'), '22570734093', '96425343244');
INSERT INTO randevu VALUES ('409832847', 'Muayene', STR_TO_DATE('28/11/2022 13:00', '%d/%m/%Y %H:%i'), '88658797045', '13077172521');
INSERT INTO randevu VALUES ('904709973', 'Kontrol', STR_TO_DATE('25/09/2022 15:00', '%d/%m/%Y %H:%i'), '66618076646', '77894551468');
INSERT INTO randevu VALUES ('397299580', 'Kontrol', STR_TO_DATE('05/08/2022 08:00', '%d/%m/%Y %H:%i'), '22570734093', '99886584520');
INSERT INTO randevu VALUES ('580627202', 'Muayene', STR_TO_DATE('04/12/2022 11:00', '%d/%m/%Y %H:%i'), '73201070747', '39216925747');
INSERT INTO randevu VALUES ('225446234', 'Ameliyat', STR_TO_DATE('24/07/2022 14:00', '%d/%m/%Y %H:%i'), '70248594441', '43344841967');
INSERT INTO randevu VALUES ('143846935', 'Muayene', STR_TO_DATE('02/11/2022 12:00', '%d/%m/%Y %H:%i'), '22570734093', '98697980343');
INSERT INTO randevu VALUES ('117523486', 'Ameliyat', STR_TO_DATE('08/08/2022 08:00', '%d/%m/%Y %H:%i'), '66618076646', '76409682447');
INSERT INTO randevu VALUES ('702983994', 'Kontrol', STR_TO_DATE('07/07/2022 15:00', '%d/%m/%Y %H:%i'), '21930037452', '90940733656');
INSERT INTO randevu VALUES ('743999298', 'Kontrol', STR_TO_DATE('27/11/2022 10:00', '%d/%m/%Y %H:%i'), '53029284266', '99888189021');
INSERT INTO randevu VALUES ('756355399', 'Ameliyat', STR_TO_DATE('17/11/2022 15:00', '%d/%m/%Y %H:%i'), '82443914229', '82632613980');
INSERT INTO randevu VALUES ('219189276', 'Muayene', STR_TO_DATE('20/07/2022 12:00', '%d/%m/%Y %H:%i'), '97474614576', '69932423357');
INSERT INTO randevu VALUES ('151873950', 'Muayene', STR_TO_DATE('21/09/2022 08:00', '%d/%m/%Y %H:%i'), '21930037452', '38919519067');
INSERT INTO randevu VALUES ('249762639', 'Muayene', STR_TO_DATE('20/08/2022 13:00', '%d/%m/%Y %H:%i'), '84208706741', '25674452456');
INSERT INTO randevu VALUES ('941330846', 'Ameliyat', STR_TO_DATE('24/08/2022 15:00', '%d/%m/%Y %H:%i'), '46722762942', '40288562091');
INSERT INTO randevu VALUES ('885352065', 'Ameliyat', STR_TO_DATE('21/12/2022 09:00', '%d/%m/%Y %H:%i'), '28024505503', '80415348202');
INSERT INTO randevu VALUES ('960446798', 'Ameliyat', STR_TO_DATE('12/10/2022 12:00', '%d/%m/%Y %H:%i'), '21930037452', '39592749938');
INSERT INTO randevu VALUES ('341852179', 'Kontrol', STR_TO_DATE('05/09/2022 09:00', '%d/%m/%Y %H:%i'), '88658797045', '57248534252');
INSERT INTO randevu VALUES ('455907824', 'Kontrol', STR_TO_DATE('04/09/2022 14:00', '%d/%m/%Y %H:%i'), '59893978600', '67548780133');
INSERT INTO randevu VALUES ('739584276', 'Muayene', STR_TO_DATE('20/08/2022 08:00', '%d/%m/%Y %H:%i'), '66618076646', '19821055444');
INSERT INTO randevu VALUES ('280134723', 'Ameliyat', STR_TO_DATE('20/09/2022 09:00', '%d/%m/%Y %H:%i'), '76736600774', '88438697854');
INSERT INTO randevu VALUES ('805311817', 'Muayene', STR_TO_DATE('01/09/2022 12:00', '%d/%m/%Y %H:%i'), '28286335055', '70929781601');
INSERT INTO randevu VALUES ('356779784', 'Kontrol', STR_TO_DATE('28/10/2022 11:00', '%d/%m/%Y %H:%i'), '46600677643', '51621282126');
INSERT INTO randevu VALUES ('208777776', 'Kontrol', STR_TO_DATE('12/07/2022 11:00', '%d/%m/%Y %H:%i'), '43833958803', '76409682447');
INSERT INTO randevu VALUES ('697809984', 'Ameliyat', STR_TO_DATE('20/10/2022 09:00', '%d/%m/%Y %H:%i'), '46722762942', '88502376791');
INSERT INTO randevu VALUES ('764807451', 'Ameliyat', STR_TO_DATE('14/09/2022 13:00', '%d/%m/%Y %H:%i'), '82443914229', '28515436085');
INSERT INTO randevu VALUES ('887199290', 'Kontrol', STR_TO_DATE('20/08/2022 12:00', '%d/%m/%Y %H:%i'), '84208706741', '46870728477');
INSERT INTO randevu VALUES ('578062994', 'Kontrol', STR_TO_DATE('06/10/2022 14:00', '%d/%m/%Y %H:%i'), '66618076646', '31552672556');
INSERT INTO randevu VALUES ('530421762', 'Kontrol', STR_TO_DATE('18/11/2022 15:00', '%d/%m/%Y %H:%i'), '77934983467', '20018276713');
INSERT INTO randevu VALUES ('774263852', 'Ameliyat', STR_TO_DATE('10/07/2022 12:00', '%d/%m/%Y %H:%i'), '58883871945', '68332627781');
INSERT INTO randevu VALUES ('187021772', 'Kontrol', STR_TO_DATE('04/09/2022 14:00', '%d/%m/%Y %H:%i'), '28286335055', '40891045251');
INSERT INTO randevu VALUES ('236811758', 'Kontrol', STR_TO_DATE('26/12/2022 08:00', '%d/%m/%Y %H:%i'), '76736600774', '80778139833');
INSERT INTO randevu VALUES ('155777311', 'Ameliyat', STR_TO_DATE('03/09/2022 10:00', '%d/%m/%Y %H:%i'), '22570734093', '68255853492');
INSERT INTO randevu VALUES ('712889415', 'Ameliyat', STR_TO_DATE('23/09/2022 10:00', '%d/%m/%Y %H:%i'), '53029284266', '98236374308');
INSERT INTO randevu VALUES ('820862505', 'Ameliyat', STR_TO_DATE('04/09/2022 12:00', '%d/%m/%Y %H:%i'), '66618076646', '18810394770');
INSERT INTO randevu VALUES ('549497779', 'Ameliyat', STR_TO_DATE('28/08/2022 08:00', '%d/%m/%Y %H:%i'), '52411851733', '24389799946');
INSERT INTO randevu VALUES ('993455438', 'Kontrol', STR_TO_DATE('19/09/2022 12:00', '%d/%m/%Y %H:%i'), '28286335055', '29056730300');
INSERT INTO randevu VALUES ('294855301', 'Muayene', STR_TO_DATE('09/08/2022 15:00', '%d/%m/%Y %H:%i'), '82443914229', '24040741728');
INSERT INTO randevu VALUES ('480082969', 'Muayene', STR_TO_DATE('05/11/2022 11:00', '%d/%m/%Y %H:%i'), '47762348911', '99802583963');
INSERT INTO randevu VALUES ('835736447', 'Muayene', STR_TO_DATE('13/11/2022 09:00', '%d/%m/%Y %H:%i'), '28286335055', '34813767088');
INSERT INTO randevu VALUES ('211105589', 'Muayene', STR_TO_DATE('02/09/2022 11:00', '%d/%m/%Y %H:%i'), '76736600774', '13629352396');
INSERT INTO randevu VALUES ('180539899', 'Kontrol', STR_TO_DATE('04/11/2022 15:00', '%d/%m/%Y %H:%i'), '28286335055', '72443348902');
INSERT INTO randevu VALUES ('682884240', 'Muayene', STR_TO_DATE('05/12/2022 09:00', '%d/%m/%Y %H:%i'), '67944664167', '82083957788');
INSERT INTO randevu VALUES ('666463649', 'Kontrol', STR_TO_DATE('25/08/2022 11:00', '%d/%m/%Y %H:%i'), '43833958803', '55261315613');
INSERT INTO randevu VALUES ('252604564', 'Ameliyat', STR_TO_DATE('17/08/2022 10:00', '%d/%m/%Y %H:%i'), '46600677643', '73287846088');
INSERT INTO randevu VALUES ('668881633', 'Muayene', STR_TO_DATE('12/08/2022 09:00', '%d/%m/%Y %H:%i'), '70248594441', '11876895174');
INSERT INTO randevu VALUES ('107009841', 'Muayene', STR_TO_DATE('11/07/2022 12:00', '%d/%m/%Y %H:%i'), '22570734093', '31353898301');
INSERT INTO randevu VALUES ('442946746', 'Ameliyat', STR_TO_DATE('23/11/2022 11:00', '%d/%m/%Y %H:%i'), '64456219855', '84979887453');
INSERT INTO randevu VALUES ('678866822', 'Ameliyat', STR_TO_DATE('01/12/2022 15:00', '%d/%m/%Y %H:%i'), '71081846132', '10671022668');
INSERT INTO randevu VALUES ('154278697', 'Ameliyat', STR_TO_DATE('29/07/2022 12:00', '%d/%m/%Y %H:%i'), '28286335055', '10671022668');
INSERT INTO randevu VALUES ('614018313', 'Kontrol', STR_TO_DATE('08/10/2022 09:00', '%d/%m/%Y %H:%i'), '84208706741', '73502145881');
INSERT INTO randevu VALUES ('590088924', 'Muayene', STR_TO_DATE('12/11/2022 08:00', '%d/%m/%Y %H:%i'), '65991602270', '73135069092');
INSERT INTO randevu VALUES ('659181078', 'Muayene', STR_TO_DATE('06/09/2022 08:00', '%d/%m/%Y %H:%i'), '73201070747', '45704206047');
INSERT INTO randevu VALUES ('367692644', 'Ameliyat', STR_TO_DATE('21/12/2022 14:00', '%d/%m/%Y %H:%i'), '19470889216', '96668597920');
INSERT INTO randevu VALUES ('495774545', 'Muayene', STR_TO_DATE('05/10/2022 10:00', '%d/%m/%Y %H:%i'), '59893978600', '24461294083');
INSERT INTO randevu VALUES ('987577328', 'Ameliyat', STR_TO_DATE('14/08/2022 08:00', '%d/%m/%Y %H:%i'), '97474614576', '26772313108');
INSERT INTO randevu VALUES ('265353136', 'Kontrol', STR_TO_DATE('15/12/2022 11:00', '%d/%m/%Y %H:%i'), '47762348911', '59497111604');
INSERT INTO randevu VALUES ('381481560', 'Muayene', STR_TO_DATE('12/08/2022 11:00', '%d/%m/%Y %H:%i'), '22836235522', '55350073525');
INSERT INTO randevu VALUES ('829178042', 'Muayene', STR_TO_DATE('28/09/2022 15:00', '%d/%m/%Y %H:%i'), '79459874964', '27197961649');
INSERT INTO randevu VALUES ('869931636', 'Muayene', STR_TO_DATE('03/07/2022 13:00', '%d/%m/%Y %H:%i'), '73201070747', '91596192910');
INSERT INTO randevu VALUES ('483563639', 'Kontrol', STR_TO_DATE('11/09/2022 15:00', '%d/%m/%Y %H:%i'), '84208706741', '16689290950');
INSERT INTO randevu VALUES ('156320943', 'Muayene', STR_TO_DATE('27/08/2022 14:00', '%d/%m/%Y %H:%i'), '47762348911', '37481546515');
INSERT INTO randevu VALUES ('537863229', 'Kontrol', STR_TO_DATE('08/10/2022 09:00', '%d/%m/%Y %H:%i'), '77934983467', '48733508669');
INSERT INTO randevu VALUES ('809797720', 'Muayene', STR_TO_DATE('10/08/2022 10:00', '%d/%m/%Y %H:%i'), '98622734180', '82083957788');
INSERT INTO randevu VALUES ('646012690', 'Muayene', STR_TO_DATE('21/08/2022 09:00', '%d/%m/%Y %H:%i'), '89695271142', '61725179366');
INSERT INTO randevu VALUES ('513879341', 'Muayene', STR_TO_DATE('23/11/2022 13:00', '%d/%m/%Y %H:%i'), '88658797045', '88716481346');
INSERT INTO randevu VALUES ('897097675', 'Kontrol', STR_TO_DATE('04/12/2022 12:00', '%d/%m/%Y %H:%i'), '89695271142', '92099901683');
INSERT INTO randevu VALUES ('315448921', 'Kontrol', STR_TO_DATE('14/09/2022 10:00', '%d/%m/%Y %H:%i'), '10035244416', '57838397907');
INSERT INTO randevu VALUES ('273884528', 'Muayene', STR_TO_DATE('10/11/2022 12:00', '%d/%m/%Y %H:%i'), '21930037452', '44165235937');
INSERT INTO randevu VALUES ('107885127', 'Muayene', STR_TO_DATE('28/08/2022 09:00', '%d/%m/%Y %H:%i'), '43833958803', '68332627781');
INSERT INTO randevu VALUES ('635659158', 'Muayene', STR_TO_DATE('14/08/2022 11:00', '%d/%m/%Y %H:%i'), '65991602270', '41716039742');
INSERT INTO randevu VALUES ('740466178', 'Ameliyat', STR_TO_DATE('28/08/2022 15:00', '%d/%m/%Y %H:%i'), '67291775774', '52648340165');
INSERT INTO randevu VALUES ('871868593', 'Muayene', STR_TO_DATE('26/10/2022 11:00', '%d/%m/%Y %H:%i'), '80846704118', '53153970170');
INSERT INTO randevu VALUES ('944969656', 'Kontrol', STR_TO_DATE('05/09/2022 09:00', '%d/%m/%Y %H:%i'), '15148002983', '58097333303');
INSERT INTO randevu VALUES ('971119855', 'Ameliyat', STR_TO_DATE('08/08/2022 09:00', '%d/%m/%Y %H:%i'), '61520737929', '25674452456');
INSERT INTO randevu VALUES ('535910940', 'Muayene', STR_TO_DATE('21/08/2022 12:00', '%d/%m/%Y %H:%i'), '64456219855', '74005591259');
INSERT INTO ilac VALUES ('Xanax', 'Agizdan alinir (Sivi)');
INSERT INTO ilac VALUES ('Buprenorphine', 'Agizdan alinir (Kapsul)');
INSERT INTO ilac VALUES ('Fentanyl Patch', 'Deriye surulur (Merhem)');
INSERT INTO ilac VALUES ('Naloxone', 'Agizdan alinir (Tablet)');
INSERT INTO ilac VALUES ('Farxiga', 'Deriye surulur (Losyon)');
INSERT INTO ilac VALUES ('Viagra', 'Damar yoluyla (Igne)');
INSERT INTO ilac VALUES ('Lyrica', 'Agizdan alinir (Kapsul)');
INSERT INTO ilac VALUES ('Dupixent', 'Deriye surulur (Losyon)');
INSERT INTO ilac VALUES ('Rybelsus', 'Deriye surulur (Losyon)');
INSERT INTO ilac VALUES ('Metformin', 'Deriye surulur (Losyon)');
INSERT INTO ilac VALUES ('Gabapentin', 'Agizdan alinir (Sivi)');
INSERT INTO ilac VALUES ('Hydrochlorothiazide', 'Deriye surulur (Merhem)');
INSERT INTO ilac VALUES ('Cyclobenzaprine', 'Deriye surulur (Losyon)');
INSERT INTO ilac VALUES ('Bunavail', 'Deriye surulur (Losyon)');
INSERT INTO ilac VALUES ('Probuphine', 'Agizdan alinir (Sivi)');
INSERT INTO ilac VALUES ('Jardiance', 'Agizdan alinir (surup)');
INSERT INTO ilac VALUES ('Gilenya', 'Agizdan alinir (surup)');
INSERT INTO ilac VALUES ('Sublocade', 'Damar yoluyla (Igne)');
INSERT INTO ilac VALUES ('Prednisone', 'Agizdan alinir (Sivi)');
INSERT INTO ilac VALUES ('Lofexidine', 'Agizdan alinir (Tablet)');
INSERT INTO rapor VALUES ('83325486','154230522','168:00:00','Rapor verildi.','Ise giris raporu');
INSERT INTO rapor VALUES ('89431358','222724487','072:00:00','Rapor verildi.','Ehliyet raporu');
INSERT INTO rapor VALUES ('80924856','624455843','048:00:00','Rapor verildi.','Evlilik raporu');
INSERT INTO rapor VALUES ('29788884','257016431','240:00:00','Rapor verildi.','Ilac raporu');
INSERT INTO rapor VALUES ('89532600','459693412','312:00:00','Rapor verildi.','Ise giris raporu');
INSERT INTO rapor VALUES ('78428345','199436300','240:00:00','Rapor verildi.','Ehliyet raporu');
INSERT INTO rapor VALUES ('58345878','457543836','264:00:00','Rapor verildi.','Evlilik raporu');
INSERT INTO rapor VALUES ('88847153','386251851','336:00:00','Rapor verildi.','Evlilik raporu');
INSERT INTO rapor VALUES ('85852105','325435487','096:00:00','Rapor verildi.','Ise giris raporu');
INSERT INTO rapor VALUES ('56217463','573975753','288:00:00','Rapor verildi.','Ise giris raporu');
INSERT INTO rapor VALUES ('93171022','222724487','216:00:00','Rapor verildi.','Ehliyet raporu');
INSERT INTO rapor VALUES ('38364513','735556028','336:00:00','Rapor verildi.','Evlilik raporu');
INSERT INTO rapor VALUES ('30108264','883132003','240:00:00','Rapor verildi.','Ehliyet raporu');
INSERT INTO rapor VALUES ('87519193','381447587','216:00:00','Rapor verildi.','Ise giris raporu');
INSERT INTO rapor VALUES ('95683263','670770586','168:00:00','Rapor verildi.','Ehliyet raporu');
INSERT INTO rapor VALUES ('89920460','387120829','144:00:00','Rapor verildi.','Is raporu');
INSERT INTO rapor VALUES ('96606761','667393550','096:00:00','Rapor verildi.','Ise giris raporu');
INSERT INTO rapor VALUES ('43210744','658854716','048:00:00','Rapor verildi.','Is raporu');
INSERT INTO rapor VALUES ('44123253','494953949','216:00:00','Rapor verildi.','Evlilik raporu');
INSERT INTO rapor VALUES ('79162321','385158038','144:00:00','Rapor verildi.','Evlilik raporu');
INSERT INTO rapor VALUES ('16031810','840801273','072:00:00','Rapor verildi.','Ilac raporu');
INSERT INTO rapor VALUES ('35803808','385158038','264:00:00','Rapor verildi.','Ise giris raporu');
INSERT INTO rapor VALUES ('25327540','889778656','312:00:00','Rapor verildi.','Ehliyet raporu');
INSERT INTO rapor VALUES ('91739220','977518822','312:00:00','Rapor verildi.','Is raporu');
INSERT INTO rapor VALUES ('36976557','723986562','288:00:00','Rapor verildi.','Ise giris raporu');
INSERT INTO rapor VALUES ('44110343','880114008','264:00:00','Rapor verildi.','Ise giris raporu');
INSERT INTO rapor VALUES ('33395606','478703955','192:00:00','Rapor verildi.','Ise giris raporu');
INSERT INTO rapor VALUES ('48793475','573915300','072:00:00','Rapor verildi.','Is raporu');
INSERT INTO rapor VALUES ('23773490','459693412','024:00:00','Rapor verildi.','Ehliyet raporu');
INSERT INTO rapor VALUES ('16234224','928642401','048:00:00','Rapor verildi.','Is raporu');
INSERT INTO rapor VALUES ('27568289','191171510','072:00:00','Rapor verildi.','Is raporu');
INSERT INTO rapor VALUES ('29014480','718873820','024:00:00','Rapor verildi.','Ilac raporu');
INSERT INTO rapor VALUES ('83852720','254486926','168:00:00','Rapor verildi.','Ise giris raporu');
INSERT INTO rapor VALUES ('27774190','883132003','072:00:00','Rapor verildi.','Is raporu');
INSERT INTO rapor VALUES ('71820876','367692644','336:00:00','Rapor verildi.','Ise giris raporu');
INSERT INTO rapor VALUES ('92131793','327978419','264:00:00','Rapor verildi.','Is raporu');
INSERT INTO rapor VALUES ('26562974','154230522','192:00:00','Rapor verildi.','Evlilik raporu');
INSERT INTO rapor VALUES ('89652007','257016431','144:00:00','Rapor verildi.','Ise giris raporu');
INSERT INTO rapor VALUES ('13770706','125552023','312:00:00','Rapor verildi.','Ise giris raporu');
INSERT INTO rapor VALUES ('96316715','199436300','336:00:00','Rapor verildi.','Evlilik raporu');
INSERT INTO hastalik VALUES ('88036832', '810867778', 'Rahim kanamasi', 'Kulak Cinlamasi', 'Kalp Hastaligi');
INSERT INTO hastalik VALUES ('18426988', '876294223', 'Prostat kanseri', 'Yorgunluk', 'Kulak Hastaligi');
INSERT INTO hastalik VALUES ('26633834', '794288770', 'Burun akintisi', 'Ciltte Kuruluk', 'Cilt Hastaligi');
INSERT INTO hastalik VALUES ('51668962', '208675726', 'Goz agrisi', 'Bas Agrisi', 'Bobrek Hastaligi');
INSERT INTO hastalik VALUES ('24263026', '364799477', 'Akut Bronsit', 'Burun Tikanikligi', 'Eklem Hastaligi');
INSERT INTO hastalik VALUES ('69185581', '718873820', 'Bel agrisi', 'Bas Donmesi', 'Bobrek Hastaligi');
INSERT INTO hastalik VALUES ('48989337', '882528075', 'Idraryollari iltihabi', 'Bas Agrisi', 'Akciger Hastaligi');
INSERT INTO hastalik VALUES ('91429228', '801995281', 'Fazla terlemek', 'Burun Tikanikligi', 'Bobrek Hastaligi');
INSERT INTO hastalik VALUES ('48698289', '941523284', 'Varis ulseri', 'Eklem Agrisi', 'Karaciger Hastaligi');
INSERT INTO hastalik VALUES ('91484992', '930034388', 'Agrili aybasi hali', 'Bas Agrisi', 'Cilt Hastaligi');
INSERT INTO hastalik VALUES ('46142921', '410596309', 'Norofibromatoz', 'Bogaz Gicikligi', 'Burun Hastaligi');
INSERT INTO hastalik VALUES ('66115256', '317277596', 'Cocuklarda gelisme bozukluklari', 'Bogaz Gicikligi', 'Karaciger Hastaligi');
INSERT INTO hastalik VALUES ('62654974', '211105589', 'Agrili aybasi hali', 'Burun Tikanikligi', 'Kalp Hastaligi');
INSERT INTO hastalik VALUES ('65280339', '649755730', 'Uyuz', 'Yanma Hissi', 'Akciger Hastaligi');
INSERT INTO hastalik VALUES ('18609984', '321000368', 'Sitma', 'Bogaz Gicikligi', 'Cilt Hastaligi');
INSERT INTO hastalik VALUES ('86215705', '591295625', 'Lipom', 'Yorgunluk', 'Sac Hastaligi');
INSERT INTO hastalik VALUES ('72938269', '706490184', 'Deri kanseri', 'Kulak Cinlamasi', 'Akciger Hastaligi');
INSERT INTO hastalik VALUES ('47529737', '662987380', 'Siroz', 'Bogazda Hafif Agri', 'Kalp Hastaligi');
INSERT INTO hastalik VALUES ('18018560', '235306752', 'Uremi', 'Yanma Hissi', 'Burun Hastaligi');
INSERT INTO hastalik VALUES ('34814566', '854952295', 'Hemofili', 'Ciltte Kuruluk', 'Sac Hastaligi');
INSERT INTO tahlil VALUES('14535253', '191171510', './loading.gif', 'Tahlil sonucunda gerekli recete verilmistir.', 'Kan Tahlili');
INSERT INTO tahlil VALUES('39903673', '658854716', './loading.gif', 'Tahlil sonucunda gerekli recete verilmistir.', 'Radyolojik Tahlili');
INSERT INTO tahlil VALUES('54729573', '735556028', './loading.gif', 'Tahlil sonucunda gerekli recete verilmistir.', 'Mikroskopi Tahlili');
INSERT INTO tahlil VALUES('36641759', '325435487', './loading.gif', 'Tahlil sonucunda gerekli recete verilmistir.', 'Idrar Tahlili');
INSERT INTO tahlil VALUES('63798741', '387120829', './loading.gif', 'Tahlil sonucunda gerekli recete verilmistir.', 'Patoloji Tahlili');
INSERT INTO tahlil VALUES('13623255', '285433176', './loading.gif', 'Tahlil sonucunda gerekli recete verilmistir.', 'Mikroskopi Tahlili');
INSERT INTO tahlil VALUES('89216201', '199436300', './loading.gif', 'Tahlil sonucunda gerekli recete verilmistir.', 'Patoloji Tahlili');
INSERT INTO tahlil VALUES('96990329', '222724487', './loading.gif', 'Tahlil sonucunda gerekli recete verilmistir.', 'Mikroskopi Tahlili');
INSERT INTO tahlil VALUES('30805310', '219487248', './loading.gif', 'Tahlil sonucunda gerekli recete verilmistir.', 'Mikroskopi Tahlili');
INSERT INTO tahlil VALUES('51123230', '285433176', './loading.gif', 'Tahlil sonucunda gerekli recete verilmistir.', 'Radyolojik Tahlili');
INSERT INTO recete VALUES ('96747463', '127272577', 'Rybelsus', 'Boyuna Surulecek', 'Turuncu', 'Gunde 2', '1 Kez');
INSERT INTO recete VALUES ('34501260', '198115125', 'Hydrochlorothiazide', 'Dize Surulecek', 'Kirmizi', 'Gunde 2', '3 Kez');
INSERT INTO recete VALUES ('11078334', '327978419', 'Xanax', 'Buruna Sikilacak', 'Kirmizi', 'Gunde 2', '3 Kez');
INSERT INTO recete VALUES ('93519562', '459693412', 'Dupixent', 'Yuze Surulecek', 'Turuncu', 'Gunde 1', '4 Kez');
INSERT INTO recete VALUES ('89190226', '143567918', 'Xanax', 'Goze Sikilacak', 'Turuncu', 'Gunde 2', '2 Kez');
INSERT INTO recete VALUES ('79692431', '944693111', 'Gabapentin', 'Dize Surulecek', 'Mor', 'Gunde 1', '1 Kez');
INSERT INTO recete VALUES ('55477388', '718873820', 'Xanax', 'Buruna Sikilacak', 'Turuncu', 'Gunde 1', '4 Kez');
INSERT INTO recete VALUES ('20294814', '973139210', 'Naloxone', 'Buruna Sikilacak', 'Yesil', 'Gunde 3', '2 Kez');
INSERT INTO recete VALUES ('32436858', '367692644', 'Viagra', 'Agizdan Alinacak', 'Yesil', 'Gunde 2', '2 Kez');
INSERT INTO recete VALUES ('79044565', '125552023', 'Bunavail', 'Goze Sikilacak', 'Turuncu', 'Gunde 2', '1 Kez');
