INSERT INTO hasta VALUES ('65756768356', 'Gulen', 'Ayverdi', 'AB Rh-', 'E', 176, 56, STR_TO_DATE('22/01/1982', '%d/%m/%Y'));
INSERT INTO hasta VALUES ('94692551443', 'Guner', 'Ayverdi', 'AB Rh-', 'K', 160, 78, STR_TO_DATE('06/08/2001', '%d/%m/%Y'));
INSERT INTO hasta VALUES ('51609586645', 'Furuzan', 'Kucukler', 'A Rh-', 'E', 186, 55, STR_TO_DATE('03/11/2001', '%d/%m/%Y'));
INSERT INTO hasta VALUES ('39585881233', 'Ela', 'Kunter', 'A Rh-', 'K', 173, 71, STR_TO_DATE('19/10/1961', '%d/%m/%Y'));
INSERT INTO hasta VALUES ('14778714053', 'Hayati', 'Ayverdi', 'B Rh-', 'K', 180, 88, STR_TO_DATE('23/01/1958', '%d/%m/%Y'));
INSERT INTO hasta VALUES ('44270239943', 'Rahsan', 'Oraloglu', 'A Rh+', 'E', 196, 93, STR_TO_DATE('28/05/1994', '%d/%m/%Y'));
INSERT INTO hasta VALUES ('82886102195', 'Sarani', 'Oraloglu', 'AB Rh+', 'E', 190, 66, STR_TO_DATE('25/09/1948', '%d/%m/%Y'));
INSERT INTO hasta VALUES ('62693912899', 'Berva', 'Tunceri', 'AB Rh+', 'E', 174, 66, STR_TO_DATE('27/10/2001', '%d/%m/%Y'));
INSERT INTO hasta VALUES ('88122166021', 'Elcin', 'Kunter', 'B Rh-', 'E', 186, 66, STR_TO_DATE('12/02/1956', '%d/%m/%Y'));
INSERT INTO hasta VALUES ('86979337937', 'Zâfir', 'Kunter', 'AB Rh-', 'E', 169, 108, STR_TO_DATE('28/07/1979', '%d/%m/%Y'));
INSERT INTO hasta VALUES ('56379385229', 'Gurhan', 'Tunceri', 'B Rh-', 'E', 190, 100, STR_TO_DATE('09/12/1997', '%d/%m/%Y'));
INSERT INTO hasta VALUES ('41212347981', 'Behcet', 'Kocoglu', 'A Rh-', 'K', 187, 102, STR_TO_DATE('11/01/1946', '%d/%m/%Y'));
INSERT INTO hasta VALUES ('63954874404', 'Pelin', 'Tunceri', 'B Rh+', 'K', 178, 71, STR_TO_DATE('07/01/1964', '%d/%m/%Y'));
INSERT INTO hasta VALUES ('64950138050', 'Cisil', 'Kocoglu', 'AB Rh-', 'K', 158, 100, STR_TO_DATE('06/01/1941', '%d/%m/%Y'));
INSERT INTO hasta VALUES ('15125105556', 'Idil', 'Tunceri', 'A Rh-', 'E', 182, 67, STR_TO_DATE('23/11/1971', '%d/%m/%Y'));
INSERT INTO hasta VALUES ('56579970795', 'Gokce', 'Kucukler', 'B Rh+', 'K', 175, 71, STR_TO_DATE('01/06/1977', '%d/%m/%Y'));
INSERT INTO hasta VALUES ('97523190350', 'Saim', 'Ayverdi', 'AB Rh-', 'K', 182, 55, STR_TO_DATE('23/01/1968', '%d/%m/%Y'));
INSERT INTO hasta VALUES ('60693718222', 'Dilan', 'Tunceri', 'B Rh+', 'E', 197, 87, STR_TO_DATE('23/11/1944', '%d/%m/%Y'));
INSERT INTO hasta VALUES ('71788010483', 'Anar', 'Kucukler', 'B Rh-', 'K', 197, 63, STR_TO_DATE('28/08/1949', '%d/%m/%Y'));
INSERT INTO hasta VALUES ('80489869435', 'Ilknur', 'Oraloglu', 'B Rh+', 'K', 184, 73, STR_TO_DATE('06/01/1913', '%d/%m/%Y'));
INSERT INTO hasta VALUES ('20787088642', 'Melodi', 'Kunter', 'B Rh-', 'K', 186, 52, STR_TO_DATE('05/10/2002', '%d/%m/%Y'));
INSERT INTO hasta VALUES ('89142070883', 'Sevda', 'Tunceri', 'AB Rh-', 'E', 189, 54, STR_TO_DATE('20/12/1974', '%d/%m/%Y'));
INSERT INTO hasta VALUES ('59845128809', 'Halit', 'Tunceri', 'A Rh+', 'E', 176, 57, STR_TO_DATE('04/10/1962', '%d/%m/%Y'));
INSERT INTO hasta VALUES ('19188580973', 'Anita', 'Ayverdi', 'AB Rh+', 'E', 199, 79, STR_TO_DATE('03/07/1999', '%d/%m/%Y'));
INSERT INTO hasta VALUES ('76721141666', 'Guher', 'Kocoglu', 'A Rh-', 'K', 180, 87, STR_TO_DATE('24/06/1962', '%d/%m/%Y'));
INSERT INTO hasta VALUES ('94498145206', 'Bercin', 'Kunter', 'AB Rh-', 'E', 187, 101, STR_TO_DATE('16/06/1936', '%d/%m/%Y'));
INSERT INTO hasta VALUES ('95911774449', 'Turkes', 'Oraloglu', 'B Rh-', 'E', 196, 66, STR_TO_DATE('21/08/1998', '%d/%m/%Y'));
INSERT INTO hasta VALUES ('89608832809', 'Keles', 'Ayverdi', 'AB Rh-', 'E', 199, 61, STR_TO_DATE('24/07/1958', '%d/%m/%Y'));
INSERT INTO hasta VALUES ('74512189892', 'Halit', 'Ayverdi', 'B Rh-', 'K', 195, 68, STR_TO_DATE('28/01/1954', '%d/%m/%Y'));
INSERT INTO hasta VALUES ('67556126140', 'Arin', 'Tunceri', 'B Rh+', 'K', 167, 56, STR_TO_DATE('23/07/1930', '%d/%m/%Y'));
INSERT INTO hasta VALUES ('27986553689', 'Gurkan', 'Oraloglu', 'A Rh+', 'E', 178, 86, STR_TO_DATE('20/09/1951', '%d/%m/%Y'));
INSERT INTO hasta VALUES ('94685244569', 'Altan', 'Kocoglu', 'B Rh+', 'K', 178, 90, STR_TO_DATE('13/01/1961', '%d/%m/%Y'));
INSERT INTO hasta VALUES ('55459127012', 'Hilmi', 'Oraloglu', 'A Rh-', 'K', 198, 87, STR_TO_DATE('01/10/1915', '%d/%m/%Y'));
INSERT INTO hasta VALUES ('94029963977', 'Mujde', 'Kucukler', 'B Rh-', 'K', 177, 97, STR_TO_DATE('02/05/1966', '%d/%m/%Y'));
INSERT INTO hasta VALUES ('69039683846', 'Amara', 'Tunceri', 'A Rh+', 'K', 171, 98, STR_TO_DATE('10/08/1977', '%d/%m/%Y'));
INSERT INTO hasta VALUES ('77222454780', 'Neslisah', 'Ayverdi', 'B Rh+', 'E', 177, 69, STR_TO_DATE('20/06/1948', '%d/%m/%Y'));
INSERT INTO hasta VALUES ('69752373730', 'Bedreddin', 'Kucukler', 'B Rh+', 'K', 165, 103, STR_TO_DATE('11/06/1958', '%d/%m/%Y'));
INSERT INTO hasta VALUES ('76484848377', 'Erdem', 'Kocoglu', 'AB Rh+', 'K', 155, 52, STR_TO_DATE('25/04/1968', '%d/%m/%Y'));
INSERT INTO hasta VALUES ('82968532739', 'Rahime', 'Ayverdi', 'B Rh-', 'E', 157, 54, STR_TO_DATE('17/01/1992', '%d/%m/%Y'));
INSERT INTO hasta VALUES ('37981724550', 'Vehbi', 'Tunceri', 'B Rh+', 'E', 187, 91, STR_TO_DATE('17/12/1978', '%d/%m/%Y'));
INSERT INTO hasta VALUES ('84449807711', 'Yetkin', 'Kunter', 'A Rh+', 'K', 190, 102, STR_TO_DATE('09/11/1992', '%d/%m/%Y'));
INSERT INTO hasta VALUES ('57589332405', 'Sinasi', 'Kocoglu', 'A Rh+', 'K', 167, 69, STR_TO_DATE('26/06/1918', '%d/%m/%Y'));
INSERT INTO hasta VALUES ('89291915046', 'Ergin', 'Tunceri', 'B Rh+', 'K', 174, 72, STR_TO_DATE('18/08/1974', '%d/%m/%Y'));
INSERT INTO hasta VALUES ('34351169486', 'Zuleyha', 'Kocoglu', 'A Rh-', 'E', 167, 68, STR_TO_DATE('27/12/1926', '%d/%m/%Y'));
INSERT INTO hasta VALUES ('82469430162', 'Gulsen', 'Kocoglu', 'AB Rh+', 'E', 190, 53, STR_TO_DATE('21/01/1972', '%d/%m/%Y'));
INSERT INTO hasta VALUES ('46888890796', 'Gunseli', 'Oraloglu', 'A Rh+', 'E', 186, 90, STR_TO_DATE('29/11/1983', '%d/%m/%Y'));
INSERT INTO hasta VALUES ('31303695723', 'Enver', 'Tunceri', 'AB Rh-', 'E', 171, 71, STR_TO_DATE('21/03/1923', '%d/%m/%Y'));
INSERT INTO hasta VALUES ('24285185145', 'Necla', 'Kucukler', 'A Rh-', 'K', 188, 109, STR_TO_DATE('10/12/2007', '%d/%m/%Y'));
INSERT INTO hasta VALUES ('34028998326', 'Isil', 'Tunceri', 'A Rh-', 'E', 178, 100, STR_TO_DATE('02/12/1916', '%d/%m/%Y'));
INSERT INTO hasta VALUES ('47469116655', 'Yetkin', 'Ayverdi', 'B Rh+', 'E', 186, 84, STR_TO_DATE('18/02/1981', '%d/%m/%Y'));
INSERT INTO hasta VALUES ('35643857056', 'Gulhan', 'Kocoglu', 'A Rh-', 'K', 188, 78, STR_TO_DATE('16/06/2007', '%d/%m/%Y'));
INSERT INTO hasta VALUES ('27850654819', 'Rezzan', 'Kunter', 'A Rh+', 'K', 161, 50, STR_TO_DATE('18/09/1950', '%d/%m/%Y'));
INSERT INTO hasta VALUES ('77616526049', 'Zuleyha', 'Tunceri', 'B Rh+', 'E', 184, 73, STR_TO_DATE('29/08/1960', '%d/%m/%Y'));
INSERT INTO hasta VALUES ('29072040641', 'Yetkin', 'Ayverdi', 'B Rh+', 'K', 197, 54, STR_TO_DATE('19/12/1943', '%d/%m/%Y'));
INSERT INTO hasta VALUES ('54010290419', 'Safa', 'Kucukler', 'AB Rh-', 'K', 185, 58, STR_TO_DATE('01/02/1970', '%d/%m/%Y'));
INSERT INTO hasta VALUES ('65291064605', 'Mir', 'Oraloglu', 'AB Rh+', 'E', 187, 92, STR_TO_DATE('09/06/1997', '%d/%m/%Y'));
INSERT INTO hasta VALUES ('20008099191', 'Omer', 'Kocoglu', 'B Rh+', 'E', 160, 77, STR_TO_DATE('25/11/1972', '%d/%m/%Y'));
INSERT INTO hasta VALUES ('71502211221', 'Senay', 'Tunceri', 'A Rh+', 'E', 179, 80, STR_TO_DATE('09/05/1999', '%d/%m/%Y'));
INSERT INTO hasta VALUES ('47294914981', 'Uygu', 'Kucukler', 'A Rh-', 'K', 180, 103, STR_TO_DATE('01/12/1936', '%d/%m/%Y'));
INSERT INTO hasta VALUES ('10581584042', 'Tunay', 'Tunceri', 'A Rh-', 'K', 168, 106, STR_TO_DATE('14/10/1954', '%d/%m/%Y'));
INSERT INTO hasta VALUES ('65675623253', 'Ukbe', 'Oraloglu', 'AB Rh-', 'K', 158, 95, STR_TO_DATE('14/07/2009', '%d/%m/%Y'));
INSERT INTO hasta VALUES ('24623026543', 'Refet', 'Kucukler', 'AB Rh-', 'K', 199, 69, STR_TO_DATE('29/08/1963', '%d/%m/%Y'));
INSERT INTO hasta VALUES ('48127330924', 'Ferruh', 'Ayverdi', 'A Rh+', 'E', 182, 81, STR_TO_DATE('28/07/1961', '%d/%m/%Y'));
INSERT INTO hasta VALUES ('99774007490', 'Nukhet', 'Tunceri', 'AB Rh+', 'K', 183, 52, STR_TO_DATE('11/09/1962', '%d/%m/%Y'));
INSERT INTO hasta VALUES ('52092416152', 'Figen', 'Kucukler', 'A Rh-', 'K', 177, 69, STR_TO_DATE('21/01/1932', '%d/%m/%Y'));
INSERT INTO hasta VALUES ('24940012388', 'Nevra', 'Oraloglu', 'AB Rh+', 'K', 185, 95, STR_TO_DATE('07/05/1951', '%d/%m/%Y'));
INSERT INTO hasta VALUES ('98846621804', 'Yumni', 'Kucukler', 'A Rh-', 'E', 162, 74, STR_TO_DATE('13/08/1992', '%d/%m/%Y'));
INSERT INTO hasta VALUES ('94213529504', 'Nisan', 'Oraloglu', 'AB Rh+', 'E', 167, 86, STR_TO_DATE('13/05/1928', '%d/%m/%Y'));
INSERT INTO hasta VALUES ('27255822616', 'Pembe', 'Kunter', 'A Rh+', 'K', 199, 81, STR_TO_DATE('20/10/1963', '%d/%m/%Y'));
INSERT INTO hasta VALUES ('77015849035', 'Necati', 'Kocoglu', 'AB Rh+', 'E', 184, 77, STR_TO_DATE('25/10/1989', '%d/%m/%Y'));
INSERT INTO hasta VALUES ('69606184877', 'Ramazan', 'Oraloglu', 'A Rh-', 'K', 177, 92, STR_TO_DATE('13/07/1969', '%d/%m/%Y'));
INSERT INTO hasta VALUES ('95445216395', 'Perran', 'Tunceri', 'A Rh+', 'E', 172, 97, STR_TO_DATE('22/10/1972', '%d/%m/%Y'));
INSERT INTO hasta VALUES ('33248728092', 'Isil', 'Kucukler', 'A Rh-', 'E', 157, 108, STR_TO_DATE('14/11/2004', '%d/%m/%Y'));
INSERT INTO hasta VALUES ('21798992332', 'Hifzi', 'Ayverdi', 'AB Rh+', 'E', 164, 103, STR_TO_DATE('25/08/1956', '%d/%m/%Y'));
INSERT INTO hasta VALUES ('14636863777', 'Vesile', 'Kucukler', 'A Rh+', 'E', 175, 93, STR_TO_DATE('17/08/1934', '%d/%m/%Y'));
INSERT INTO hasta VALUES ('11351523700', 'Seyfettin', 'Oraloglu', 'B Rh+', 'K', 161, 69, STR_TO_DATE('20/04/1932', '%d/%m/%Y'));
INSERT INTO hasta VALUES ('86079926109', 'Ulker', 'Kunter', 'A Rh+', 'E', 186, 53, STR_TO_DATE('06/04/1988', '%d/%m/%Y'));
INSERT INTO hasta VALUES ('16143696966', 'Ilkyaz', 'Kucukler', 'B Rh+', 'E', 184, 100, STR_TO_DATE('23/10/1918', '%d/%m/%Y'));
INSERT INTO hasta VALUES ('48962044228', 'Aytug', 'Kocoglu', 'AB Rh+', 'K', 171, 59, STR_TO_DATE('04/01/1985', '%d/%m/%Y'));
INSERT INTO hasta VALUES ('13511640029', 'Zuhal', 'Kocoglu', 'A Rh+', 'K', 158, 62, STR_TO_DATE('29/05/1984', '%d/%m/%Y'));
INSERT INTO hasta VALUES ('59682692509', 'Kismet', 'Ayverdi', 'AB Rh+', 'E', 177, 80, STR_TO_DATE('19/11/2008', '%d/%m/%Y'));
INSERT INTO hasta VALUES ('99891871081', 'Rahime', 'Kunter', 'B Rh+', 'K', 192, 90, STR_TO_DATE('26/05/1999', '%d/%m/%Y'));
INSERT INTO hasta VALUES ('97198305073', 'Server', 'Tunceri', 'B Rh-', 'K', 155, 86, STR_TO_DATE('03/09/1933', '%d/%m/%Y'));
INSERT INTO hasta VALUES ('84775493470', 'Dilan', 'Ayverdi', 'AB Rh-', 'E', 198, 53, STR_TO_DATE('01/08/1928', '%d/%m/%Y'));
INSERT INTO hasta VALUES ('97068436998', 'Bade', 'Kucukler', 'B Rh+', 'K', 195, 76, STR_TO_DATE('03/04/1961', '%d/%m/%Y'));
INSERT INTO hasta VALUES ('77787630278', 'Seyfullah', 'Ayverdi', 'A Rh-', 'E', 158, 85, STR_TO_DATE('12/04/1938', '%d/%m/%Y'));
INSERT INTO hasta VALUES ('12161382776', 'Zeliha', 'Kucukler', 'A Rh+', 'K', 193, 100, STR_TO_DATE('16/06/1910', '%d/%m/%Y'));
INSERT INTO hasta VALUES ('60733316720', 'Iclal', 'Oraloglu', 'AB Rh+', 'E', 184, 52, STR_TO_DATE('15/03/1983', '%d/%m/%Y'));
INSERT INTO hasta VALUES ('83641381777', 'Melike', 'Tunceri', 'B Rh+', 'K', 156, 79, STR_TO_DATE('28/02/1979', '%d/%m/%Y'));
INSERT INTO hasta VALUES ('50514700923', 'Davud', 'Kocoglu', 'AB Rh+', 'K', 176, 95, STR_TO_DATE('28/03/1988', '%d/%m/%Y'));
INSERT INTO hasta VALUES ('66686456192', 'Selcuk', 'Ayverdi', 'AB Rh-', 'K', 161, 71, STR_TO_DATE('25/07/1976', '%d/%m/%Y'));
INSERT INTO hasta VALUES ('21512557041', 'Vesile', 'Kocoglu', 'AB Rh-', 'K', 176, 90, STR_TO_DATE('11/04/1945', '%d/%m/%Y'));
INSERT INTO hasta VALUES ('33381932652', 'Haki', 'Tunceri', 'A Rh-', 'K', 192, 78, STR_TO_DATE('14/02/1979', '%d/%m/%Y'));
INSERT INTO hasta VALUES ('16078206440', 'Meral', 'Kunter', 'A Rh-', 'K', 160, 73, STR_TO_DATE('28/01/1995', '%d/%m/%Y'));
INSERT INTO hasta VALUES ('84784321599', 'Hisam', 'Kunter', 'A Rh-', 'K', 178, 95, STR_TO_DATE('20/02/1975', '%d/%m/%Y'));
INSERT INTO hasta VALUES ('52967217406', 'Sadettin', 'Kocoglu', 'B Rh+', 'E', 182, 105, STR_TO_DATE('04/02/1959', '%d/%m/%Y'));
INSERT INTO hasta VALUES ('51242883045', 'Ukbe', 'Ayverdi', 'AB Rh+', 'K', 183, 51, STR_TO_DATE('03/01/1989', '%d/%m/%Y'));
INSERT INTO hasta VALUES ('81847958860', 'Husrev', 'Ayverdi', 'B Rh+', 'K', 162, 87, STR_TO_DATE('05/10/1928', '%d/%m/%Y'));
INSERT INTO hasta VALUES ('54242036570', 'Sâkip', 'Oraloglu', 'AB Rh+', 'E', 168, 73, STR_TO_DATE('17/11/1998', '%d/%m/%Y'));
INSERT INTO hasta VALUES ('77711335039', 'Bilâl', 'Oraloglu', 'AB Rh+', 'E', 199, 74, STR_TO_DATE('14/04/1956', '%d/%m/%Y'));
INSERT INTO hasta VALUES ('68333944697', 'Durriye', 'Ayverdi', 'B Rh-', 'K', 194, 102, STR_TO_DATE('07/08/2001', '%d/%m/%Y'));
INSERT INTO hasta VALUES ('98953386539', 'Fikriye', 'Ayverdi', 'AB Rh-', 'K', 161, 79, STR_TO_DATE('05/03/1983', '%d/%m/%Y'));
INSERT INTO hasta VALUES ('38530370941', 'Su', 'Kocoglu', 'A Rh-', 'K', 172, 95, STR_TO_DATE('04/01/1985', '%d/%m/%Y'));
INSERT INTO hasta VALUES ('72287683094', 'Sehlevent', 'Ayverdi', 'B Rh-', 'E', 162, 101, STR_TO_DATE('02/05/1999', '%d/%m/%Y'));
INSERT INTO hasta VALUES ('40644854466', 'Yasin', 'Oraloglu', 'A Rh+', 'K', 183, 54, STR_TO_DATE('15/03/1999', '%d/%m/%Y'));
INSERT INTO hasta VALUES ('56673096316', 'Besra', 'Oraloglu', 'AB Rh+', 'K', 161, 85, STR_TO_DATE('03/10/1931', '%d/%m/%Y'));
INSERT INTO hasta VALUES ('79307494317', 'Elcin', 'Ayverdi', 'AB Rh-', 'K', 191, 64, STR_TO_DATE('03/05/1940', '%d/%m/%Y'));
INSERT INTO hasta VALUES ('23384604379', 'Muesser', 'Tunceri', 'A Rh+', 'K', 185, 82, STR_TO_DATE('29/03/1994', '%d/%m/%Y'));
INSERT INTO hasta VALUES ('21972223871', 'Mahir', 'Kocoglu', 'A Rh+', 'E', 159, 97, STR_TO_DATE('06/07/1910', '%d/%m/%Y'));
INSERT INTO hasta VALUES ('54333891052', 'Nazli', 'Kucukler', 'B Rh+', 'K', 196, 105, STR_TO_DATE('09/08/1958', '%d/%m/%Y'));
INSERT INTO hasta VALUES ('56106852210', 'Guniz', 'Kunter', 'AB Rh+', 'K', 191, 85, STR_TO_DATE('28/02/1988', '%d/%m/%Y'));
INSERT INTO hasta VALUES ('92128880750', 'Muge', 'Kucukler', 'AB Rh+', 'K', 178, 56, STR_TO_DATE('29/08/1914', '%d/%m/%Y'));
INSERT INTO hasta VALUES ('26401427391', 'Yeliz', 'Ayverdi', 'B Rh+', 'K', 185, 58, STR_TO_DATE('19/11/1935', '%d/%m/%Y'));
INSERT INTO hasta VALUES ('31135535564', 'Belcim', 'Kucukler', 'A Rh-', 'E', 167, 69, STR_TO_DATE('02/11/1937', '%d/%m/%Y'));
INSERT INTO hasta VALUES ('88791677313', 'Cimen', 'Kucukler', 'A Rh+', 'E', 187, 93, STR_TO_DATE('12/01/1932', '%d/%m/%Y'));
INSERT INTO hasta VALUES ('56797582863', 'Zerrin', 'Ayverdi', 'A Rh+', 'E', 196, 69, STR_TO_DATE('19/06/1985', '%d/%m/%Y'));
INSERT INTO hasta VALUES ('44064472354', 'Yaman', 'Kucukler', 'AB Rh-', 'K', 172, 82, STR_TO_DATE('10/01/2000', '%d/%m/%Y'));
INSERT INTO hasta VALUES ('77461958785', 'Muslih', 'Ayverdi', 'AB Rh-', 'K', 158, 56, STR_TO_DATE('15/05/1986', '%d/%m/%Y'));
INSERT INTO hasta VALUES ('86013707371', 'Mehmet', 'Tunceri', 'AB Rh-', 'K', 169, 62, STR_TO_DATE('06/12/1969', '%d/%m/%Y'));
INSERT INTO hasta VALUES ('93706875120', 'Akiner', 'Ayverdi', 'A Rh+', 'K', 173, 64, STR_TO_DATE('11/01/1985', '%d/%m/%Y'));
INSERT INTO hasta VALUES ('91963734493', 'Unseli', 'Oraloglu', 'A Rh+', 'E', 186, 55, STR_TO_DATE('10/01/1987', '%d/%m/%Y'));
INSERT INTO hasta VALUES ('16782771887', 'Aktekin', 'Kunter', 'B Rh-', 'E', 185, 73, STR_TO_DATE('14/05/1973', '%d/%m/%Y'));
INSERT INTO hasta VALUES ('62817696833', 'Hazar', 'Kunter', 'A Rh+', 'E', 197, 66, STR_TO_DATE('04/05/1995', '%d/%m/%Y'));
INSERT INTO hasta VALUES ('54894039200', 'Rakip', 'Kocoglu', 'A Rh+', 'E', 157, 63, STR_TO_DATE('01/12/2008', '%d/%m/%Y'));
INSERT INTO hasta VALUES ('80697834071', 'Fazullah', 'Kunter', 'B Rh-', 'K', 181, 81, STR_TO_DATE('09/12/1989', '%d/%m/%Y'));
INSERT INTO hasta VALUES ('73242413603', 'Elvan', 'Tunceri', 'AB Rh+', 'E', 196, 82, STR_TO_DATE('12/12/2001', '%d/%m/%Y'));
INSERT INTO hasta VALUES ('81457682546', 'Ercument', 'Ayverdi', 'AB Rh+', 'K', 159, 65, STR_TO_DATE('09/11/1970', '%d/%m/%Y'));
INSERT INTO hasta VALUES ('85709325826', 'Ciler', 'Kunter', 'A Rh-', 'E', 199, 78, STR_TO_DATE('12/06/1936', '%d/%m/%Y'));
INSERT INTO hasta VALUES ('35874770366', 'Yasin', 'Oraloglu', 'A Rh+', 'E', 168, 62, STR_TO_DATE('17/10/1938', '%d/%m/%Y'));
INSERT INTO hasta VALUES ('72455227722', 'Zekai', 'Kucukler', 'AB Rh+', 'K', 180, 64, STR_TO_DATE('17/01/1932', '%d/%m/%Y'));
INSERT INTO hasta VALUES ('60251072474', 'Ece', 'Kucukler', 'B Rh-', 'K', 190, 91, STR_TO_DATE('11/11/1977', '%d/%m/%Y'));
INSERT INTO hasta VALUES ('90101677563', 'Resul', 'Kocoglu', 'B Rh-', 'E', 167, 72, STR_TO_DATE('27/12/1979', '%d/%m/%Y'));
INSERT INTO hasta VALUES ('17590782621', 'Ozge', 'Ayverdi', 'A Rh+', 'K', 156, 83, STR_TO_DATE('10/06/1959', '%d/%m/%Y'));
INSERT INTO hasta VALUES ('48508348084', 'Izel', 'Kocoglu', 'B Rh-', 'E', 172, 100, STR_TO_DATE('28/11/2002', '%d/%m/%Y'));
INSERT INTO hasta VALUES ('61419297313', 'Enver', 'Oraloglu', 'B Rh-', 'E', 173, 105, STR_TO_DATE('07/07/1935', '%d/%m/%Y'));
INSERT INTO hasta VALUES ('67918674042', 'Ferah', 'Tunceri', 'AB Rh+', 'E', 193, 66, STR_TO_DATE('15/12/1927', '%d/%m/%Y'));
INSERT INTO hasta VALUES ('98809597720', 'Evren', 'Oraloglu', 'A Rh+', 'E', 174, 89, STR_TO_DATE('11/06/2007', '%d/%m/%Y'));
INSERT INTO hasta VALUES ('86243945670', 'Ferhan', 'Kocoglu', 'B Rh+', 'E', 176, 63, STR_TO_DATE('15/05/1971', '%d/%m/%Y'));
INSERT INTO hasta VALUES ('17158470045', 'Coskun', 'Tunceri', 'A Rh-', 'E', 175, 54, STR_TO_DATE('19/05/2009', '%d/%m/%Y'));
INSERT INTO hasta VALUES ('15980645905', 'Rifat', 'Ayverdi', 'A Rh+', 'K', 195, 63, STR_TO_DATE('23/07/1962', '%d/%m/%Y'));
INSERT INTO hasta VALUES ('27971294728', 'Mert', 'Oraloglu', 'B Rh-', 'K', 162, 65, STR_TO_DATE('07/03/1916', '%d/%m/%Y'));
INSERT INTO hasta VALUES ('42156767485', 'Hafid', 'Kocoglu', 'AB Rh+', 'K', 172, 108, STR_TO_DATE('12/06/1965', '%d/%m/%Y'));
INSERT INTO hasta VALUES ('61888835766', 'Aktekin', 'Tunceri', 'AB Rh+', 'E', 175, 106, STR_TO_DATE('11/06/1976', '%d/%m/%Y'));
INSERT INTO hasta VALUES ('47579563705', 'Merih', 'Kucukler', 'A Rh+', 'E', 170, 55, STR_TO_DATE('24/06/1984', '%d/%m/%Y'));
INSERT INTO hasta VALUES ('33049174761', 'Necib', 'Ayverdi', 'B Rh-', 'K', 160, 108, STR_TO_DATE('26/06/1935', '%d/%m/%Y'));
INSERT INTO hasta VALUES ('97937725874', 'Mirkelam', 'Kunter', 'B Rh-', 'K', 177, 54, STR_TO_DATE('10/07/1947', '%d/%m/%Y'));
INSERT INTO hasta VALUES ('60046969453', 'Sehlevent', 'Ayverdi', 'B Rh+', 'E', 157, 105, STR_TO_DATE('04/06/1986', '%d/%m/%Y'));
INSERT INTO hasta VALUES ('57217605035', 'Almila', 'Kocoglu', 'AB Rh+', 'K', 187, 82, STR_TO_DATE('21/07/2003', '%d/%m/%Y'));
INSERT INTO hasta VALUES ('18702321118', 'Kiraz', 'Kocoglu', 'A Rh-', 'K', 184, 101, STR_TO_DATE('20/06/1981', '%d/%m/%Y'));
INSERT INTO hasta VALUES ('85472056727', 'Nuran', 'Tunceri', 'AB Rh-', 'E', 161, 100, STR_TO_DATE('25/10/1987', '%d/%m/%Y'));
INSERT INTO hasta VALUES ('22933954138', 'Muslih', 'Oraloglu', 'AB Rh+', 'K', 168, 106, STR_TO_DATE('01/10/1973', '%d/%m/%Y'));
INSERT INTO hasta VALUES ('95791469994', 'Cansin', 'Kunter', 'B Rh+', 'K', 161, 82, STR_TO_DATE('09/02/1939', '%d/%m/%Y'));
INSERT INTO hasta VALUES ('20369524010', 'Muhtesem', 'Kocoglu', 'A Rh-', 'K', 184, 53, STR_TO_DATE('28/12/1976', '%d/%m/%Y'));
INSERT INTO hasta VALUES ('54742940022', 'Yetkin', 'Tunceri', 'AB Rh-', 'E', 155, 80, STR_TO_DATE('21/07/1964', '%d/%m/%Y'));
INSERT INTO hasta VALUES ('95071116896', 'Batur', 'Kunter', 'AB Rh+', 'K', 191, 83, STR_TO_DATE('03/09/1972', '%d/%m/%Y'));
INSERT INTO hasta VALUES ('43442148865', 'Tamer', 'Kucukler', 'AB Rh-', 'E', 189, 85, STR_TO_DATE('03/07/1990', '%d/%m/%Y'));
INSERT INTO hasta VALUES ('13663571658', 'Vicdan', 'Oraloglu', 'B Rh-', 'E', 178, 56, STR_TO_DATE('23/02/2000', '%d/%m/%Y'));
INSERT INTO hasta VALUES ('88346908293', 'Ecem', 'Oraloglu', 'B Rh-', 'E', 162, 107, STR_TO_DATE('17/07/1953', '%d/%m/%Y'));
INSERT INTO hasta VALUES ('81124791184', 'Aytekin', 'Ayverdi', 'B Rh-', 'K', 169, 104, STR_TO_DATE('01/01/1985', '%d/%m/%Y'));
INSERT INTO hasta VALUES ('55253649160', 'Gunsel', 'Kocoglu', 'B Rh+', 'E', 159, 88, STR_TO_DATE('20/05/2007', '%d/%m/%Y'));
INSERT INTO hasta VALUES ('90432352403', 'Verda', 'Tunceri', 'A Rh+', 'K', 195, 56, STR_TO_DATE('18/07/1927', '%d/%m/%Y'));
INSERT INTO hasta VALUES ('86862567685', 'Muesser', 'Kucukler', 'A Rh-', 'E', 180, 56, STR_TO_DATE('11/04/1957', '%d/%m/%Y'));
INSERT INTO hasta VALUES ('97310787242', 'Meryem', 'Ayverdi', 'A Rh-', 'E', 167, 102, STR_TO_DATE('24/05/1938', '%d/%m/%Y'));
INSERT INTO hasta VALUES ('61099950132', 'Hamit', 'Oraloglu', 'AB Rh+', 'K', 162, 85, STR_TO_DATE('10/07/1939', '%d/%m/%Y'));
INSERT INTO hasta VALUES ('16878950234', 'Alisa', 'Oraloglu', 'B Rh-', 'E', 182, 83, STR_TO_DATE('26/02/1983', '%d/%m/%Y'));
INSERT INTO hasta VALUES ('13508618382', 'Anita', 'Kunter', 'AB Rh-', 'K', 158, 80, STR_TO_DATE('01/01/1922', '%d/%m/%Y'));
INSERT INTO hasta VALUES ('50731001414', 'Andac', 'Ayverdi', 'B Rh-', 'K', 180, 54, STR_TO_DATE('11/09/2002', '%d/%m/%Y'));
INSERT INTO hasta VALUES ('40997575117', 'Kagan', 'Kocoglu', 'B Rh-', 'E', 166, 77, STR_TO_DATE('02/04/1983', '%d/%m/%Y'));
INSERT INTO hasta VALUES ('64362451000', 'Derya', 'Kocoglu', 'A Rh+', 'K', 196, 58, STR_TO_DATE('09/04/1980', '%d/%m/%Y'));
INSERT INTO hasta VALUES ('28006271713', 'Ozlen', 'Ayverdi', 'B Rh-', 'E', 197, 79, STR_TO_DATE('07/08/1991', '%d/%m/%Y'));
INSERT INTO hasta VALUES ('98979104488', 'Bahtiyar', 'Kucukler', 'B Rh-', 'E', 166, 60, STR_TO_DATE('09/02/2009', '%d/%m/%Y'));
INSERT INTO hasta VALUES ('42818164572', 'Leyla', 'Kunter', 'B Rh-', 'K', 176, 72, STR_TO_DATE('27/06/2003', '%d/%m/%Y'));
INSERT INTO hasta VALUES ('66829606393', 'Erman', 'Kocoglu', 'B Rh+', 'K', 171, 53, STR_TO_DATE('19/10/1971', '%d/%m/%Y'));
INSERT INTO hasta VALUES ('30164927351', 'Ferhan', 'Kucukler', 'A Rh+', 'E', 195, 85, STR_TO_DATE('01/08/1947', '%d/%m/%Y'));
INSERT INTO hasta VALUES ('45293975676', 'Veli', 'Kocoglu', 'A Rh+', 'K', 186, 103, STR_TO_DATE('22/06/1911', '%d/%m/%Y'));
INSERT INTO hasta VALUES ('42458907967', 'Umur', 'Kunter', 'A Rh-', 'K', 163, 104, STR_TO_DATE('10/10/1961', '%d/%m/%Y'));
INSERT INTO hasta VALUES ('53477716149', 'Meryem', 'Kunter', 'B Rh-', 'E', 189, 78, STR_TO_DATE('23/10/1992', '%d/%m/%Y'));
INSERT INTO hasta VALUES ('93840452402', 'Cagrihan', 'Kocoglu', 'A Rh-', 'K', 181, 87, STR_TO_DATE('19/09/1993', '%d/%m/%Y'));
INSERT INTO hasta VALUES ('31735908618', 'Yildiz', 'Kocoglu', 'B Rh+', 'K', 177, 72, STR_TO_DATE('23/05/1954', '%d/%m/%Y'));
INSERT INTO hasta VALUES ('19128933433', 'Selen', 'Ayverdi', 'A Rh-', 'K', 198, 75, STR_TO_DATE('15/01/2006', '%d/%m/%Y'));
INSERT INTO hasta VALUES ('14315163735', 'Sila', 'Oraloglu', 'B Rh+', 'E', 189, 75, STR_TO_DATE('08/01/1916', '%d/%m/%Y'));
INSERT INTO hasta VALUES ('81701495533', 'Suleyman', 'Kucukler', 'B Rh+', 'K', 185, 97, STR_TO_DATE('18/09/1918', '%d/%m/%Y'));
INSERT INTO hasta VALUES ('91199832846', 'Rahsan', 'Kucukler', 'B Rh-', 'K', 196, 69, STR_TO_DATE('16/02/1989', '%d/%m/%Y'));
INSERT INTO hasta VALUES ('54374525069', 'Mesut', 'Kocoglu', 'AB Rh+', 'E', 181, 97, STR_TO_DATE('08/04/1984', '%d/%m/%Y'));
INSERT INTO hasta VALUES ('50263840579', 'Dilhan', 'Kocoglu', 'AB Rh-', 'K', 184, 92, STR_TO_DATE('16/12/1992', '%d/%m/%Y'));
INSERT INTO hasta VALUES ('15003040505', 'Ozden', 'Ayverdi', 'A Rh-', 'E', 167, 85, STR_TO_DATE('17/07/2005', '%d/%m/%Y'));
INSERT INTO hasta VALUES ('24886340462', 'Yildiz', 'Oraloglu', 'A Rh+', 'E', 199, 75, STR_TO_DATE('01/07/1991', '%d/%m/%Y'));
INSERT INTO hasta VALUES ('44088213678', 'Ekin', 'Kocoglu', 'A Rh+', 'K', 174, 109, STR_TO_DATE('24/12/2004', '%d/%m/%Y'));
INSERT INTO hasta VALUES ('88778465552', 'Belcim', 'Tunceri', 'B Rh-', 'K', 181, 77, STR_TO_DATE('04/07/2002', '%d/%m/%Y'));
INSERT INTO hasta VALUES ('73882597075', 'Nil', 'Kocoglu', 'B Rh-', 'K', 159, 100, STR_TO_DATE('08/09/1923', '%d/%m/%Y'));
INSERT INTO hasta VALUES ('62911167016', 'Mukaddes', 'Kunter', 'A Rh-', 'K', 167, 78, STR_TO_DATE('18/06/1925', '%d/%m/%Y'));
INSERT INTO hasta VALUES ('91774372236', 'Tevhid', 'Kunter', 'AB Rh+', 'E', 157, 60, STR_TO_DATE('13/02/1918', '%d/%m/%Y'));
INSERT INTO hasta VALUES ('69652020350', 'Agca', 'Ayverdi', 'B Rh+', 'E', 167, 90, STR_TO_DATE('22/05/2002', '%d/%m/%Y'));
INSERT INTO hasta VALUES ('93428407877', 'Melodi', 'Kocoglu', 'AB Rh+', 'K', 194, 70, STR_TO_DATE('22/11/1960', '%d/%m/%Y'));
INSERT INTO hasta VALUES ('61768798559', 'Ferah', 'Ayverdi', 'B Rh+', 'E', 167, 107, STR_TO_DATE('06/09/1915', '%d/%m/%Y'));
INSERT INTO hasta VALUES ('49712835619', 'Besra', 'Kunter', 'A Rh-', 'K', 158, 84, STR_TO_DATE('29/04/1970', '%d/%m/%Y'));
INSERT INTO hasta VALUES ('13863071693', 'Habil', 'Kocoglu', 'AB Rh+', 'E', 192, 62, STR_TO_DATE('16/03/1978', '%d/%m/%Y'));
INSERT INTO hasta VALUES ('18260501078', 'Guniz', 'Kocoglu', 'AB Rh-', 'E', 179, 93, STR_TO_DATE('09/02/1943', '%d/%m/%Y'));
INSERT INTO hasta VALUES ('16781884770', 'Ergin', 'Ayverdi', 'A Rh-', 'K', 167, 65, STR_TO_DATE('04/07/1962', '%d/%m/%Y'));
INSERT INTO hasta VALUES ('98247313827', 'Perihan', 'Kocoglu', 'B Rh+', 'E', 164, 105, STR_TO_DATE('01/03/1946', '%d/%m/%Y'));
INSERT INTO hasta VALUES ('97577221088', 'Goksin', 'Kucukler', 'AB Rh+', 'E', 170, 106, STR_TO_DATE('27/07/1987', '%d/%m/%Y'));
INSERT INTO hasta VALUES ('52853052441', 'Zâhit', 'Oraloglu', 'A Rh-', 'E', 181, 104, STR_TO_DATE('04/02/1991', '%d/%m/%Y'));
INSERT INTO hasta VALUES ('76305576915', 'Muaz', 'Kucukler', 'B Rh-', 'E', 163, 63, STR_TO_DATE('24/02/1960', '%d/%m/%Y'));
INSERT INTO hasta VALUES ('63048523032', 'Dogu', 'Oraloglu', 'B Rh-', 'K', 186, 89, STR_TO_DATE('27/06/2003', '%d/%m/%Y'));
INSERT INTO hasta VALUES ('57954938490', 'Zulal', 'Kucukler', 'A Rh+', 'E', 175, 72, STR_TO_DATE('23/03/1921', '%d/%m/%Y'));
INSERT INTO hasta VALUES ('89330851066', 'Hazar', 'Oraloglu', 'A Rh+', 'E', 170, 101, STR_TO_DATE('03/10/1965', '%d/%m/%Y'));
INSERT INTO hasta VALUES ('55216048633', 'Unseli', 'Tunceri', 'A Rh+', 'E', 181, 82, STR_TO_DATE('22/03/1967', '%d/%m/%Y'));
INSERT INTO hasta VALUES ('29335386165', 'Hilmi', 'Ayverdi', 'A Rh+', 'K', 195, 85, STR_TO_DATE('25/08/1992', '%d/%m/%Y'));
INSERT INTO hasta VALUES ('33708081995', 'Hande', 'Kucukler', 'AB Rh+', 'K', 181, 69, STR_TO_DATE('06/01/1937', '%d/%m/%Y'));
INSERT INTO hasta VALUES ('15214284976', 'Necla', 'Kucukler', 'AB Rh-', 'K', 167, 96, STR_TO_DATE('17/02/1951', '%d/%m/%Y'));
INSERT INTO hasta VALUES ('45905053038', 'Habbab', 'Oraloglu', 'AB Rh-', 'K', 188, 66, STR_TO_DATE('24/05/1975', '%d/%m/%Y'));
INSERT INTO hasta VALUES ('45783947907', 'Barlas', 'Oraloglu', 'AB Rh-', 'K', 162, 84, STR_TO_DATE('10/07/1963', '%d/%m/%Y'));
INSERT INTO hasta VALUES ('64961937737', 'Latife', 'Kunter', 'A Rh-', 'E', 171, 57, STR_TO_DATE('14/09/1927', '%d/%m/%Y'));
INSERT INTO hasta VALUES ('64344869117', 'Siir', 'Tunceri', 'B Rh+', 'E', 167, 91, STR_TO_DATE('13/11/1928', '%d/%m/%Y'));
INSERT INTO hasta VALUES ('66716888416', 'Dilberay', 'Kucukler', 'A Rh-', 'K', 158, 73, STR_TO_DATE('21/01/1926', '%d/%m/%Y'));
INSERT INTO hasta VALUES ('63212353520', 'Ismail', 'Kocoglu', 'A Rh-', 'K', 196, 73, STR_TO_DATE('28/06/1967', '%d/%m/%Y'));
INSERT INTO hasta VALUES ('31672452476', 'Fikriye', 'Kunter', 'B Rh-', 'E', 184, 98, STR_TO_DATE('23/01/1957', '%d/%m/%Y'));
INSERT INTO hasta VALUES ('40133742137', 'Hilal', 'Kucukler', 'AB Rh+', 'K', 158, 81, STR_TO_DATE('28/04/1978', '%d/%m/%Y'));
INSERT INTO hasta VALUES ('92314719852', 'Pervin', 'Tunceri', 'AB Rh-', 'K', 168, 70, STR_TO_DATE('11/04/1936', '%d/%m/%Y'));
INSERT INTO hasta VALUES ('94452076102', 'Hale', 'Ayverdi', 'A Rh+', 'E', 160, 97, STR_TO_DATE('13/09/1932', '%d/%m/%Y'));
INSERT INTO hasta VALUES ('78721564288', 'Cevahir', 'Kucukler', 'B Rh-', 'E', 184, 109, STR_TO_DATE('02/01/1924', '%d/%m/%Y'));
INSERT INTO hasta VALUES ('71267710045', 'Imran', 'Kucukler', 'B Rh+', 'K', 172, 74, STR_TO_DATE('01/01/1983', '%d/%m/%Y'));
INSERT INTO hasta VALUES ('11784848393', 'Ethem', 'Kocoglu', 'AB Rh+', 'E', 162, 87, STR_TO_DATE('26/11/1961', '%d/%m/%Y'));
INSERT INTO hasta VALUES ('37273466024', 'Veysi', 'Kunter', 'A Rh+', 'K', 188, 88, STR_TO_DATE('02/10/1945', '%d/%m/%Y'));
INSERT INTO hasta VALUES ('45652065983', 'Ecmel', 'Kucukler', 'AB Rh-', 'K', 184, 84, STR_TO_DATE('17/07/2002', '%d/%m/%Y'));
INSERT INTO hasta VALUES ('34627935962', 'Ilknur', 'Kocoglu', 'AB Rh-', 'K', 172, 91, STR_TO_DATE('01/06/1962', '%d/%m/%Y'));
INSERT INTO hasta VALUES ('21475840905', 'Perran', 'Tunceri', 'A Rh-', 'K', 197, 81, STR_TO_DATE('11/11/1974', '%d/%m/%Y'));
INSERT INTO hasta VALUES ('22158504153', 'Ferah', 'Ayverdi', 'A Rh+', 'K', 193, 68, STR_TO_DATE('16/11/1998', '%d/%m/%Y'));
INSERT INTO hasta VALUES ('90309918058', 'Efken', 'Tunceri', 'A Rh+', 'K', 155, 60, STR_TO_DATE('19/11/2005', '%d/%m/%Y'));
INSERT INTO hasta VALUES ('73832223213', 'Esen', 'Kocoglu', 'B Rh-', 'K', 194, 108, STR_TO_DATE('11/07/1989', '%d/%m/%Y'));
INSERT INTO hasta VALUES ('39322400030', 'Gulriz', 'Kunter', 'A Rh+', 'E', 168, 88, STR_TO_DATE('08/04/1979', '%d/%m/%Y'));
INSERT INTO hasta VALUES ('12821403965', 'Evran', 'Kocoglu', 'B Rh+', 'K', 179, 63, STR_TO_DATE('21/04/1954', '%d/%m/%Y'));
INSERT INTO hasta VALUES ('49914185822', 'Nusret', 'Kunter', 'B Rh-', 'K', 182, 76, STR_TO_DATE('03/05/1924', '%d/%m/%Y'));
INSERT INTO hasta VALUES ('23031755624', 'Cilay', 'Oraloglu', 'B Rh+', 'E', 192, 106, STR_TO_DATE('10/06/1958', '%d/%m/%Y'));
INSERT INTO hasta VALUES ('81002047471', 'Nihat', 'Tunceri', 'A Rh+', 'K', 161, 94, STR_TO_DATE('15/02/1936', '%d/%m/%Y'));
INSERT INTO hasta VALUES ('76031833594', 'Muren', 'Oraloglu', 'AB Rh+', 'K', 179, 74, STR_TO_DATE('07/10/1964', '%d/%m/%Y'));
INSERT INTO hasta VALUES ('76476760460', 'Talat', 'Tunceri', 'A Rh-', 'K', 178, 50, STR_TO_DATE('29/11/1996', '%d/%m/%Y'));
INSERT INTO hasta VALUES ('29708852740', 'Selma', 'Ayverdi', 'AB Rh+', 'E', 175, 70, STR_TO_DATE('27/10/1927', '%d/%m/%Y'));
INSERT INTO hasta VALUES ('97122598307', 'Safa', 'Tunceri', 'B Rh-', 'E', 188, 73, STR_TO_DATE('08/07/1935', '%d/%m/%Y'));
INSERT INTO hasta VALUES ('87772771961', 'Sema', 'Kucukler', 'AB Rh-', 'E', 183, 79, STR_TO_DATE('03/12/2007', '%d/%m/%Y'));
INSERT INTO hasta VALUES ('25791969144', 'Senay', 'Tunceri', 'A Rh-', 'K', 171, 75, STR_TO_DATE('22/07/1945', '%d/%m/%Y'));
INSERT INTO hasta VALUES ('12117543093', 'Ugur', 'Kocoglu', 'AB Rh+', 'E', 189, 77, STR_TO_DATE('16/11/2009', '%d/%m/%Y'));
INSERT INTO hasta VALUES ('77661744823', 'Yosun', 'Kucukler', 'B Rh+', 'K', 188, 100, STR_TO_DATE('15/04/1962', '%d/%m/%Y'));
INSERT INTO hasta VALUES ('26277755607', 'Kadir', 'Kunter', 'AB Rh+', 'K', 188, 82, STR_TO_DATE('18/09/1985', '%d/%m/%Y'));
INSERT INTO hasta VALUES ('34582785121', 'Habil', 'Kocoglu', 'AB Rh+', 'K', 183, 89, STR_TO_DATE('26/01/1944', '%d/%m/%Y'));
INSERT INTO hasta VALUES ('89031145279', 'Ikbal', 'Kunter', 'AB Rh-', 'E', 189, 51, STR_TO_DATE('07/06/1941', '%d/%m/%Y'));
INSERT INTO hasta VALUES ('85440715022', 'Abidin', 'Kocoglu', 'B Rh-', 'E', 183, 94, STR_TO_DATE('02/07/1929', '%d/%m/%Y'));
INSERT INTO hasta VALUES ('91675307430', 'Asim', 'Kunter', 'B Rh-', 'E', 196, 69, STR_TO_DATE('21/01/1940', '%d/%m/%Y'));
INSERT INTO hasta VALUES ('29852732414', 'Samed', 'Kocoglu', 'A Rh-', 'E', 187, 85, STR_TO_DATE('03/10/1961', '%d/%m/%Y'));
INSERT INTO hasta VALUES ('40719556565', 'Gokben', 'Ayverdi', 'AB Rh-', 'K', 194, 82, STR_TO_DATE('18/11/2001', '%d/%m/%Y'));
INSERT INTO hasta VALUES ('38853986866', 'Sunay', 'Kunter', 'B Rh+', 'E', 156, 54, STR_TO_DATE('19/01/1993', '%d/%m/%Y'));
INSERT INTO hasta VALUES ('72073256248', 'Dora', 'Ayverdi', 'A Rh+', 'K', 198, 83, STR_TO_DATE('20/09/1925', '%d/%m/%Y'));
INSERT INTO hasta VALUES ('77244993691', 'Ozcan', 'Ayverdi', 'AB Rh-', 'K', 166, 57, STR_TO_DATE('21/01/1925', '%d/%m/%Y'));
INSERT INTO hasta VALUES ('90455179763', 'Gulcin', 'Kocoglu', 'A Rh-', 'K', 164, 102, STR_TO_DATE('24/01/2004', '%d/%m/%Y'));
INSERT INTO hasta VALUES ('79560434250', 'Egemen', 'Kunter', 'B Rh-', 'K', 169, 108, STR_TO_DATE('05/03/1929', '%d/%m/%Y'));
INSERT INTO hasta VALUES ('34075769993', 'Munevver', 'Ayverdi', 'A Rh-', 'E', 191, 76, STR_TO_DATE('26/08/1992', '%d/%m/%Y'));
INSERT INTO hasta VALUES ('71635594284', 'Memduh', 'Kunter', 'A Rh-', 'K', 187, 61, STR_TO_DATE('22/12/1966', '%d/%m/%Y'));
INSERT INTO hasta VALUES ('41595971527', 'Canel', 'Kucukler', 'AB Rh+', 'E', 155, 80, STR_TO_DATE('25/05/1942', '%d/%m/%Y'));
INSERT INTO hasta VALUES ('68912063040', 'Nilgun', 'Ayverdi', 'A Rh+', 'E', 164, 92, STR_TO_DATE('11/11/2005', '%d/%m/%Y'));
INSERT INTO hasta VALUES ('98795786238', 'Derin', 'Kocoglu', 'A Rh+', 'E', 186, 61, STR_TO_DATE('08/09/1944', '%d/%m/%Y'));
INSERT INTO hasta VALUES ('75988234315', 'Sirri', 'Tunceri', 'B Rh-', 'E', 175, 78, STR_TO_DATE('06/10/1987', '%d/%m/%Y'));
INSERT INTO hasta VALUES ('55578940819', 'Huccet', 'Kucukler', 'A Rh-', 'E', 196, 109, STR_TO_DATE('20/06/1910', '%d/%m/%Y'));
INSERT INTO hasta VALUES ('16516886829', 'Kadriye', 'Oraloglu', 'B Rh-', 'K', 188, 85, STR_TO_DATE('09/01/2008', '%d/%m/%Y'));
INSERT INTO hasta VALUES ('51128842877', 'Gulgun', 'Ayverdi', 'AB Rh-', 'E', 163, 107, STR_TO_DATE('21/12/1998', '%d/%m/%Y'));
INSERT INTO hasta VALUES ('22351289767', 'Faruk', 'Kunter', 'A Rh-', 'K', 165, 109, STR_TO_DATE('01/03/2003', '%d/%m/%Y'));
INSERT INTO hasta VALUES ('78671143060', 'Nurullah', 'Tunceri', 'AB Rh-', 'E', 172, 103, STR_TO_DATE('18/06/1968', '%d/%m/%Y'));
INSERT INTO hasta VALUES ('85496667175', 'Acela', 'Kunter', 'AB Rh-', 'K', 155, 50, STR_TO_DATE('13/10/1964', '%d/%m/%Y'));
INSERT INTO hasta VALUES ('23656819269', 'Sururi', 'Kunter', 'AB Rh-', 'K', 183, 91, STR_TO_DATE('01/12/2009', '%d/%m/%Y'));
INSERT INTO hasta VALUES ('30155065182', 'Musir', 'Kucukler', 'A Rh-', 'K', 198, 70, STR_TO_DATE('13/07/1913', '%d/%m/%Y'));
INSERT INTO hasta VALUES ('61534466412', 'Hafid', 'Oraloglu', 'AB Rh-', 'E', 156, 56, STR_TO_DATE('17/10/1991', '%d/%m/%Y'));
INSERT INTO hasta VALUES ('21938763922', 'Cenk', 'Tunceri', 'A Rh-', 'K', 173, 72, STR_TO_DATE('17/11/1919', '%d/%m/%Y'));
INSERT INTO hasta VALUES ('96282010585', 'Humayun', 'Kunter', 'AB Rh+', 'K', 191, 67, STR_TO_DATE('05/11/1913', '%d/%m/%Y'));
INSERT INTO hasta VALUES ('15405207066', 'Coskun', 'Kucukler', 'AB Rh-', 'K', 196, 103, STR_TO_DATE('13/07/1940', '%d/%m/%Y'));
INSERT INTO hasta VALUES ('71477287736', 'Lamih', 'Kocoglu', 'AB Rh-', 'E', 197, 93, STR_TO_DATE('18/04/1965', '%d/%m/%Y'));
INSERT INTO hasta VALUES ('78185124468', 'Musir', 'Kucukler', 'AB Rh-', 'E', 184, 70, STR_TO_DATE('03/05/2008', '%d/%m/%Y'));
INSERT INTO hasta VALUES ('12275625055', 'Diler', 'Oraloglu', 'A Rh+', 'K', 198, 99, STR_TO_DATE('20/08/1926', '%d/%m/%Y'));
INSERT INTO hasta VALUES ('18457992910', 'Tevfik', 'Ayverdi', 'A Rh+', 'E', 167, 86, STR_TO_DATE('07/02/2004', '%d/%m/%Y'));
INSERT INTO hasta VALUES ('10755767189', 'Durriye', 'Oraloglu', 'AB Rh+', 'K', 161, 51, STR_TO_DATE('09/05/1955', '%d/%m/%Y'));
INSERT INTO hasta VALUES ('30839767765', 'Ozden', 'Kucukler', 'A Rh+', 'K', 168, 91, STR_TO_DATE('20/06/1986', '%d/%m/%Y'));
INSERT INTO hasta VALUES ('61704766698', 'Vahide', 'Kunter', 'B Rh+', 'K', 193, 56, STR_TO_DATE('16/10/1959', '%d/%m/%Y'));
INSERT INTO hasta VALUES ('35124110942', 'Yaprak', 'Tunceri', 'A Rh-', 'K', 162, 97, STR_TO_DATE('23/08/1967', '%d/%m/%Y'));
INSERT INTO hasta VALUES ('12231779064', 'Dincer', 'Kunter', 'AB Rh+', 'K', 195, 65, STR_TO_DATE('12/07/1930', '%d/%m/%Y'));
INSERT INTO hasta VALUES ('13473610107', 'Zulal', 'Oraloglu', 'AB Rh-', 'K', 198, 89, STR_TO_DATE('17/03/1953', '%d/%m/%Y'));
INSERT INTO hasta VALUES ('38108937727', 'Imran', 'Tunceri', 'A Rh-', 'E', 167, 54, STR_TO_DATE('13/06/1999', '%d/%m/%Y'));
INSERT INTO hasta VALUES ('55680217262', 'Sennur', 'Kucukler', 'B Rh+', 'K', 193, 76, STR_TO_DATE('21/04/1998', '%d/%m/%Y'));
INSERT INTO hasta VALUES ('56135193029', 'Ferruh', 'Tunceri', 'A Rh-', 'E', 161, 74, STR_TO_DATE('11/10/1955', '%d/%m/%Y'));
INSERT INTO hasta VALUES ('93538323491', 'Bartu', 'Ayverdi', 'A Rh+', 'E', 162, 108, STR_TO_DATE('22/10/1927', '%d/%m/%Y'));
INSERT INTO hasta VALUES ('35991877305', 'Ozlen', 'Kucukler', 'B Rh+', 'K', 185, 95, STR_TO_DATE('01/10/1997', '%d/%m/%Y'));
INSERT INTO hasta VALUES ('89870748649', 'Seckin', 'Oraloglu', 'A Rh+', 'E', 181, 88, STR_TO_DATE('01/10/1926', '%d/%m/%Y'));
INSERT INTO hasta VALUES ('66920602432', 'Hande', 'Oraloglu', 'AB Rh+', 'E', 189, 98, STR_TO_DATE('02/01/1944', '%d/%m/%Y'));
INSERT INTO hasta VALUES ('44694964329', 'Melisa', 'Kucukler', 'A Rh+', 'K', 190, 58, STR_TO_DATE('22/06/1926', '%d/%m/%Y'));
INSERT INTO hasta VALUES ('31484438566', 'Goknur', 'Oraloglu', 'AB Rh-', 'K', 167, 52, STR_TO_DATE('29/12/1921', '%d/%m/%Y'));
INSERT INTO hasta VALUES ('64537152456', 'Akiner', 'Ayverdi', 'B Rh-', 'E', 180, 78, STR_TO_DATE('29/04/2005', '%d/%m/%Y'));
INSERT INTO hasta VALUES ('81544202688', 'Benice', 'Ayverdi', 'AB Rh+', 'K', 160, 96, STR_TO_DATE('18/05/1979', '%d/%m/%Y'));
INSERT INTO hasta VALUES ('66842803051', 'Ecmel', 'Kocoglu', 'B Rh-', 'K', 161, 84, STR_TO_DATE('01/09/1992', '%d/%m/%Y'));
INSERT INTO hasta VALUES ('86385244489', 'Hande', 'Oraloglu', 'B Rh-', 'E', 155, 100, STR_TO_DATE('22/04/1926', '%d/%m/%Y'));
INSERT INTO hasta VALUES ('21580025626', 'Mihriban', 'Ayverdi', 'A Rh-', 'K', 178, 104, STR_TO_DATE('10/08/1961', '%d/%m/%Y'));
INSERT INTO hasta VALUES ('18172320110', 'Aktekin', 'Kunter', 'B Rh-', 'K', 171, 105, STR_TO_DATE('02/12/1981', '%d/%m/%Y'));
INSERT INTO hasta VALUES ('59122705353', 'Nergis', 'Tunceri', 'AB Rh-', 'E', 187, 53, STR_TO_DATE('07/09/1921', '%d/%m/%Y'));
INSERT INTO hasta VALUES ('95703082614', 'Amelya', 'Kocoglu', 'AB Rh-', 'K', 164, 63, STR_TO_DATE('08/11/1977', '%d/%m/%Y'));
INSERT INTO hasta VALUES ('72736119142', 'Isilay', 'Tunceri', 'B Rh-', 'E', 175, 70, STR_TO_DATE('10/01/1968', '%d/%m/%Y'));
INSERT INTO hasta VALUES ('25904094398', 'Meliksah', 'Kunter', 'B Rh-', 'K', 189, 95, STR_TO_DATE('14/03/1965', '%d/%m/%Y'));
INSERT INTO hasta VALUES ('75010277952', 'Ukbe', 'Kunter', 'B Rh+', 'E', 176, 98, STR_TO_DATE('01/04/1939', '%d/%m/%Y'));
INSERT INTO hasta VALUES ('29024600049', 'Evsen', 'Kunter', 'AB Rh+', 'K', 160, 106, STR_TO_DATE('19/09/2001', '%d/%m/%Y'));
INSERT INTO hasta VALUES ('63168849087', 'Goksin', 'Oraloglu', 'AB Rh+', 'E', 196, 54, STR_TO_DATE('29/01/1989', '%d/%m/%Y'));
INSERT INTO hasta VALUES ('84746868410', 'Yildiz', 'Ayverdi', 'A Rh+', 'K', 165, 95, STR_TO_DATE('19/05/1931', '%d/%m/%Y'));
INSERT INTO hasta VALUES ('85917118538', 'Korkut', 'Kucukler', 'A Rh-', 'K', 196, 52, STR_TO_DATE('19/02/1982', '%d/%m/%Y'));
INSERT INTO hasta VALUES ('73835943105', 'Kevser', 'Oraloglu', 'B Rh+', 'K', 158, 102, STR_TO_DATE('01/03/1983', '%d/%m/%Y'));
INSERT INTO hasta VALUES ('62468981872', 'Gulcin', 'Oraloglu', 'AB Rh+', 'K', 184, 72, STR_TO_DATE('14/01/1956', '%d/%m/%Y'));
INSERT INTO hasta VALUES ('15786036007', 'Ikbal', 'Kucukler', 'A Rh+', 'E', 184, 91, STR_TO_DATE('09/10/1944', '%d/%m/%Y'));
INSERT INTO hasta VALUES ('85386583806', 'Isil', 'Tunceri', 'B Rh-', 'K', 180, 61, STR_TO_DATE('01/09/1924', '%d/%m/%Y'));
INSERT INTO hasta VALUES ('22873484293', 'Egemen', 'Kocoglu', 'A Rh-', 'K', 176, 98, STR_TO_DATE('04/08/1988', '%d/%m/%Y'));
INSERT INTO hasta VALUES ('89246551529', 'Tahir', 'Kocoglu', 'B Rh+', 'E', 175, 82, STR_TO_DATE('25/07/2007', '%d/%m/%Y'));
INSERT INTO hasta VALUES ('72437583092', 'Guher', 'Oraloglu', 'B Rh-', 'E', 169, 90, STR_TO_DATE('04/09/1956', '%d/%m/%Y'));
INSERT INTO hasta VALUES ('57121334894', 'Musa', 'Tunceri', 'AB Rh-', 'K', 170, 76, STR_TO_DATE('29/01/2007', '%d/%m/%Y'));
INSERT INTO hasta VALUES ('55863160886', 'Nil', 'Oraloglu', 'B Rh+', 'E', 177, 66, STR_TO_DATE('01/08/1942', '%d/%m/%Y'));
INSERT INTO hasta VALUES ('72119246211', 'Fahriye', 'Oraloglu', 'A Rh-', 'K', 184, 84, STR_TO_DATE('01/01/1972', '%d/%m/%Y'));
INSERT INTO hasta VALUES ('27546672416', 'Mukadder', 'Kocoglu', 'A Rh-', 'K', 166, 64, STR_TO_DATE('27/01/2007', '%d/%m/%Y'));
INSERT INTO hasta VALUES ('87715478174', 'Fazullah', 'Kunter', 'B Rh-', 'K', 166, 53, STR_TO_DATE('14/11/1921', '%d/%m/%Y'));
INSERT INTO hasta VALUES ('56394193108', 'Muktedi', 'Tunceri', 'A Rh-', 'K', 181, 87, STR_TO_DATE('21/12/1928', '%d/%m/%Y'));
INSERT INTO hasta VALUES ('41956840557', 'Hande', 'Kunter', 'B Rh-', 'K', 192, 95, STR_TO_DATE('08/01/1912', '%d/%m/%Y'));
INSERT INTO hasta VALUES ('55555199110', 'Cevahir', 'Oraloglu', 'A Rh+', 'K', 190, 62, STR_TO_DATE('22/05/1972', '%d/%m/%Y'));
INSERT INTO hasta VALUES ('16306176258', 'Ergun', 'Kucukler', 'A Rh+', 'E', 159, 109, STR_TO_DATE('11/02/1983', '%d/%m/%Y'));
INSERT INTO hasta VALUES ('88075166535', 'Hasan', 'Kocoglu', 'AB Rh+', 'K', 182, 60, STR_TO_DATE('01/08/1936', '%d/%m/%Y'));
INSERT INTO hasta VALUES ('25618385508', 'Deste', 'Kunter', 'AB Rh-', 'K', 191, 102, STR_TO_DATE('12/07/1996', '%d/%m/%Y'));
INSERT INTO hasta VALUES ('53623589691', 'Sibel', 'Kunter', 'A Rh+', 'K', 188, 82, STR_TO_DATE('09/09/1992', '%d/%m/%Y'));
INSERT INTO hasta VALUES ('94738083449', 'Humayun', 'Ayverdi', 'B Rh-', 'K', 171, 67, STR_TO_DATE('28/02/1967', '%d/%m/%Y'));
INSERT INTO hasta VALUES ('77386804022', 'Dikmen', 'Kunter', 'A Rh+', 'E', 198, 85, STR_TO_DATE('20/06/1940', '%d/%m/%Y'));
INSERT INTO hasta VALUES ('52481399786', 'Dikmen', 'Tunceri', 'A Rh-', 'K', 172, 79, STR_TO_DATE('25/05/1953', '%d/%m/%Y'));
INSERT INTO hasta VALUES ('37316033043', 'Acela', 'Kunter', 'A Rh-', 'K', 161, 57, STR_TO_DATE('12/02/1946', '%d/%m/%Y'));
INSERT INTO hasta VALUES ('77573459323', 'Sergen', 'Oraloglu', 'B Rh+', 'K', 161, 95, STR_TO_DATE('05/08/1939', '%d/%m/%Y'));
INSERT INTO hasta VALUES ('79065769068', 'Sergen', 'Oraloglu', 'A Rh-', 'E', 162, 75, STR_TO_DATE('21/12/1926', '%d/%m/%Y'));
INSERT INTO hasta VALUES ('22546901136', 'Talat', 'Oraloglu', 'B Rh+', 'K', 199, 86, STR_TO_DATE('26/01/1943', '%d/%m/%Y'));
INSERT INTO hasta VALUES ('10579171200', 'Alisa', 'Kunter', 'AB Rh+', 'K', 170, 72, STR_TO_DATE('01/10/2004', '%d/%m/%Y'));
INSERT INTO hasta VALUES ('52768719202', 'Feyzullah', 'Oraloglu', 'A Rh-', 'K', 175, 75, STR_TO_DATE('12/09/1931', '%d/%m/%Y'));
INSERT INTO hasta VALUES ('43651442233', 'Tevfik', 'Kunter', 'A Rh-', 'E', 178, 96, STR_TO_DATE('13/09/1941', '%d/%m/%Y'));
INSERT INTO hasta VALUES ('75526442062', 'Tarik', 'Kocoglu', 'AB Rh+', 'E', 156, 82, STR_TO_DATE('16/05/1910', '%d/%m/%Y'));
INSERT INTO hasta VALUES ('39489634444', 'Erkâm', 'Kucukler', 'AB Rh+', 'K', 185, 101, STR_TO_DATE('05/06/1929', '%d/%m/%Y'));
INSERT INTO hasta VALUES ('56741451773', 'Tarik', 'Kucukler', 'A Rh+', 'E', 165, 66, STR_TO_DATE('03/05/1932', '%d/%m/%Y'));
INSERT INTO hasta VALUES ('47923532292', 'Ozden', 'Tunceri', 'B Rh-', 'K', 161, 52, STR_TO_DATE('03/01/1996', '%d/%m/%Y'));
INSERT INTO hasta VALUES ('44803978330', 'Demiralp', 'Oraloglu', 'A Rh-', 'K', 180, 62, STR_TO_DATE('23/10/1954', '%d/%m/%Y'));
INSERT INTO hasta VALUES ('55925730543', 'Enise', 'Kocoglu', 'B Rh+', 'E', 190, 94, STR_TO_DATE('06/06/1955', '%d/%m/%Y'));
INSERT INTO hasta VALUES ('91328013430', 'Vildan', 'Kucukler', 'AB Rh+', 'K', 197, 101, STR_TO_DATE('06/12/2009', '%d/%m/%Y'));
INSERT INTO hasta VALUES ('40608759169', 'Secil', 'Kucukler', 'A Rh-', 'E', 161, 57, STR_TO_DATE('25/11/1994', '%d/%m/%Y'));
INSERT INTO hasta VALUES ('68461660445', 'Altan', 'Kucukler', 'B Rh-', 'K', 165, 82, STR_TO_DATE('07/06/1988', '%d/%m/%Y'));
INSERT INTO hasta VALUES ('17757253485', 'Aykal', 'Kocoglu', 'B Rh+', 'E', 158, 59, STR_TO_DATE('16/10/1910', '%d/%m/%Y'));
INSERT INTO hasta VALUES ('21956823969', 'Hilmi', 'Tunceri', 'AB Rh+', 'E', 197, 51, STR_TO_DATE('24/02/1950', '%d/%m/%Y'));
INSERT INTO hasta VALUES ('16022521586', 'Mevlut', 'Kucukler', 'A Rh-', 'E', 167, 68, STR_TO_DATE('26/10/2008', '%d/%m/%Y'));
INSERT INTO hasta VALUES ('14317458205', 'Efken', 'Tunceri', 'A Rh+', 'K', 185, 67, STR_TO_DATE('05/07/2008', '%d/%m/%Y'));
INSERT INTO hasta VALUES ('86520803738', 'Rengin', 'Kocoglu', 'AB Rh+', 'K', 160, 85, STR_TO_DATE('09/11/1928', '%d/%m/%Y'));
INSERT INTO hasta VALUES ('33402668534', 'Efsun', 'Tunceri', 'AB Rh+', 'E', 168, 81, STR_TO_DATE('04/12/1941', '%d/%m/%Y'));
INSERT INTO hasta VALUES ('85834967322', 'Isil', 'Tunceri', 'A Rh+', 'E', 176, 101, STR_TO_DATE('27/02/1981', '%d/%m/%Y'));
INSERT INTO hasta VALUES ('77928048583', 'Verda', 'Oraloglu', 'B Rh-', 'E', 172, 53, STR_TO_DATE('10/12/1949', '%d/%m/%Y'));
INSERT INTO hasta VALUES ('31765911669', 'Neslisah', 'Tunceri', 'B Rh+', 'K', 165, 105, STR_TO_DATE('04/10/1992', '%d/%m/%Y'));
INSERT INTO hasta VALUES ('92787601364', 'Tezcan', 'Oraloglu', 'AB Rh+', 'K', 167, 109, STR_TO_DATE('16/04/1948', '%d/%m/%Y'));
INSERT INTO hasta VALUES ('84479995679', 'Iclal', 'Kocoglu', 'A Rh-', 'E', 159, 66, STR_TO_DATE('06/01/1986', '%d/%m/%Y'));
INSERT INTO hasta VALUES ('15075326062', 'Yaprak', 'Tunceri', 'A Rh-', 'E', 185, 93, STR_TO_DATE('18/01/1960', '%d/%m/%Y'));
INSERT INTO hasta VALUES ('21709393018', 'Hasim', 'Tunceri', 'AB Rh-', 'E', 186, 98, STR_TO_DATE('27/11/1972', '%d/%m/%Y'));
INSERT INTO hasta VALUES ('45450134395', 'Nurullah', 'Kocoglu', 'A Rh-', 'E', 182, 82, STR_TO_DATE('28/06/1957', '%d/%m/%Y'));
INSERT INTO hasta VALUES ('75751147660', 'Acela', 'Oraloglu', 'A Rh+', 'K', 198, 53, STR_TO_DATE('17/04/1999', '%d/%m/%Y'));
INSERT INTO hasta VALUES ('84051087724', 'Cesminaz', 'Ayverdi', 'A Rh-', 'E', 175, 107, STR_TO_DATE('22/09/1958', '%d/%m/%Y'));
INSERT INTO hasta VALUES ('74052132003', 'Recep', 'Kunter', 'B Rh+', 'E', 176, 73, STR_TO_DATE('22/01/1997', '%d/%m/%Y'));
INSERT INTO hasta VALUES ('59884338179', 'Gizem', 'Tunceri', 'A Rh-', 'K', 163, 93, STR_TO_DATE('03/06/1999', '%d/%m/%Y'));
INSERT INTO hasta VALUES ('88010533146', 'Kessaf', 'Tunceri', 'B Rh+', 'K', 159, 75, STR_TO_DATE('26/03/1931', '%d/%m/%Y'));
INSERT INTO hasta VALUES ('23655391826', 'Sibel', 'Tunceri', 'A Rh+', 'K', 194, 66, STR_TO_DATE('02/01/2005', '%d/%m/%Y'));
INSERT INTO hasta VALUES ('76997285287', 'Semra', 'Kunter', 'B Rh-', 'K', 172, 82, STR_TO_DATE('24/05/1916', '%d/%m/%Y'));
INSERT INTO hasta VALUES ('73387084789', 'Sennur', 'Tunceri', 'B Rh-', 'E', 173, 70, STR_TO_DATE('18/06/1945', '%d/%m/%Y'));
INSERT INTO hasta VALUES ('75392367641', 'Nasrullah', 'Kunter', 'AB Rh+', 'E', 167, 72, STR_TO_DATE('28/03/1982', '%d/%m/%Y'));
INSERT INTO hasta VALUES ('60744988536', 'Beser', 'Ayverdi', 'A Rh+', 'E', 191, 53, STR_TO_DATE('29/09/1961', '%d/%m/%Y'));
INSERT INTO hasta VALUES ('80643340490', 'Selen', 'Kocoglu', 'B Rh-', 'K', 194, 79, STR_TO_DATE('15/12/1995', '%d/%m/%Y'));
INSERT INTO hasta VALUES ('82349551631', 'Zuhal', 'Tunceri', 'A Rh+', 'K', 175, 73, STR_TO_DATE('09/03/1981', '%d/%m/%Y'));
INSERT INTO hasta VALUES ('13838784961', 'Ilkyaz', 'Kucukler', 'A Rh-', 'K', 163, 89, STR_TO_DATE('14/06/1950', '%d/%m/%Y'));
INSERT INTO hasta VALUES ('69555725773', 'Sevket', 'Kocoglu', 'A Rh-', 'K', 174, 63, STR_TO_DATE('15/10/1964', '%d/%m/%Y'));
INSERT INTO hasta VALUES ('62489901236', 'Cafer', 'Oraloglu', 'A Rh+', 'K', 161, 91, STR_TO_DATE('11/09/2008', '%d/%m/%Y'));
INSERT INTO hasta VALUES ('60692724209', 'Fatin', 'Kunter', 'B Rh+', 'E', 184, 108, STR_TO_DATE('23/12/1949', '%d/%m/%Y'));
INSERT INTO hasta VALUES ('84048515590', 'Rafet', 'Ayverdi', 'A Rh+', 'K', 186, 64, STR_TO_DATE('19/03/1952', '%d/%m/%Y'));
INSERT INTO hasta VALUES ('76761881823', 'Rasim', 'Tunceri', 'AB Rh-', 'K', 169, 101, STR_TO_DATE('20/01/1984', '%d/%m/%Y'));
INSERT INTO hasta VALUES ('88980718382', 'Aktekin', 'Kocoglu', 'A Rh-', 'E', 196, 78, STR_TO_DATE('11/07/1957', '%d/%m/%Y'));
INSERT INTO hasta VALUES ('36815860350', 'Ozden', 'Kucukler', 'AB Rh-', 'E', 156, 66, STR_TO_DATE('06/09/1980', '%d/%m/%Y'));
INSERT INTO hasta VALUES ('87638402311', 'Kadriye', 'Kucukler', 'AB Rh+', 'E', 170, 80, STR_TO_DATE('25/04/1918', '%d/%m/%Y'));
INSERT INTO hasta VALUES ('27098369239', 'Ceyhun', 'Kocoglu', 'AB Rh-', 'E', 188, 74, STR_TO_DATE('03/09/2000', '%d/%m/%Y'));
INSERT INTO hasta VALUES ('21707875153', 'Adelya', 'Tunceri', 'AB Rh+', 'E', 187, 88, STR_TO_DATE('01/06/1986', '%d/%m/%Y'));
INSERT INTO hasta VALUES ('27827015591', 'Kemâl', 'Kocoglu', 'A Rh-', 'K', 157, 85, STR_TO_DATE('04/10/1982', '%d/%m/%Y'));
INSERT INTO hasta VALUES ('76506436368', 'Sibel', 'Kocoglu', 'A Rh+', 'K', 160, 56, STR_TO_DATE('17/05/1986', '%d/%m/%Y'));
INSERT INTO hasta VALUES ('88304434344', 'Hudayi', 'Tunceri', 'AB Rh+', 'K', 184, 99, STR_TO_DATE('05/03/1959', '%d/%m/%Y'));
INSERT INTO hasta VALUES ('61596627736', 'Harun', 'Kucukler', 'B Rh-', 'K', 172, 102, STR_TO_DATE('23/12/1933', '%d/%m/%Y'));
INSERT INTO hasta VALUES ('54166666929', 'Efken', 'Kucukler', 'A Rh+', 'E', 167, 72, STR_TO_DATE('27/12/1924', '%d/%m/%Y'));
INSERT INTO hasta VALUES ('62790107049', 'Hande', 'Oraloglu', 'B Rh-', 'K', 181, 80, STR_TO_DATE('01/09/1966', '%d/%m/%Y'));
INSERT INTO hasta VALUES ('25363028098', 'Sadullah', 'Tunceri', 'A Rh-', 'E', 188, 75, STR_TO_DATE('11/12/1953', '%d/%m/%Y'));
INSERT INTO hasta VALUES ('71583426371', 'Fulden', 'Kunter', 'B Rh+', 'K', 183, 67, STR_TO_DATE('07/03/1965', '%d/%m/%Y'));
INSERT INTO hasta VALUES ('83141694420', 'Meryem', 'Ayverdi', 'AB Rh+', 'K', 178, 66, STR_TO_DATE('16/01/1975', '%d/%m/%Y'));
INSERT INTO hasta VALUES ('32968867548', 'Muhterem', 'Oraloglu', 'AB Rh+', 'E', 157, 54, STR_TO_DATE('18/07/1918', '%d/%m/%Y'));
INSERT INTO hasta VALUES ('88410287762', 'Meryem', 'Ayverdi', 'A Rh+', 'K', 199, 84, STR_TO_DATE('16/10/1975', '%d/%m/%Y'));
INSERT INTO hasta VALUES ('80912919940', 'Kagan', 'Oraloglu', 'A Rh+', 'E', 174, 84, STR_TO_DATE('20/05/1957', '%d/%m/%Y'));
INSERT INTO hasta VALUES ('30237598502', 'Adelya', 'Ayverdi', 'AB Rh+', 'E', 185, 71, STR_TO_DATE('20/01/1939', '%d/%m/%Y'));
INSERT INTO hasta VALUES ('82858112743', 'Durriye', 'Kunter', 'A Rh-', 'K', 164, 109, STR_TO_DATE('04/01/1986', '%d/%m/%Y'));
INSERT INTO hasta VALUES ('60845893155', 'Ferman', 'Tunceri', 'B Rh-', 'E', 186, 57, STR_TO_DATE('29/07/2002', '%d/%m/%Y'));
INSERT INTO hasta VALUES ('32783730077', 'Anka', 'Kocoglu', 'A Rh-', 'E', 179, 70, STR_TO_DATE('13/03/1954', '%d/%m/%Y'));
INSERT INTO hasta VALUES ('72169353311', 'Fureyya', 'Kocoglu', 'AB Rh-', 'K', 160, 57, STR_TO_DATE('27/11/1945', '%d/%m/%Y'));
INSERT INTO hasta VALUES ('39417739532', 'Oktay', 'Kocoglu', 'A Rh+', 'E', 194, 90, STR_TO_DATE('27/09/1957', '%d/%m/%Y'));
INSERT INTO hasta VALUES ('11266949683', 'Cagrihan', 'Kunter', 'B Rh+', 'K', 188, 87, STR_TO_DATE('19/03/1952', '%d/%m/%Y'));
INSERT INTO hasta VALUES ('37466584693', 'Ozlen', 'Ayverdi', 'A Rh+', 'E', 156, 60, STR_TO_DATE('18/02/1975', '%d/%m/%Y'));
INSERT INTO hasta VALUES ('17762758639', 'Neslisah', 'Kunter', 'B Rh-', 'K', 190, 96, STR_TO_DATE('01/01/1932', '%d/%m/%Y'));
INSERT INTO hasta VALUES ('88388369331', 'Isin', 'Tunceri', 'B Rh-', 'E', 160, 108, STR_TO_DATE('20/05/1969', '%d/%m/%Y'));
INSERT INTO hasta VALUES ('27691038166', 'Tunc', 'Tunceri', 'AB Rh+', 'K', 166, 70, STR_TO_DATE('04/04/1960', '%d/%m/%Y'));
INSERT INTO hasta VALUES ('39887942055', 'Behrem', 'Oraloglu', 'AB Rh-', 'E', 184, 96, STR_TO_DATE('14/05/2000', '%d/%m/%Y'));
INSERT INTO hasta VALUES ('50070669594', 'Isik', 'Ayverdi', 'A Rh+', 'K', 196, 75, STR_TO_DATE('23/03/1989', '%d/%m/%Y'));
INSERT INTO hasta VALUES ('29022269346', 'Ulviye', 'Kunter', 'A Rh-', 'E', 176, 106, STR_TO_DATE('07/10/1941', '%d/%m/%Y'));
INSERT INTO hasta VALUES ('51709391008', 'Sihab', 'Tunceri', 'AB Rh+', 'E', 188, 57, STR_TO_DATE('21/04/1943', '%d/%m/%Y'));
INSERT INTO hasta VALUES ('19616006221', 'Oznur', 'Oraloglu', 'A Rh-', 'K', 179, 93, STR_TO_DATE('10/09/1999', '%d/%m/%Y'));
INSERT INTO hasta VALUES ('73413179390', 'Dolunay', 'Oraloglu', 'B Rh+', 'E', 171, 73, STR_TO_DATE('10/07/1994', '%d/%m/%Y'));
INSERT INTO hasta VALUES ('75162711489', 'Umut', 'Tunceri', 'A Rh-', 'E', 182, 72, STR_TO_DATE('01/10/1963', '%d/%m/%Y'));
INSERT INTO hasta VALUES ('72304841149', 'Mehmet', 'Kucukler', 'B Rh+', 'K', 177, 101, STR_TO_DATE('05/10/1978', '%d/%m/%Y'));
INSERT INTO hasta VALUES ('65204851409', 'Fedai', 'Ayverdi', 'AB Rh-', 'K', 176, 86, STR_TO_DATE('05/01/1949', '%d/%m/%Y'));
INSERT INTO hasta VALUES ('72163861023', 'Eftalya', 'Tunceri', 'A Rh-', 'E', 175, 71, STR_TO_DATE('22/02/2003', '%d/%m/%Y'));
INSERT INTO hasta VALUES ('40208403427', 'Gulcin', 'Ayverdi', 'A Rh-', 'E', 157, 98, STR_TO_DATE('18/11/2001', '%d/%m/%Y'));
INSERT INTO hasta VALUES ('24736282804', 'Lida', 'Kocoglu', 'B Rh+', 'E', 178, 52, STR_TO_DATE('24/03/1960', '%d/%m/%Y'));
INSERT INTO hasta VALUES ('72129738388', 'Behrem', 'Kunter', 'AB Rh+', 'E', 184, 82, STR_TO_DATE('13/01/1984', '%d/%m/%Y'));
INSERT INTO hasta VALUES ('95305765625', 'Kerem', 'Tunceri', 'A Rh-', 'K', 187, 104, STR_TO_DATE('15/01/1937', '%d/%m/%Y'));
INSERT INTO hasta VALUES ('84091604851', 'Selen', 'Kucukler', 'A Rh-', 'K', 169, 79, STR_TO_DATE('12/05/1960', '%d/%m/%Y'));
INSERT INTO hasta VALUES ('63297123318', 'Hafid', 'Ayverdi', 'B Rh+', 'E', 181, 91, STR_TO_DATE('08/01/1989', '%d/%m/%Y'));
INSERT INTO hasta VALUES ('49786725996', 'Selen', 'Oraloglu', 'A Rh+', 'K', 195, 109, STR_TO_DATE('02/04/1940', '%d/%m/%Y'));
INSERT INTO hasta VALUES ('71335177210', 'Guven', 'Kocoglu', 'AB Rh-', 'E', 158, 89, STR_TO_DATE('14/01/1926', '%d/%m/%Y'));
INSERT INTO hasta VALUES ('80823568753', 'Diclehan', 'Kunter', 'A Rh+', 'E', 163, 86, STR_TO_DATE('06/09/1965', '%d/%m/%Y'));
INSERT INTO hasta VALUES ('97987327048', 'Aktimur', 'Kunter', 'AB Rh-', 'E', 155, 81, STR_TO_DATE('01/02/1923', '%d/%m/%Y'));
INSERT INTO hasta VALUES ('71896200599', 'Berat', 'Ayverdi', 'B Rh+', 'E', 176, 69, STR_TO_DATE('09/02/1933', '%d/%m/%Y'));
INSERT INTO hasta VALUES ('18015767704', 'Saffet', 'Ayverdi', 'B Rh+', 'E', 179, 102, STR_TO_DATE('28/03/1946', '%d/%m/%Y'));
INSERT INTO hasta VALUES ('28903803514', 'Ipek', 'Ayverdi', 'AB Rh+', 'K', 170, 87, STR_TO_DATE('17/01/2003', '%d/%m/%Y'));
INSERT INTO hasta VALUES ('12619171879', 'Ulku', 'Kocoglu', 'A Rh+', 'E', 173, 80, STR_TO_DATE('17/09/1968', '%d/%m/%Y'));
INSERT INTO hasta VALUES ('18988390692', 'Anka', 'Kucukler', 'AB Rh-', 'K', 170, 70, STR_TO_DATE('20/12/1925', '%d/%m/%Y'));
INSERT INTO hasta VALUES ('55721652646', 'Faik', 'Kunter', 'B Rh-', 'K', 195, 92, STR_TO_DATE('22/07/1911', '%d/%m/%Y'));
INSERT INTO hasta VALUES ('68077326960', 'Anise', 'Tunceri', 'AB Rh-', 'E', 160, 103, STR_TO_DATE('17/09/1977', '%d/%m/%Y'));
INSERT INTO hasta VALUES ('58825426327', 'Bedreddin', 'Tunceri', 'B Rh+', 'E', 166, 78, STR_TO_DATE('14/11/1934', '%d/%m/%Y'));
INSERT INTO hasta VALUES ('58385218943', 'Acelya', 'Oraloglu', 'A Rh+', 'E', 196, 87, STR_TO_DATE('07/03/1928', '%d/%m/%Y'));
INSERT INTO hasta VALUES ('28085254558', 'Guniz', 'Oraloglu', 'A Rh+', 'E', 183, 100, STR_TO_DATE('25/06/1964', '%d/%m/%Y'));
INSERT INTO hasta VALUES ('38246438831', 'Vehbi', 'Kucukler', 'AB Rh-', 'E', 187, 59, STR_TO_DATE('08/07/1925', '%d/%m/%Y'));
INSERT INTO hasta VALUES ('66015300108', 'Gulben', 'Kucukler', 'B Rh-', 'K', 177, 70, STR_TO_DATE('14/12/1922', '%d/%m/%Y'));
INSERT INTO hasta VALUES ('95053137098', 'Abidin', 'Ayverdi', 'B Rh-', 'E', 171, 107, STR_TO_DATE('18/10/2000', '%d/%m/%Y'));
INSERT INTO hasta VALUES ('70277822152', 'Sennur', 'Oraloglu', 'B Rh+', 'K', 188, 100, STR_TO_DATE('23/05/1917', '%d/%m/%Y'));
INSERT INTO hasta VALUES ('77944934527', 'Bugra', 'Ayverdi', 'AB Rh+', 'E', 172, 85, STR_TO_DATE('27/10/1946', '%d/%m/%Y'));
INSERT INTO hasta VALUES ('73492010945', 'Nihal', 'Kucukler', 'A Rh-', 'E', 184, 71, STR_TO_DATE('20/08/1983', '%d/%m/%Y'));
INSERT INTO hasta VALUES ('30475882713', 'Kismet', 'Kocoglu', 'B Rh+', 'E', 171, 75, STR_TO_DATE('05/02/1976', '%d/%m/%Y'));
INSERT INTO hasta VALUES ('23786562137', 'Bedran', 'Oraloglu', 'AB Rh+', 'K', 161, 99, STR_TO_DATE('19/12/1996', '%d/%m/%Y'));
INSERT INTO hasta VALUES ('78063453624', 'Emrah', 'Oraloglu', 'B Rh+', 'K', 161, 87, STR_TO_DATE('26/07/2002', '%d/%m/%Y'));
INSERT INTO hasta VALUES ('25576326805', 'Ilkay', 'Kucukler', 'AB Rh-', 'K', 171, 92, STR_TO_DATE('05/04/2003', '%d/%m/%Y'));
INSERT INTO hasta VALUES ('66914719766', 'Dilara', 'Ayverdi', 'B Rh+', 'E', 171, 93, STR_TO_DATE('11/10/1982', '%d/%m/%Y'));
INSERT INTO hasta VALUES ('38867599562', 'Kubat', 'Tunceri', 'AB Rh-', 'K', 178, 103, STR_TO_DATE('27/02/1930', '%d/%m/%Y'));
INSERT INTO hasta VALUES ('78974641600', 'Remzi', 'Tunceri', 'B Rh-', 'K', 180, 65, STR_TO_DATE('22/08/1916', '%d/%m/%Y'));
INSERT INTO hasta VALUES ('84310481168', 'Selma', 'Kocoglu', 'B Rh+', 'K', 164, 75, STR_TO_DATE('11/10/1967', '%d/%m/%Y'));
INSERT INTO hasta VALUES ('32098104479', 'Mirkelam', 'Kucukler', 'AB Rh-', 'E', 175, 52, STR_TO_DATE('03/06/1997', '%d/%m/%Y'));
INSERT INTO hasta VALUES ('41067990688', 'Aslim', 'Kucukler', 'AB Rh+', 'K', 156, 104, STR_TO_DATE('24/05/1944', '%d/%m/%Y'));
INSERT INTO hasta VALUES ('54456723091', 'Veli', 'Kunter', 'AB Rh+', 'E', 195, 63, STR_TO_DATE('26/01/1947', '%d/%m/%Y'));
INSERT INTO hasta VALUES ('70349734512', 'Gunseli', 'Oraloglu', 'AB Rh+', 'E', 196, 89, STR_TO_DATE('14/11/1942', '%d/%m/%Y'));
INSERT INTO hasta VALUES ('17819824966', 'Ercan', 'Oraloglu', 'A Rh+', 'K', 180, 59, STR_TO_DATE('01/08/1994', '%d/%m/%Y'));
INSERT INTO hasta VALUES ('29942737775', 'Merve', 'Ayverdi', 'A Rh-', 'K', 181, 107, STR_TO_DATE('14/07/2005', '%d/%m/%Y'));
INSERT INTO hasta VALUES ('71388932478', 'Nazli', 'Kocoglu', 'A Rh-', 'E', 172, 88, STR_TO_DATE('27/03/1968', '%d/%m/%Y'));
INSERT INTO hasta VALUES ('44987198748', 'Yelda', 'Kunter', 'AB Rh-', 'E', 160, 109, STR_TO_DATE('14/10/1944', '%d/%m/%Y'));
INSERT INTO hasta VALUES ('24569143392', 'Fikriye', 'Kunter', 'B Rh+', 'E', 169, 63, STR_TO_DATE('05/06/1922', '%d/%m/%Y'));
INSERT INTO hasta VALUES ('79288148125', 'Sidki', 'Oraloglu', 'B Rh-', 'E', 183, 62, STR_TO_DATE('24/01/1961', '%d/%m/%Y'));
INSERT INTO hasta VALUES ('69054554781', 'Olcay', 'Kocoglu', 'A Rh-', 'K', 199, 80, STR_TO_DATE('03/09/1912', '%d/%m/%Y'));
INSERT INTO hasta VALUES ('52395424727', 'Diler', 'Oraloglu', 'A Rh-', 'E', 163, 72, STR_TO_DATE('22/07/1919', '%d/%m/%Y'));
INSERT INTO hasta VALUES ('72578360614', 'Vefa', 'Ayverdi', 'A Rh+', 'E', 169, 89, STR_TO_DATE('10/02/1981', '%d/%m/%Y'));
INSERT INTO hasta VALUES ('87334542044', 'Ramiz', 'Kunter', 'AB Rh+', 'E', 186, 77, STR_TO_DATE('26/02/1938', '%d/%m/%Y'));
INSERT INTO hasta VALUES ('21491236664', 'Cagla', 'Ayverdi', 'A Rh+', 'E', 158, 86, STR_TO_DATE('17/11/1935', '%d/%m/%Y'));
INSERT INTO hasta VALUES ('23602768050', 'Gulgun', 'Kucukler', 'AB Rh-', 'K', 187, 51, STR_TO_DATE('01/01/2009', '%d/%m/%Y'));
INSERT INTO hasta VALUES ('33863104610', 'Oguz', 'Kunter', 'A Rh-', 'K', 196, 89, STR_TO_DATE('26/05/1923', '%d/%m/%Y'));
INSERT INTO hasta VALUES ('31572773500', 'Nadir', 'Kucukler', 'B Rh-', 'E', 182, 51, STR_TO_DATE('08/08/1933', '%d/%m/%Y'));
INSERT INTO hasta VALUES ('27390947291', 'Gozde', 'Kocoglu', 'B Rh+', 'E', 186, 71, STR_TO_DATE('01/05/1928', '%d/%m/%Y'));
INSERT INTO hasta VALUES ('46964795805', 'Remzi', 'Ayverdi', 'A Rh-', 'K', 166, 103, STR_TO_DATE('13/03/1943', '%d/%m/%Y'));
INSERT INTO hasta VALUES ('68347412473', 'Egemen', 'Kocoglu', 'A Rh+', 'E', 182, 50, STR_TO_DATE('05/11/1953', '%d/%m/%Y'));
INSERT INTO hasta VALUES ('86623184545', 'Enver', 'Kunter', 'AB Rh-', 'K', 157, 76, STR_TO_DATE('26/11/1959', '%d/%m/%Y'));
INSERT INTO hasta VALUES ('34049416118', 'Hamza', 'Ayverdi', 'A Rh-', 'K', 192, 55, STR_TO_DATE('21/11/1958', '%d/%m/%Y'));
INSERT INTO hasta VALUES ('55805415562', 'Fikriye', 'Oraloglu', 'A Rh+', 'K', 176, 56, STR_TO_DATE('24/07/1993', '%d/%m/%Y'));
INSERT INTO hasta VALUES ('91008789167', 'Ferit', 'Tunceri', 'B Rh+', 'K', 185, 76, STR_TO_DATE('16/02/1964', '%d/%m/%Y'));
INSERT INTO hasta VALUES ('67121811642', 'Cesminaz', 'Ayverdi', 'AB Rh-', 'E', 162, 68, STR_TO_DATE('17/08/1989', '%d/%m/%Y'));
INSERT INTO hasta VALUES ('88621755290', 'Fureyya', 'Ayverdi', 'AB Rh-', 'K', 161, 58, STR_TO_DATE('01/01/1961', '%d/%m/%Y'));
INSERT INTO hasta VALUES ('22199461336', 'Muzdad', 'Kucukler', 'A Rh-', 'E', 182, 52, STR_TO_DATE('12/01/1972', '%d/%m/%Y'));
INSERT INTO hasta VALUES ('56236930569', 'Sule', 'Kunter', 'A Rh+', 'K', 188, 60, STR_TO_DATE('28/04/1953', '%d/%m/%Y'));
INSERT INTO hasta VALUES ('11225612757', 'Itir', 'Ayverdi', 'A Rh+', 'E', 173, 56, STR_TO_DATE('12/12/1951', '%d/%m/%Y'));
INSERT INTO hasta VALUES ('48231617856', 'Fulden', 'Tunceri', 'A Rh+', 'K', 188, 79, STR_TO_DATE('22/01/1952', '%d/%m/%Y'));
INSERT INTO hasta VALUES ('58515154318', 'Mustafa', 'Kunter', 'AB Rh-', 'K', 174, 73, STR_TO_DATE('01/11/1989', '%d/%m/%Y'));
INSERT INTO hasta VALUES ('50897744090', 'Ulvi', 'Kocoglu', 'AB Rh+', 'K', 169, 57, STR_TO_DATE('28/03/1987', '%d/%m/%Y'));
INSERT INTO hasta VALUES ('82647159396', 'Yaprak', 'Ayverdi', 'B Rh-', 'E', 170, 62, STR_TO_DATE('18/05/1927', '%d/%m/%Y'));
INSERT INTO hasta VALUES ('10291245567', 'Berat', 'Kucukler', 'B Rh-', 'E', 171, 61, STR_TO_DATE('13/08/1998', '%d/%m/%Y'));
INSERT INTO hasta VALUES ('26214553953', 'Haki', 'Kocoglu', 'AB Rh-', 'K', 175, 92, STR_TO_DATE('26/04/1946', '%d/%m/%Y'));
INSERT INTO hasta VALUES ('32230803078', 'Ceylin', 'Oraloglu', 'A Rh+', 'K', 173, 66, STR_TO_DATE('16/07/1944', '%d/%m/%Y'));
INSERT INTO hasta VALUES ('59139914579', 'Yagmur', 'Ayverdi', 'A Rh+', 'E', 189, 87, STR_TO_DATE('08/07/1995', '%d/%m/%Y'));
INSERT INTO hasta VALUES ('28654884786', 'Guniz', 'Kucukler', 'AB Rh+', 'K', 188, 65, STR_TO_DATE('12/03/2005', '%d/%m/%Y'));
INSERT INTO hasta VALUES ('38850209045', 'Yasar', 'Kunter', 'AB Rh+', 'K', 186, 54, STR_TO_DATE('07/06/2001', '%d/%m/%Y'));
INSERT INTO hasta VALUES ('82778049646', 'Adem', 'Kunter', 'A Rh+', 'E', 158, 93, STR_TO_DATE('10/09/2006', '%d/%m/%Y'));
INSERT INTO hasta VALUES ('73740529357', 'Zâhit', 'Oraloglu', 'AB Rh-', 'E', 190, 57, STR_TO_DATE('19/04/1976', '%d/%m/%Y'));
INSERT INTO hasta VALUES ('75110984267', 'Taner', 'Kunter', 'B Rh-', 'K', 170, 79, STR_TO_DATE('14/07/1961', '%d/%m/%Y'));
INSERT INTO hasta VALUES ('23042122602', 'Cevat', 'Oraloglu', 'A Rh-', 'K', 180, 66, STR_TO_DATE('12/02/1955', '%d/%m/%Y'));
INSERT INTO hasta VALUES ('52770391660', 'Sevtap', 'Kucukler', 'A Rh+', 'K', 199, 101, STR_TO_DATE('13/12/1925', '%d/%m/%Y'));
INSERT INTO hasta VALUES ('17830410916', 'Ilknur', 'Kucukler', 'AB Rh+', 'K', 162, 58, STR_TO_DATE('08/11/1936', '%d/%m/%Y'));
INSERT INTO hasta VALUES ('98858609370', 'Bilâl', 'Oraloglu', 'B Rh+', 'E', 159, 89, STR_TO_DATE('26/10/2003', '%d/%m/%Y'));
INSERT INTO hasta VALUES ('44117952974', 'Harun', 'Kucukler', 'A Rh-', 'E', 173, 108, STR_TO_DATE('08/08/1922', '%d/%m/%Y'));
INSERT INTO hasta VALUES ('43250844831', 'Rengin', 'Tunceri', 'A Rh-', 'E', 155, 61, STR_TO_DATE('21/05/1942', '%d/%m/%Y'));
INSERT INTO hasta VALUES ('12963998321', 'Zuleyha', 'Tunceri', 'A Rh-', 'E', 183, 100, STR_TO_DATE('19/08/1975', '%d/%m/%Y'));
INSERT INTO hasta VALUES ('71465632753', 'Taner', 'Kunter', 'B Rh-', 'E', 184, 88, STR_TO_DATE('14/01/1936', '%d/%m/%Y'));
INSERT INTO hasta VALUES ('56122147278', 'Yildiz', 'Ayverdi', 'AB Rh+', 'K', 163, 76, STR_TO_DATE('04/11/1920', '%d/%m/%Y'));
INSERT INTO hasta VALUES ('29681803837', 'Ufuk', 'Oraloglu', 'B Rh-', 'K', 194, 75, STR_TO_DATE('27/10/1978', '%d/%m/%Y'));
INSERT INTO hasta VALUES ('96476722705', 'Enderun', 'Ayverdi', 'B Rh+', 'K', 181, 57, STR_TO_DATE('20/12/1982', '%d/%m/%Y'));
INSERT INTO hasta VALUES ('80112647152', 'Iffet', 'Kocoglu', 'AB Rh-', 'K', 190, 104, STR_TO_DATE('08/01/1972', '%d/%m/%Y'));
INSERT INTO hasta VALUES ('28266988748', 'Ummiye', 'Kucukler', 'A Rh+', 'K', 188, 71, STR_TO_DATE('02/09/1935', '%d/%m/%Y'));
INSERT INTO hasta VALUES ('18295539587', 'Bedran', 'Kucukler', 'A Rh-', 'E', 184, 52, STR_TO_DATE('02/10/1977', '%d/%m/%Y'));
INSERT INTO hasta VALUES ('46440965375', 'Adelya', 'Oraloglu', 'AB Rh-', 'E', 182, 101, STR_TO_DATE('23/02/1980', '%d/%m/%Y'));
INSERT INTO hasta VALUES ('36920936579', 'Hisam', 'Ayverdi', 'A Rh+', 'K', 199, 51, STR_TO_DATE('12/06/1933', '%d/%m/%Y'));
INSERT INTO hasta VALUES ('15849312781', 'Tanyeli', 'Kucukler', 'AB Rh+', 'E', 167, 55, STR_TO_DATE('18/06/1913', '%d/%m/%Y'));
INSERT INTO hasta VALUES ('53328250092', 'Necla', 'Tunceri', 'AB Rh-', 'E', 175, 61, STR_TO_DATE('21/02/1927', '%d/%m/%Y'));
INSERT INTO hasta VALUES ('62777974854', 'Imran', 'Kunter', 'AB Rh-', 'E', 171, 101, STR_TO_DATE('21/01/1923', '%d/%m/%Y'));
INSERT INTO hasta VALUES ('55954837537', 'Kagan', 'Kunter', 'A Rh-', 'K', 173, 77, STR_TO_DATE('05/06/1958', '%d/%m/%Y'));
INSERT INTO hasta VALUES ('63215317950', 'Ceren', 'Kunter', 'AB Rh-', 'K', 169, 54, STR_TO_DATE('01/07/1933', '%d/%m/%Y'));
INSERT INTO hasta VALUES ('96547521353', 'Yildiz', 'Kocoglu', 'AB Rh+', 'K', 196, 60, STR_TO_DATE('11/08/1927', '%d/%m/%Y'));
INSERT INTO hasta VALUES ('40922937918', 'Ata', 'Tunceri', 'A Rh-', 'E', 178, 60, STR_TO_DATE('03/06/1997', '%d/%m/%Y'));
INSERT INTO hasta VALUES ('27852273026', 'Sanem', 'Ayverdi', 'AB Rh-', 'K', 160, 69, STR_TO_DATE('20/09/1979', '%d/%m/%Y'));
INSERT INTO hasta VALUES ('75546254843', 'Cicek', 'Kucukler', 'A Rh+', 'K', 199, 87, STR_TO_DATE('04/02/1991', '%d/%m/%Y'));
INSERT INTO hasta VALUES ('42278838561', 'Bercin', 'Kucukler', 'A Rh+', 'K', 197, 55, STR_TO_DATE('28/08/1934', '%d/%m/%Y'));
INSERT INTO hasta VALUES ('99483878018', 'Unsel', 'Kunter', 'AB Rh-', 'E', 187, 65, STR_TO_DATE('16/02/1970', '%d/%m/%Y'));
INSERT INTO hasta VALUES ('54076015803', 'Faik', 'Tunceri', 'AB Rh-', 'K', 169, 85, STR_TO_DATE('17/10/1914', '%d/%m/%Y'));
INSERT INTO hasta VALUES ('75234816677', 'Zahide', 'Kocoglu', 'A Rh-', 'E', 189, 104, STR_TO_DATE('04/08/1977', '%d/%m/%Y'));
INSERT INTO hasta VALUES ('12560972684', 'Bercin', 'Kocoglu', 'B Rh+', 'K', 163, 56, STR_TO_DATE('09/01/1952', '%d/%m/%Y'));
INSERT INTO hasta VALUES ('15608022251', 'Nur', 'Oraloglu', 'A Rh+', 'E', 194, 60, STR_TO_DATE('17/04/1937', '%d/%m/%Y'));
INSERT INTO hasta VALUES ('53626263332', 'Koray', 'Kucukler', 'B Rh+', 'E', 164, 57, STR_TO_DATE('05/12/1916', '%d/%m/%Y'));
INSERT INTO hasta VALUES ('27402188548', 'Ecmel', 'Kunter', 'AB Rh+', 'E', 172, 71, STR_TO_DATE('09/04/1960', '%d/%m/%Y'));
INSERT INTO hasta VALUES ('68742874404', 'Evsen', 'Tunceri', 'A Rh-', 'K', 188, 51, STR_TO_DATE('29/07/1912', '%d/%m/%Y'));
INSERT INTO hasta VALUES ('94519080463', 'Anita', 'Ayverdi', 'B Rh-', 'E', 174, 105, STR_TO_DATE('06/05/1928', '%d/%m/%Y'));
INSERT INTO hasta VALUES ('83128368177', 'Sevtap', 'Ayverdi', 'AB Rh+', 'K', 189, 64, STR_TO_DATE('29/04/1934', '%d/%m/%Y'));
INSERT INTO hasta VALUES ('62419377980', 'Nisan', 'Kucukler', 'B Rh-', 'E', 180, 60, STR_TO_DATE('01/12/1966', '%d/%m/%Y'));
INSERT INTO hasta VALUES ('60475019914', 'Ali', 'Kunter', 'AB Rh+', 'E', 187, 68, STR_TO_DATE('18/03/1980', '%d/%m/%Y'));
INSERT INTO hasta VALUES ('61754367078', 'Kursad', 'Kunter', 'B Rh-', 'E', 190, 95, STR_TO_DATE('09/03/2000', '%d/%m/%Y'));
INSERT INTO hasta VALUES ('13882417920', 'Nahid', 'Oraloglu', 'B Rh-', 'E', 159, 109, STR_TO_DATE('13/03/1945', '%d/%m/%Y'));
INSERT INTO hasta VALUES ('78655679763', 'Huccet', 'Kucukler', 'A Rh+', 'K', 175, 69, STR_TO_DATE('28/09/1963', '%d/%m/%Y'));
INSERT INTO hasta VALUES ('93981681676', 'Oksan', 'Kocoglu', 'B Rh+', 'K', 194, 76, STR_TO_DATE('27/08/1968', '%d/%m/%Y'));
INSERT INTO hasta VALUES ('82423956481', 'Sevil', 'Oraloglu', 'A Rh+', 'E', 199, 76, STR_TO_DATE('08/01/1993', '%d/%m/%Y'));
INSERT INTO hasta VALUES ('95164593622', 'Fikriye', 'Kocoglu', 'AB Rh-', 'E', 185, 54, STR_TO_DATE('29/10/1992', '%d/%m/%Y'));
INSERT INTO hasta VALUES ('62653670275', 'Lale', 'Tunceri', 'B Rh+', 'K', 163, 85, STR_TO_DATE('10/03/1939', '%d/%m/%Y'));
INSERT INTO hasta VALUES ('58539580872', 'Naim', 'Kocoglu', 'B Rh-', 'E', 167, 99, STR_TO_DATE('12/05/1964', '%d/%m/%Y'));
INSERT INTO hasta VALUES ('52919828705', 'Tahir', 'Ayverdi', 'AB Rh+', 'E', 164, 96, STR_TO_DATE('01/05/1978', '%d/%m/%Y'));
INSERT INTO hasta VALUES ('16846654953', 'Zulal', 'Ayverdi', 'A Rh+', 'K', 161, 81, STR_TO_DATE('11/02/1983', '%d/%m/%Y'));
INSERT INTO hasta VALUES ('66757232935', 'Ceylin', 'Oraloglu', 'AB Rh-', 'E', 164, 61, STR_TO_DATE('26/01/1992', '%d/%m/%Y'));
INSERT INTO hasta VALUES ('59052228692', 'Ferhat', 'Kunter', 'A Rh+', 'K', 190, 108, STR_TO_DATE('06/09/1968', '%d/%m/%Y'));
INSERT INTO hasta VALUES ('71827348233', 'Fazullah', 'Kunter', 'A Rh+', 'K', 192, 102, STR_TO_DATE('03/10/1964', '%d/%m/%Y'));
INSERT INTO hasta VALUES ('33709313084', 'Tekinalp', 'Ayverdi', 'AB Rh-', 'E', 165, 99, STR_TO_DATE('17/05/1915', '%d/%m/%Y'));
INSERT INTO hasta VALUES ('17587118461', 'Gultekin', 'Tunceri', 'B Rh-', 'K', 174, 71, STR_TO_DATE('21/09/2002', '%d/%m/%Y'));
INSERT INTO hasta VALUES ('92527885576', 'Kevser', 'Kunter', 'B Rh-', 'E', 197, 61, STR_TO_DATE('03/02/1956', '%d/%m/%Y'));
INSERT INTO hasta VALUES ('77723924998', 'Merve', 'Kocoglu', 'A Rh+', 'E', 163, 94, STR_TO_DATE('25/08/1992', '%d/%m/%Y'));
INSERT INTO hasta VALUES ('69526585191', 'Fuldem', 'Ayverdi', 'B Rh-', 'K', 155, 106, STR_TO_DATE('22/10/1946', '%d/%m/%Y'));
INSERT INTO hasta VALUES ('47950569254', 'Dicle', 'Ayverdi', 'B Rh+', 'K', 170, 82, STR_TO_DATE('16/07/1928', '%d/%m/%Y'));
INSERT INTO hasta VALUES ('80911714661', 'Esref', 'Ayverdi', 'B Rh+', 'K', 170, 85, STR_TO_DATE('11/04/1932', '%d/%m/%Y'));
INSERT INTO hasta VALUES ('98520576855', 'Gulriz', 'Kocoglu', 'A Rh-', 'E', 194, 86, STR_TO_DATE('01/01/1994', '%d/%m/%Y'));
INSERT INTO hasta VALUES ('81329608748', 'Ede', 'Kocoglu', 'B Rh+', 'K', 163, 98, STR_TO_DATE('13/09/1987', '%d/%m/%Y'));
INSERT INTO hasta VALUES ('57881228570', 'Kagan', 'Kunter', 'AB Rh+', 'E', 199, 83, STR_TO_DATE('10/09/1977', '%d/%m/%Y'));
INSERT INTO hasta VALUES ('91404927385', 'Yaprak', 'Tunceri', 'A Rh-', 'K', 173, 85, STR_TO_DATE('03/05/1918', '%d/%m/%Y'));
INSERT INTO hasta VALUES ('54756772928', 'Giyas', 'Ayverdi', 'B Rh-', 'K', 187, 90, STR_TO_DATE('08/01/1943', '%d/%m/%Y'));
INSERT INTO hasta VALUES ('45291640536', 'Halit', 'Ayverdi', 'AB Rh-', 'K', 155, 89, STR_TO_DATE('14/04/1961', '%d/%m/%Y'));
INSERT INTO hasta VALUES ('62090587435', 'Sermet', 'Kucukler', 'B Rh-', 'E', 190, 71, STR_TO_DATE('07/09/2003', '%d/%m/%Y'));
INSERT INTO hasta VALUES ('37065429570', 'Zerrin', 'Ayverdi', 'B Rh+', 'K', 156, 96, STR_TO_DATE('03/07/1941', '%d/%m/%Y'));
INSERT INTO hasta VALUES ('28283320400', 'Perihan', 'Kunter', 'AB Rh-', 'K', 170, 74, STR_TO_DATE('06/04/1955', '%d/%m/%Y'));
INSERT INTO hasta VALUES ('12509109190', 'Rakip', 'Tunceri', 'AB Rh-', 'K', 155, 99, STR_TO_DATE('22/03/1964', '%d/%m/%Y'));
INSERT INTO hasta VALUES ('54586966419', 'Zâfir', 'Kunter', 'A Rh-', 'E', 168, 93, STR_TO_DATE('11/11/1977', '%d/%m/%Y'));
INSERT INTO hasta VALUES ('96296604090', 'Sevil', 'Kocoglu', 'AB Rh-', 'E', 163, 61, STR_TO_DATE('08/08/1943', '%d/%m/%Y'));
INSERT INTO hasta VALUES ('38999239382', 'Gunay', 'Kunter', 'B Rh-', 'E', 177, 70, STR_TO_DATE('10/04/1998', '%d/%m/%Y'));
INSERT INTO hasta VALUES ('36347995627', 'Esmeray', 'Kocoglu', 'AB Rh+', 'K', 174, 71, STR_TO_DATE('20/08/2000', '%d/%m/%Y'));
INSERT INTO hasta VALUES ('64528485112', 'Tamer', 'Kunter', 'B Rh-', 'E', 190, 91, STR_TO_DATE('11/09/1987', '%d/%m/%Y'));
INSERT INTO hasta VALUES ('85788484887', 'Kuddusi', 'Tunceri', 'AB Rh+', 'K', 180, 52, STR_TO_DATE('21/09/1989', '%d/%m/%Y'));
INSERT INTO hasta VALUES ('71771879804', 'Nevzat', 'Ayverdi', 'AB Rh-', 'K', 189, 87, STR_TO_DATE('07/03/1936', '%d/%m/%Y'));
INSERT INTO hasta VALUES ('88986414596', 'Dondu', 'Ayverdi', 'B Rh-', 'E', 177, 62, STR_TO_DATE('22/06/1923', '%d/%m/%Y'));
INSERT INTO hasta VALUES ('90618343786', 'Giyas', 'Kunter', 'B Rh+', 'E', 186, 93, STR_TO_DATE('07/03/2009', '%d/%m/%Y'));
INSERT INTO hasta VALUES ('76840948918', 'Melis', 'Kocoglu', 'A Rh-', 'E', 168, 98, STR_TO_DATE('06/08/1912', '%d/%m/%Y'));
INSERT INTO hasta VALUES ('66230485702', 'Ferruh', 'Tunceri', 'AB Rh+', 'E', 163, 89, STR_TO_DATE('06/11/1995', '%d/%m/%Y'));
INSERT INTO hasta VALUES ('53262550972', 'Keremsah', 'Kocoglu', 'AB Rh+', 'E', 168, 56, STR_TO_DATE('12/05/1941', '%d/%m/%Y'));
INSERT INTO hasta VALUES ('14162069221', 'Besra', 'Oraloglu', 'AB Rh+', 'K', 159, 92, STR_TO_DATE('25/12/2004', '%d/%m/%Y'));
INSERT INTO hasta VALUES ('50576787158', 'Ozge', 'Kocoglu', 'AB Rh-', 'K', 179, 94, STR_TO_DATE('15/12/1941', '%d/%m/%Y'));
INSERT INTO hasta VALUES ('62016951713', 'Yildiz', 'Kucukler', 'A Rh+', 'E', 166, 100, STR_TO_DATE('17/01/1958', '%d/%m/%Y'));
INSERT INTO hasta VALUES ('14388326328', 'Sehlevent', 'Tunceri', 'B Rh+', 'E', 182, 57, STR_TO_DATE('12/01/1937', '%d/%m/%Y'));
INSERT INTO hasta VALUES ('28131593547', 'Sirri', 'Tunceri', 'A Rh+', 'E', 188, 99, STR_TO_DATE('12/05/1995', '%d/%m/%Y'));
INSERT INTO hasta VALUES ('29174987887', 'Vesile', 'Oraloglu', 'B Rh+', 'K', 164, 99, STR_TO_DATE('29/01/1973', '%d/%m/%Y'));
INSERT INTO hasta VALUES ('81378300479', 'Ilkyaz', 'Ayverdi', 'A Rh-', 'E', 188, 68, STR_TO_DATE('25/11/1976', '%d/%m/%Y'));
INSERT INTO hasta VALUES ('90992130330', 'Suzan', 'Kucukler', 'AB Rh+', 'E', 166, 100, STR_TO_DATE('08/06/1951', '%d/%m/%Y'));
INSERT INTO hasta VALUES ('38789129840', 'Barkin', 'Oraloglu', 'B Rh+', 'E', 174, 104, STR_TO_DATE('02/05/1964', '%d/%m/%Y'));
INSERT INTO hasta VALUES ('37604160298', 'Isil', 'Kunter', 'B Rh+', 'E', 178, 52, STR_TO_DATE('26/04/1929', '%d/%m/%Y'));
INSERT INTO hasta VALUES ('71672104580', 'Gongor', 'Kucukler', 'A Rh-', 'E', 157, 87, STR_TO_DATE('14/02/1921', '%d/%m/%Y'));
INSERT INTO hasta VALUES ('35124464823', 'Meral', 'Tunceri', 'A Rh+', 'E', 178, 60, STR_TO_DATE('06/09/1972', '%d/%m/%Y'));
INSERT INTO hasta VALUES ('36361063317', 'Memduh', 'Tunceri', 'B Rh+', 'E', 188, 54, STR_TO_DATE('07/05/1928', '%d/%m/%Y'));
INSERT INTO hasta VALUES ('23685824464', 'Yetkin', 'Ayverdi', 'B Rh+', 'K', 193, 64, STR_TO_DATE('05/02/1946', '%d/%m/%Y'));
INSERT INTO hasta VALUES ('57799741537', 'Maksud', 'Oraloglu', 'AB Rh+', 'E', 163, 92, STR_TO_DATE('03/07/1942', '%d/%m/%Y'));
INSERT INTO hasta VALUES ('73165809198', 'Hasin', 'Oraloglu', 'A Rh-', 'K', 194, 50, STR_TO_DATE('12/12/1998', '%d/%m/%Y'));
INSERT INTO hasta VALUES ('56993127164', 'Muslih', 'Kocoglu', 'A Rh+', 'K', 163, 85, STR_TO_DATE('28/11/1934', '%d/%m/%Y'));
INSERT INTO hasta VALUES ('48389536455', 'Nevzat', 'Kucukler', 'AB Rh-', 'E', 165, 60, STR_TO_DATE('04/09/1965', '%d/%m/%Y'));
INSERT INTO hasta VALUES ('91365213999', 'Erda', 'Kucukler', 'A Rh-', 'E', 171, 82, STR_TO_DATE('01/11/1972', '%d/%m/%Y'));
INSERT INTO hasta VALUES ('94000517189', 'Nehir', 'Kucukler', 'A Rh-', 'K', 198, 63, STR_TO_DATE('12/07/2005', '%d/%m/%Y'));
INSERT INTO hasta VALUES ('70154004630', 'Doganer', 'Ayverdi', 'B Rh-', 'E', 187, 107, STR_TO_DATE('05/07/1942', '%d/%m/%Y'));
INSERT INTO hasta VALUES ('97146718834', 'Zuhal', 'Kocoglu', 'AB Rh-', 'E', 161, 59, STR_TO_DATE('02/03/1946', '%d/%m/%Y'));
INSERT INTO hasta VALUES ('99309525452', 'Sanem', 'Kunter', 'AB Rh+', 'E', 171, 61, STR_TO_DATE('23/12/1934', '%d/%m/%Y'));
INSERT INTO hasta VALUES ('32252966281', 'Bade', 'Tunceri', 'B Rh-', 'K', 196, 88, STR_TO_DATE('29/03/1983', '%d/%m/%Y'));
INSERT INTO hasta VALUES ('44578630573', 'Elcin', 'Tunceri', 'A Rh-', 'E', 178, 83, STR_TO_DATE('03/11/1920', '%d/%m/%Y'));
INSERT INTO hasta VALUES ('53916116327', 'Duygu', 'Kunter', 'B Rh+', 'K', 158, 109, STR_TO_DATE('01/01/1983', '%d/%m/%Y'));
INSERT INTO hasta VALUES ('43780704818', 'Nihat', 'Kocoglu', 'A Rh+', 'K', 168, 81, STR_TO_DATE('23/09/2000', '%d/%m/%Y'));
INSERT INTO hasta VALUES ('70952177981', 'Muhterem', 'Tunceri', 'A Rh-', 'K', 189, 76, STR_TO_DATE('09/03/1978', '%d/%m/%Y'));
INSERT INTO hasta VALUES ('65461523815', 'Fikriye', 'Ayverdi', 'A Rh+', 'K', 173, 60, STR_TO_DATE('07/05/1919', '%d/%m/%Y'));
INSERT INTO hasta VALUES ('36970228375', 'Besra', 'Kucukler', 'A Rh+', 'K', 174, 73, STR_TO_DATE('29/12/1944', '%d/%m/%Y'));
INSERT INTO hasta VALUES ('39656808165', 'Sahin', 'Oraloglu', 'A Rh+', 'E', 166, 71, STR_TO_DATE('10/07/1945', '%d/%m/%Y'));
INSERT INTO hasta VALUES ('85601724477', 'Fehime', 'Ayverdi', 'AB Rh+', 'K', 165, 75, STR_TO_DATE('13/03/2004', '%d/%m/%Y'));
INSERT INTO hasta VALUES ('98222684411', 'Koray', 'Tunceri', 'AB Rh+', 'K', 172, 61, STR_TO_DATE('17/04/1980', '%d/%m/%Y'));
INSERT INTO hasta VALUES ('39919176031', 'Temel', 'Kunter', 'B Rh-', 'K', 197, 92, STR_TO_DATE('08/09/2008', '%d/%m/%Y'));
INSERT INTO hasta VALUES ('77953837407', 'Mesut', 'Ayverdi', 'AB Rh+', 'K', 167, 68, STR_TO_DATE('28/08/1956', '%d/%m/%Y'));
INSERT INTO hasta VALUES ('57119402372', 'Abay', 'Kocoglu', 'A Rh-', 'E', 185, 91, STR_TO_DATE('01/06/1965', '%d/%m/%Y'));
INSERT INTO hasta VALUES ('13702427095', 'Seval', 'Ayverdi', 'B Rh-', 'E', 186, 95, STR_TO_DATE('18/06/2007', '%d/%m/%Y'));
INSERT INTO hasta VALUES ('81274288541', 'Gunsel', 'Ayverdi', 'B Rh+', 'K', 181, 67, STR_TO_DATE('03/11/1939', '%d/%m/%Y'));
INSERT INTO hasta VALUES ('22613251759', 'Emir', 'Tunceri', 'A Rh+', 'E', 168, 101, STR_TO_DATE('12/11/1943', '%d/%m/%Y'));
INSERT INTO hasta VALUES ('53429673031', 'Ecmel', 'Oraloglu', 'A Rh+', 'E', 177, 64, STR_TO_DATE('13/11/1937', '%d/%m/%Y'));
INSERT INTO hasta VALUES ('18828318096', 'Ercument', 'Oraloglu', 'B Rh-', 'K', 162, 83, STR_TO_DATE('13/02/1968', '%d/%m/%Y'));
INSERT INTO hasta VALUES ('71143212547', 'Fusun', 'Ayverdi', 'B Rh-', 'K', 161, 104, STR_TO_DATE('08/01/1942', '%d/%m/%Y'));
INSERT INTO hasta VALUES ('75929514055', 'Bahtiyar', 'Kunter', 'B Rh-', 'K', 174, 70, STR_TO_DATE('19/01/1995', '%d/%m/%Y'));
INSERT INTO hasta VALUES ('89550695972', 'Nihan', 'Kucukler', 'B Rh-', 'E', 174, 51, STR_TO_DATE('08/04/1970', '%d/%m/%Y'));
INSERT INTO hasta VALUES ('66831815907', 'Derya', 'Tunceri', 'B Rh+', 'E', 160, 78, STR_TO_DATE('17/09/1976', '%d/%m/%Y'));
INSERT INTO hasta VALUES ('64745614890', 'Evren', 'Kunter', 'AB Rh+', 'K', 198, 108, STR_TO_DATE('14/05/1965', '%d/%m/%Y'));
INSERT INTO hasta VALUES ('12389102622', 'Ela', 'Ayverdi', 'A Rh+', 'K', 158, 60, STR_TO_DATE('01/02/1938', '%d/%m/%Y'));
INSERT INTO hasta VALUES ('12464110915', 'Egemen', 'Kucukler', 'A Rh-', 'K', 179, 98, STR_TO_DATE('27/03/1947', '%d/%m/%Y'));
INSERT INTO hasta VALUES ('95370398798', 'Parla', 'Oraloglu', 'AB Rh-', 'E', 171, 109, STR_TO_DATE('01/02/1989', '%d/%m/%Y'));
INSERT INTO hasta VALUES ('78248803405', 'Muzaffer', 'Tunceri', 'B Rh-', 'K', 185, 98, STR_TO_DATE('12/03/1983', '%d/%m/%Y'));
INSERT INTO hasta VALUES ('76969089507', 'Bartu', 'Oraloglu', 'B Rh-', 'E', 177, 95, STR_TO_DATE('22/11/1947', '%d/%m/%Y'));
INSERT INTO hasta VALUES ('22488023730', 'Cigil', 'Kocoglu', 'B Rh-', 'E', 158, 83, STR_TO_DATE('20/02/1954', '%d/%m/%Y'));
INSERT INTO hasta VALUES ('96159573291', 'Ulker', 'Tunceri', 'AB Rh-', 'K', 192, 74, STR_TO_DATE('24/12/1991', '%d/%m/%Y'));
INSERT INTO hasta VALUES ('65478236526', 'Benice', 'Tunceri', 'A Rh+', 'K', 193, 89, STR_TO_DATE('02/08/1921', '%d/%m/%Y'));
INSERT INTO hasta VALUES ('18481197787', 'Battal', 'Oraloglu', 'B Rh+', 'E', 165, 102, STR_TO_DATE('17/09/1954', '%d/%m/%Y'));
INSERT INTO hasta VALUES ('51656009409', 'Aykan', 'Oraloglu', 'A Rh-', 'E', 191, 88, STR_TO_DATE('05/02/1924', '%d/%m/%Y'));
INSERT INTO hasta VALUES ('83877895037', 'Nalan', 'Ayverdi', 'A Rh+', 'K', 176, 97, STR_TO_DATE('03/04/1993', '%d/%m/%Y'));
INSERT INTO hasta VALUES ('18935678440', 'Dondu', 'Kunter', 'A Rh-', 'E', 190, 96, STR_TO_DATE('04/11/1967', '%d/%m/%Y'));
INSERT INTO hasta VALUES ('90814453722', 'Melek', 'Oraloglu', 'A Rh-', 'K', 192, 90, STR_TO_DATE('13/07/1910', '%d/%m/%Y'));
INSERT INTO hasta VALUES ('52678201951', 'Guniz', 'Kocoglu', 'B Rh-', 'E', 178, 82, STR_TO_DATE('28/04/1977', '%d/%m/%Y'));
INSERT INTO hasta VALUES ('46055464148', 'Perihan', 'Kocoglu', 'A Rh-', 'K', 180, 98, STR_TO_DATE('19/02/1915', '%d/%m/%Y'));
INSERT INTO hasta VALUES ('18392292432', 'Zuleyha', 'Oraloglu', 'B Rh+', 'K', 161, 67, STR_TO_DATE('10/04/1921', '%d/%m/%Y'));
INSERT INTO hasta VALUES ('32449914464', 'Gulriz', 'Kocoglu', 'A Rh-', 'E', 182, 52, STR_TO_DATE('18/02/1943', '%d/%m/%Y'));
INSERT INTO hasta VALUES ('50532218913', 'Suat', 'Kocoglu', 'A Rh-', 'K', 196, 68, STR_TO_DATE('15/01/1941', '%d/%m/%Y'));
INSERT INTO hasta VALUES ('62011639924', 'Ulker', 'Kocoglu', 'AB Rh+', 'K', 170, 61, STR_TO_DATE('16/01/1986', '%d/%m/%Y'));
INSERT INTO hasta VALUES ('41091405935', 'Gulen', 'Ayverdi', 'B Rh+', 'E', 185, 56, STR_TO_DATE('24/07/1933', '%d/%m/%Y'));
INSERT INTO hasta VALUES ('73188751854', 'Gulgun', 'Kucukler', 'B Rh-', 'K', 183, 95, STR_TO_DATE('21/08/1972', '%d/%m/%Y'));
INSERT INTO hasta VALUES ('40914576326', 'Hafid', 'Tunceri', 'B Rh-', 'K', 173, 90, STR_TO_DATE('19/12/1971', '%d/%m/%Y'));
INSERT INTO hasta VALUES ('67909991998', 'Ela', 'Ayverdi', 'B Rh+', 'K', 160, 62, STR_TO_DATE('25/11/1929', '%d/%m/%Y'));
INSERT INTO hasta VALUES ('52857341912', 'Yesim', 'Tunceri', 'AB Rh-', 'E', 157, 79, STR_TO_DATE('26/02/1975', '%d/%m/%Y'));
INSERT INTO hasta VALUES ('60300336958', 'Fuat', 'Tunceri', 'B Rh+', 'K', 186, 103, STR_TO_DATE('09/01/1914', '%d/%m/%Y'));
INSERT INTO hasta VALUES ('38957930454', 'Nuran', 'Kocoglu', 'AB Rh+', 'E', 187, 99, STR_TO_DATE('01/01/1941', '%d/%m/%Y'));
INSERT INTO hasta VALUES ('26401827394', 'Fuldem', 'Oraloglu', 'AB Rh-', 'K', 182, 86, STR_TO_DATE('01/12/1965', '%d/%m/%Y'));
INSERT INTO hasta VALUES ('87323213986', 'Zeliha', 'Kunter', 'AB Rh+', 'K', 177, 108, STR_TO_DATE('10/01/1911', '%d/%m/%Y'));
INSERT INTO hasta VALUES ('55142528929', 'Nursel', 'Kocoglu', 'B Rh+', 'E', 180, 51, STR_TO_DATE('07/08/1950', '%d/%m/%Y'));
INSERT INTO hasta VALUES ('69632362443', 'Tunay', 'Tunceri', 'A Rh-', 'K', 159, 93, STR_TO_DATE('04/12/1942', '%d/%m/%Y'));
INSERT INTO hasta VALUES ('84181773766', 'Evsen', 'Ayverdi', 'B Rh-', 'E', 193, 94, STR_TO_DATE('14/10/1990', '%d/%m/%Y'));
INSERT INTO hasta VALUES ('44819693461', 'Hale', 'Kocoglu', 'AB Rh-', 'K', 178, 88, STR_TO_DATE('13/11/1992', '%d/%m/%Y'));
INSERT INTO hasta VALUES ('96192266969', 'Alisan', 'Kunter', 'A Rh+', 'K', 165, 92, STR_TO_DATE('19/01/1986', '%d/%m/%Y'));
INSERT INTO hasta VALUES ('77134899553', 'Nilgun', 'Kucukler', 'AB Rh+', 'K', 174, 70, STR_TO_DATE('18/02/1947', '%d/%m/%Y'));
INSERT INTO hasta VALUES ('93742983205', 'Avsar', 'Kunter', 'B Rh-', 'E', 169, 55, STR_TO_DATE('02/01/1987', '%d/%m/%Y'));
INSERT INTO hasta VALUES ('34666907183', 'Mihriban', 'Ayverdi', 'A Rh-', 'K', 184, 97, STR_TO_DATE('10/05/1946', '%d/%m/%Y'));
INSERT INTO hasta VALUES ('38408074820', 'Cihan', 'Ayverdi', 'AB Rh-', 'E', 176, 100, STR_TO_DATE('17/11/1965', '%d/%m/%Y'));
INSERT INTO hasta VALUES ('30851678273', 'Ilkben', 'Kucukler', 'AB Rh+', 'E', 157, 64, STR_TO_DATE('20/02/1987', '%d/%m/%Y'));
INSERT INTO hasta VALUES ('11074696761', 'Esen', 'Kocoglu', 'B Rh-', 'K', 180, 100, STR_TO_DATE('06/04/2001', '%d/%m/%Y'));
INSERT INTO hasta VALUES ('60213880927', 'Gulden', 'Tunceri', 'B Rh+', 'E', 167, 64, STR_TO_DATE('04/01/2008', '%d/%m/%Y'));
INSERT INTO hasta VALUES ('89481768451', 'Tufan', 'Kunter', 'AB Rh-', 'K', 164, 53, STR_TO_DATE('16/04/1979', '%d/%m/%Y'));
INSERT INTO hasta VALUES ('55124872210', 'Gokmen', 'Kucukler', 'B Rh+', 'K', 162, 57, STR_TO_DATE('04/12/1992', '%d/%m/%Y'));
INSERT INTO hasta VALUES ('75065476374', 'Cenk', 'Oraloglu', 'A Rh-', 'E', 157, 55, STR_TO_DATE('14/04/1952', '%d/%m/%Y'));
INSERT INTO hasta VALUES ('53497496451', 'Ferhan', 'Kunter', 'AB Rh+', 'E', 165, 89, STR_TO_DATE('14/03/1931', '%d/%m/%Y'));
INSERT INTO hasta VALUES ('41250165778', 'Hudayi', 'Tunceri', 'AB Rh+', 'K', 176, 65, STR_TO_DATE('11/10/1933', '%d/%m/%Y'));
INSERT INTO hasta VALUES ('74591791369', 'Behzat', 'Ayverdi', 'A Rh-', 'E', 170, 95, STR_TO_DATE('19/05/1943', '%d/%m/%Y'));
INSERT INTO hasta VALUES ('59704072854', 'Hammâd', 'Oraloglu', 'B Rh+', 'E', 183, 109, STR_TO_DATE('17/09/1912', '%d/%m/%Y'));
INSERT INTO hasta VALUES ('24107120350', 'Ahmet', 'Kocoglu', 'AB Rh-', 'E', 187, 90, STR_TO_DATE('24/07/1941', '%d/%m/%Y'));
INSERT INTO hasta VALUES ('69731002817', 'Gizem', 'Kunter', 'AB Rh+', 'E', 197, 57, STR_TO_DATE('10/09/1910', '%d/%m/%Y'));
INSERT INTO hasta VALUES ('97004524700', 'Faris', 'Tunceri', 'AB Rh+', 'K', 175, 97, STR_TO_DATE('03/07/1985', '%d/%m/%Y'));
INSERT INTO hasta VALUES ('43232789888', 'Nihat', 'Oraloglu', 'A Rh+', 'E', 158, 76, STR_TO_DATE('22/01/1918', '%d/%m/%Y'));
INSERT INTO hasta VALUES ('68032909104', 'Ozlen', 'Oraloglu', 'AB Rh-', 'K', 194, 57, STR_TO_DATE('01/12/1976', '%d/%m/%Y'));
INSERT INTO hasta VALUES ('53320842899', 'Timur', 'Kunter', 'B Rh+', 'E', 163, 83, STR_TO_DATE('05/05/1984', '%d/%m/%Y'));
INSERT INTO hasta VALUES ('68139937052', 'Haldun', 'Oraloglu', 'B Rh-', 'E', 179, 53, STR_TO_DATE('16/05/1961', '%d/%m/%Y'));
INSERT INTO hasta VALUES ('96903891350', 'Kamuran', 'Oraloglu', 'A Rh+', 'K', 169, 103, STR_TO_DATE('21/05/1949', '%d/%m/%Y'));
INSERT INTO hasta VALUES ('57296037691', 'Ruhsar', 'Ayverdi', 'B Rh-', 'E', 186, 106, STR_TO_DATE('24/06/1967', '%d/%m/%Y'));
INSERT INTO hasta VALUES ('31727537227', 'Cihan', 'Ayverdi', 'A Rh+', 'K', 178, 76, STR_TO_DATE('19/11/1934', '%d/%m/%Y'));
INSERT INTO hasta VALUES ('60918533798', 'Ekrem', 'Kucukler', 'B Rh-', 'E', 171, 90, STR_TO_DATE('09/04/1994', '%d/%m/%Y'));
INSERT INTO hasta VALUES ('74421100761', 'Derya', 'Tunceri', 'AB Rh-', 'E', 190, 84, STR_TO_DATE('27/05/1939', '%d/%m/%Y'));
INSERT INTO hasta VALUES ('78057831259', 'Gulben', 'Kucukler', 'AB Rh-', 'K', 184, 63, STR_TO_DATE('19/01/2002', '%d/%m/%Y'));
INSERT INTO hasta VALUES ('32287906468', 'Asim', 'Tunceri', 'A Rh+', 'K', 171, 51, STR_TO_DATE('03/03/2009', '%d/%m/%Y'));
INSERT INTO hasta VALUES ('58904776394', 'Omer', 'Ayverdi', 'AB Rh-', 'E', 188, 93, STR_TO_DATE('16/07/2001', '%d/%m/%Y'));
INSERT INTO hasta VALUES ('18501812247', 'Sehlevent', 'Kunter', 'A Rh+', 'E', 170, 99, STR_TO_DATE('10/01/1960', '%d/%m/%Y'));
INSERT INTO hasta VALUES ('67670747037', 'Sadullah', 'Ayverdi', 'AB Rh+', 'E', 182, 104, STR_TO_DATE('29/12/1930', '%d/%m/%Y'));
INSERT INTO hasta VALUES ('69886125493', 'Batur', 'Kucukler', 'AB Rh+', 'K', 176, 98, STR_TO_DATE('07/06/1994', '%d/%m/%Y'));
INSERT INTO hasta VALUES ('56029717859', 'Furkân', 'Tunceri', 'A Rh+', 'K', 182, 86, STR_TO_DATE('28/03/1954', '%d/%m/%Y'));
INSERT INTO hasta VALUES ('51615006726', 'Tutku', 'Kocoglu', 'A Rh-', 'E', 175, 108, STR_TO_DATE('19/05/1929', '%d/%m/%Y'));
INSERT INTO hasta VALUES ('34580134660', 'Simge', 'Ayverdi', 'B Rh-', 'E', 173, 92, STR_TO_DATE('17/11/1953', '%d/%m/%Y'));
INSERT INTO hasta VALUES ('52008796145', 'Mujdat', 'Oraloglu', 'AB Rh-', 'K', 179, 109, STR_TO_DATE('03/01/1925', '%d/%m/%Y'));
INSERT INTO hasta VALUES ('47937625554', 'Davud', 'Tunceri', 'A Rh-', 'K', 194, 51, STR_TO_DATE('26/11/1958', '%d/%m/%Y'));
INSERT INTO hasta VALUES ('10431251287', 'Utku', 'Kunter', 'A Rh-', 'E', 191, 62, STR_TO_DATE('26/06/1994', '%d/%m/%Y'));
INSERT INTO hasta VALUES ('94328565271', 'Nurettin', 'Tunceri', 'A Rh+', 'K', 193, 87, STR_TO_DATE('24/01/1959', '%d/%m/%Y'));
INSERT INTO hasta VALUES ('89818576015', 'Gokben', 'Tunceri', 'B Rh+', 'K', 184, 74, STR_TO_DATE('09/11/2006', '%d/%m/%Y'));
INSERT INTO hasta VALUES ('43745832024', 'Guldeste', 'Oraloglu', 'A Rh+', 'E', 199, 97, STR_TO_DATE('25/01/2002', '%d/%m/%Y'));
INSERT INTO hasta VALUES ('43383084397', 'Seyfettin', 'Oraloglu', 'A Rh-', 'E', 167, 109, STR_TO_DATE('15/04/1946', '%d/%m/%Y'));
INSERT INTO hasta VALUES ('32399096966', 'Sâfi', 'Kocoglu', 'A Rh+', 'K', 165, 87, STR_TO_DATE('29/09/1938', '%d/%m/%Y'));
INSERT INTO hasta VALUES ('18838476251', 'Adelya', 'Kucukler', 'A Rh+', 'E', 163, 57, STR_TO_DATE('08/03/1974', '%d/%m/%Y'));
INSERT INTO hasta VALUES ('99781365385', 'Cafer', 'Kocoglu', 'B Rh+', 'E', 167, 107, STR_TO_DATE('03/06/2005', '%d/%m/%Y'));
INSERT INTO hasta VALUES ('58604065302', 'Ceyhun', 'Ayverdi', 'AB Rh+', 'K', 166, 80, STR_TO_DATE('28/01/2000', '%d/%m/%Y'));
INSERT INTO hasta VALUES ('91809648279', 'Rifat', 'Kocoglu', 'A Rh-', 'K', 171, 51, STR_TO_DATE('27/09/1936', '%d/%m/%Y'));
INSERT INTO hasta VALUES ('29883145213', 'Aysil', 'Tunceri', 'A Rh-', 'E', 175, 69, STR_TO_DATE('28/12/1966', '%d/%m/%Y'));
INSERT INTO hasta VALUES ('51274066443', 'Ceyda', 'Oraloglu', 'AB Rh+', 'K', 158, 54, STR_TO_DATE('27/01/1941', '%d/%m/%Y'));
INSERT INTO hasta VALUES ('70112182378', 'Gulden', 'Ayverdi', 'A Rh-', 'K', 175, 92, STR_TO_DATE('15/10/2009', '%d/%m/%Y'));
INSERT INTO hasta VALUES ('35919779355', 'Goksin', 'Ayverdi', 'B Rh-', 'E', 163, 50, STR_TO_DATE('10/12/2000', '%d/%m/%Y'));
INSERT INTO hasta VALUES ('59133335556', 'Umit', 'Oraloglu', 'B Rh+', 'E', 196, 51, STR_TO_DATE('12/03/1938', '%d/%m/%Y'));
INSERT INTO hasta VALUES ('43244955023', 'Afi', 'Oraloglu', 'B Rh+', 'E', 180, 84, STR_TO_DATE('22/07/1966', '%d/%m/%Y'));
INSERT INTO hasta VALUES ('95180134764', 'Gulnaz', 'Kucukler', 'B Rh-', 'E', 199, 67, STR_TO_DATE('26/02/1951', '%d/%m/%Y'));
INSERT INTO hasta VALUES ('43127038080', 'Pembe', 'Kucukler', 'A Rh-', 'E', 184, 95, STR_TO_DATE('21/03/1962', '%d/%m/%Y'));
INSERT INTO hasta VALUES ('92963998841', 'Munevver', 'Oraloglu', 'B Rh-', 'E', 161, 54, STR_TO_DATE('27/04/1980', '%d/%m/%Y'));
INSERT INTO hasta VALUES ('84412284819', 'Fatos', 'Kocoglu', 'AB Rh-', 'E', 166, 71, STR_TO_DATE('02/05/1918', '%d/%m/%Y'));
INSERT INTO hasta VALUES ('71914177000', 'Sehlevent', 'Kunter', 'AB Rh-', 'E', 191, 67, STR_TO_DATE('26/11/1936', '%d/%m/%Y'));
INSERT INTO hasta VALUES ('74868864994', 'Ufuk', 'Tunceri', 'B Rh+', 'K', 172, 103, STR_TO_DATE('16/06/2003', '%d/%m/%Y'));
INSERT INTO hasta VALUES ('81560575310', 'Yetkin', 'Tunceri', 'AB Rh-', 'E', 160, 105, STR_TO_DATE('29/07/1986', '%d/%m/%Y'));
INSERT INTO hasta VALUES ('23985117988', 'Haydar', 'Oraloglu', 'A Rh+', 'K', 180, 82, STR_TO_DATE('09/05/1918', '%d/%m/%Y'));
INSERT INTO hasta VALUES ('49195705809', 'Omer', 'Kocoglu', 'AB Rh-', 'E', 186, 89, STR_TO_DATE('25/03/1997', '%d/%m/%Y'));
INSERT INTO hasta VALUES ('48302037168', 'Selen', 'Tunceri', 'B Rh-', 'E', 187, 71, STR_TO_DATE('13/08/1968', '%d/%m/%Y'));
INSERT INTO hasta VALUES ('97698458110', 'Isil', 'Ayverdi', 'B Rh+', 'K', 182, 89, STR_TO_DATE('20/11/1922', '%d/%m/%Y'));
INSERT INTO hasta VALUES ('86694342936', 'Gunnur', 'Kunter', 'A Rh-', 'K', 188, 67, STR_TO_DATE('05/04/1942', '%d/%m/%Y'));
INSERT INTO hasta VALUES ('50256965312', 'Ciler', 'Oraloglu', 'B Rh+', 'E', 173, 73, STR_TO_DATE('07/04/2003', '%d/%m/%Y'));
INSERT INTO hasta VALUES ('65168230222', 'Tezel', 'Kunter', 'B Rh-', 'K', 164, 89, STR_TO_DATE('22/05/1952', '%d/%m/%Y'));
INSERT INTO hasta VALUES ('76192943611', 'Nesim', 'Kucukler', 'AB Rh+', 'K', 183, 100, STR_TO_DATE('05/03/1942', '%d/%m/%Y'));
INSERT INTO hasta VALUES ('53664579673', 'Balin', 'Ayverdi', 'A Rh-', 'E', 191, 108, STR_TO_DATE('08/04/2007', '%d/%m/%Y'));
INSERT INTO hasta VALUES ('90293609535', 'Enderun', 'Kunter', 'A Rh+', 'K', 171, 94, STR_TO_DATE('28/07/1941', '%d/%m/%Y'));
INSERT INTO hasta VALUES ('40230193578', 'Hamza', 'Kocoglu', 'AB Rh+', 'K', 184, 87, STR_TO_DATE('11/10/1941', '%d/%m/%Y'));
INSERT INTO hasta VALUES ('36562837418', 'Yigit', 'Kunter', 'AB Rh+', 'K', 162, 88, STR_TO_DATE('13/10/1914', '%d/%m/%Y'));
INSERT INTO hasta VALUES ('52267501744', 'Dondu', 'Ayverdi', 'AB Rh+', 'K', 162, 65, STR_TO_DATE('06/03/1911', '%d/%m/%Y'));
INSERT INTO hasta VALUES ('93489395005', 'Tunay', 'Kocoglu', 'B Rh-', 'E', 181, 102, STR_TO_DATE('22/10/1936', '%d/%m/%Y'));
INSERT INTO hasta VALUES ('53202356748', 'Ugur', 'Ayverdi', 'AB Rh-', 'E', 188, 76, STR_TO_DATE('24/02/1929', '%d/%m/%Y'));
INSERT INTO hasta VALUES ('85612323600', 'Ilhan', 'Kucukler', 'AB Rh+', 'K', 192, 96, STR_TO_DATE('07/09/1980', '%d/%m/%Y'));
INSERT INTO hasta VALUES ('58112189895', 'Melis', 'Tunceri', 'B Rh+', 'E', 198, 84, STR_TO_DATE('18/10/1999', '%d/%m/%Y'));
INSERT INTO hasta VALUES ('13390831805', 'Seren', 'Kucukler', 'AB Rh+', 'E', 165, 89, STR_TO_DATE('16/08/1936', '%d/%m/%Y'));
INSERT INTO hasta VALUES ('98461682753', 'Nabi', 'Tunceri', 'AB Rh+', 'K', 158, 64, STR_TO_DATE('04/01/1978', '%d/%m/%Y'));
INSERT INTO hasta VALUES ('35514364281', 'Ilhan', 'Oraloglu', 'A Rh-', 'K', 191, 87, STR_TO_DATE('29/01/1936', '%d/%m/%Y'));
INSERT INTO hasta VALUES ('83117627678', 'Yildiz', 'Kocoglu', 'B Rh+', 'E', 165, 83, STR_TO_DATE('29/08/1978', '%d/%m/%Y'));
INSERT INTO hasta VALUES ('97191216638', 'Hande', 'Tunceri', 'B Rh-', 'K', 162, 102, STR_TO_DATE('21/02/1925', '%d/%m/%Y'));
INSERT INTO hasta VALUES ('63322228569', 'Meral', 'Tunceri', 'AB Rh+', 'K', 185, 107, STR_TO_DATE('28/06/1965', '%d/%m/%Y'));
INSERT INTO hasta VALUES ('27426698482', 'Fulden', 'Kucukler', 'A Rh+', 'E', 197, 68, STR_TO_DATE('06/10/1943', '%d/%m/%Y'));
INSERT INTO hasta VALUES ('98526864690', 'Hakem', 'Ayverdi', 'AB Rh-', 'E', 187, 100, STR_TO_DATE('10/06/1953', '%d/%m/%Y'));
INSERT INTO hasta VALUES ('19610732434', 'Serif', 'Ayverdi', 'B Rh+', 'K', 167, 85, STR_TO_DATE('03/11/1913', '%d/%m/%Y'));
INSERT INTO hasta VALUES ('56218617697', 'Derin', 'Kucukler', 'AB Rh+', 'E', 161, 92, STR_TO_DATE('18/08/1966', '%d/%m/%Y'));
INSERT INTO hasta VALUES ('61517182756', 'Bediz', 'Kunter', 'AB Rh-', 'K', 184, 102, STR_TO_DATE('01/05/1954', '%d/%m/%Y'));
INSERT INTO hasta VALUES ('84124562796', 'Anita', 'Kunter', 'B Rh+', 'E', 182, 99, STR_TO_DATE('21/11/1930', '%d/%m/%Y'));
INSERT INTO hasta VALUES ('40833540079', 'Ede', 'Tunceri', 'A Rh+', 'K', 194, 107, STR_TO_DATE('13/02/1955', '%d/%m/%Y'));
INSERT INTO hasta VALUES ('93367492303', 'Fikriye', 'Kunter', 'A Rh+', 'E', 162, 80, STR_TO_DATE('11/01/1929', '%d/%m/%Y'));
INSERT INTO hasta VALUES ('41593840029', 'Cuneyt', 'Kocoglu', 'B Rh+', 'E', 177, 74, STR_TO_DATE('19/09/1985', '%d/%m/%Y'));
INSERT INTO hasta VALUES ('70692975181', 'Enise', 'Ayverdi', 'A Rh-', 'E', 192, 94, STR_TO_DATE('14/01/1917', '%d/%m/%Y'));
INSERT INTO hasta VALUES ('88443000868', 'Cicek', 'Ayverdi', 'AB Rh+', 'E', 187, 57, STR_TO_DATE('02/03/1933', '%d/%m/%Y'));
INSERT INTO hasta VALUES ('99640216104', 'Nahil', 'Ayverdi', 'A Rh-', 'E', 183, 76, STR_TO_DATE('22/07/1983', '%d/%m/%Y'));
INSERT INTO hasta VALUES ('79054984582', 'Perran', 'Kucukler', 'A Rh-', 'E', 173, 67, STR_TO_DATE('12/06/1981', '%d/%m/%Y'));
INSERT INTO hasta VALUES ('60586858887', 'Turkes', 'Kucukler', 'B Rh+', 'E', 163, 95, STR_TO_DATE('08/09/2005', '%d/%m/%Y'));
INSERT INTO hasta VALUES ('98304740291', 'Siir', 'Ayverdi', 'A Rh-', 'E', 162, 86, STR_TO_DATE('08/08/1977', '%d/%m/%Y'));
INSERT INTO hasta VALUES ('34637888253', 'Harun', 'Kucukler', 'A Rh+', 'E', 164, 63, STR_TO_DATE('18/04/1940', '%d/%m/%Y'));
INSERT INTO hasta VALUES ('57188407567', 'Ergun', 'Oraloglu', 'AB Rh+', 'K', 167, 73, STR_TO_DATE('23/01/1945', '%d/%m/%Y'));
INSERT INTO hasta VALUES ('13797239967', 'Ufuk', 'Kocoglu', 'B Rh-', 'E', 173, 77, STR_TO_DATE('06/12/1949', '%d/%m/%Y'));
INSERT INTO hasta VALUES ('86030575051', 'Hâtem', 'Ayverdi', 'A Rh+', 'K', 198, 99, STR_TO_DATE('29/05/1956', '%d/%m/%Y'));
INSERT INTO hasta VALUES ('63371278277', 'Sibel', 'Kocoglu', 'A Rh-', 'K', 170, 60, STR_TO_DATE('25/02/1928', '%d/%m/%Y'));
INSERT INTO hasta VALUES ('25288682158', 'Gaye', 'Kocoglu', 'AB Rh+', 'E', 179, 79, STR_TO_DATE('13/08/1955', '%d/%m/%Y'));
INSERT INTO hasta VALUES ('41041414472', 'Rezzan', 'Oraloglu', 'AB Rh-', 'K', 178, 57, STR_TO_DATE('07/07/1920', '%d/%m/%Y'));
INSERT INTO hasta VALUES ('31208179943', 'Yesim', 'Oraloglu', 'AB Rh-', 'E', 160, 50, STR_TO_DATE('25/03/1992', '%d/%m/%Y'));
INSERT INTO hasta VALUES ('96032424770', 'Seckin', 'Ayverdi', 'AB Rh-', 'K', 155, 85, STR_TO_DATE('18/02/1916', '%d/%m/%Y'));
INSERT INTO hasta VALUES ('12057269609', 'Dogu', 'Oraloglu', 'A Rh-', 'E', 160, 70, STR_TO_DATE('29/01/1937', '%d/%m/%Y'));
INSERT INTO hasta VALUES ('84138970906', 'Ikbal', 'Kocoglu', 'A Rh+', 'K', 179, 84, STR_TO_DATE('05/12/1966', '%d/%m/%Y'));
INSERT INTO hasta VALUES ('69250761475', 'Âmir', 'Oraloglu', 'A Rh-', 'E', 180, 62, STR_TO_DATE('27/01/1951', '%d/%m/%Y'));
INSERT INTO hasta VALUES ('11737525711', 'Unsel', 'Ayverdi', 'AB Rh+', 'E', 184, 84, STR_TO_DATE('01/01/1975', '%d/%m/%Y'));
INSERT INTO hasta VALUES ('49135090241', 'Bedran', 'Kocoglu', 'AB Rh+', 'E', 164, 69, STR_TO_DATE('05/11/1944', '%d/%m/%Y'));
INSERT INTO hasta VALUES ('59309243367', 'Isik', 'Tunceri', 'B Rh-', 'E', 174, 100, STR_TO_DATE('16/01/1935', '%d/%m/%Y'));
INSERT INTO hasta VALUES ('10931026109', 'Fuldem', 'Kunter', 'B Rh+', 'K', 186, 106, STR_TO_DATE('18/02/1964', '%d/%m/%Y'));
INSERT INTO hasta VALUES ('79522433346', 'Bahtiyar', 'Kunter', 'B Rh+', 'K', 194, 62, STR_TO_DATE('14/02/1932', '%d/%m/%Y'));
INSERT INTO hasta VALUES ('40044240530', 'Husrev', 'Oraloglu', 'B Rh-', 'K', 173, 82, STR_TO_DATE('04/10/1972', '%d/%m/%Y'));
INSERT INTO hasta VALUES ('21685398896', 'Nehir', 'Kunter', 'AB Rh+', 'K', 159, 65, STR_TO_DATE('06/12/1917', '%d/%m/%Y'));
INSERT INTO hasta VALUES ('42217430048', 'Ridvan', 'Kucukler', 'A Rh+', 'E', 189, 91, STR_TO_DATE('06/06/1914', '%d/%m/%Y'));
INSERT INTO hasta VALUES ('56791677179', 'Sennur', 'Kocoglu', 'B Rh+', 'E', 177, 60, STR_TO_DATE('23/12/1951', '%d/%m/%Y'));
INSERT INTO hasta VALUES ('82992767181', 'Yildirim', 'Kunter', 'AB Rh+', 'K', 193, 79, STR_TO_DATE('05/09/1987', '%d/%m/%Y'));
INSERT INTO hasta VALUES ('96118076999', 'Yildiz', 'Kocoglu', 'A Rh-', 'E', 157, 79, STR_TO_DATE('03/11/1938', '%d/%m/%Y'));
INSERT INTO hasta VALUES ('42323593192', 'Kader', 'Tunceri', 'AB Rh-', 'E', 164, 56, STR_TO_DATE('22/12/1958', '%d/%m/%Y'));
INSERT INTO hasta VALUES ('87016856375', 'Turna', 'Oraloglu', 'A Rh+', 'E', 163, 98, STR_TO_DATE('08/06/1916', '%d/%m/%Y'));
INSERT INTO hasta VALUES ('72050336538', 'Ulviye', 'Ayverdi', 'B Rh-', 'E', 178, 69, STR_TO_DATE('26/05/1999', '%d/%m/%Y'));
INSERT INTO hasta VALUES ('64840539380', 'Hande', 'Oraloglu', 'B Rh-', 'E', 190, 107, STR_TO_DATE('07/06/1980', '%d/%m/%Y'));
INSERT INTO hasta VALUES ('10774550458', 'Behzat', 'Kunter', 'AB Rh-', 'K', 193, 55, STR_TO_DATE('11/02/1920', '%d/%m/%Y'));
INSERT INTO hasta VALUES ('94619018229', 'Nilgun', 'Ayverdi', 'AB Rh-', 'E', 176, 79, STR_TO_DATE('05/02/1940', '%d/%m/%Y'));
INSERT INTO hasta VALUES ('32409423208', 'Muammer', 'Ayverdi', 'A Rh+', 'E', 187, 79, STR_TO_DATE('20/10/1938', '%d/%m/%Y'));
INSERT INTO hasta VALUES ('40878133855', 'Lemide', 'Kucukler', 'A Rh+', 'K', 199, 55, STR_TO_DATE('04/04/1952', '%d/%m/%Y'));
INSERT INTO hasta VALUES ('53771253472', 'Humayun', 'Kunter', 'B Rh-', 'K', 155, 83, STR_TO_DATE('04/01/2006', '%d/%m/%Y'));
INSERT INTO hasta VALUES ('78631411615', 'Destan', 'Ayverdi', 'B Rh+', 'E', 179, 80, STR_TO_DATE('02/01/1966', '%d/%m/%Y'));
INSERT INTO hasta VALUES ('77511344665', 'Harun', 'Kocoglu', 'A Rh-', 'E', 182, 56, STR_TO_DATE('09/10/1978', '%d/%m/%Y'));
INSERT INTO hasta VALUES ('43914043896', 'Selen', 'Tunceri', 'A Rh-', 'E', 175, 59, STR_TO_DATE('12/02/1982', '%d/%m/%Y'));
INSERT INTO hasta VALUES ('14571236820', 'Fureyya', 'Kucukler', 'A Rh-', 'E', 166, 57, STR_TO_DATE('08/03/2002', '%d/%m/%Y'));
INSERT INTO hasta VALUES ('66804754326', 'Ipek', 'Ayverdi', 'A Rh+', 'E', 161, 71, STR_TO_DATE('29/06/1910', '%d/%m/%Y'));
INSERT INTO hasta VALUES ('69186702157', 'Suat', 'Kocoglu', 'A Rh+', 'K', 194, 92, STR_TO_DATE('19/07/1960', '%d/%m/%Y'));
INSERT INTO hasta VALUES ('96885870724', 'Necla', 'Ayverdi', 'AB Rh-', 'E', 187, 103, STR_TO_DATE('01/05/1970', '%d/%m/%Y'));
INSERT INTO hasta VALUES ('83675233751', 'Meltem', 'Kunter', 'AB Rh-', 'K', 177, 75, STR_TO_DATE('22/05/1990', '%d/%m/%Y'));
INSERT INTO hasta VALUES ('83986713066', 'Semsi', 'Ayverdi', 'A Rh+', 'K', 173, 69, STR_TO_DATE('08/08/1986', '%d/%m/%Y'));
INSERT INTO hasta VALUES ('71573165764', 'Cemil', 'Kucukler', 'B Rh-', 'E', 183, 90, STR_TO_DATE('18/11/1971', '%d/%m/%Y'));
INSERT INTO hasta VALUES ('37175121598', 'Nurullah', 'Kocoglu', 'A Rh+', 'K', 184, 79, STR_TO_DATE('12/11/1951', '%d/%m/%Y'));
INSERT INTO hasta VALUES ('52254456277', 'Sinasi', 'Ayverdi', 'AB Rh-', 'K', 175, 71, STR_TO_DATE('14/05/1947', '%d/%m/%Y'));
INSERT INTO hasta VALUES ('53519158491', 'Ziyad', 'Oraloglu', 'AB Rh-', 'K', 190, 90, STR_TO_DATE('27/01/1971', '%d/%m/%Y'));
INSERT INTO hasta VALUES ('93154491310', 'Fatos', 'Kunter', 'AB Rh+', 'K', 168, 108, STR_TO_DATE('10/09/1921', '%d/%m/%Y'));
INSERT INTO hasta VALUES ('37501840295', 'Alpike', 'Oraloglu', 'AB Rh-', 'E', 172, 91, STR_TO_DATE('06/02/1921', '%d/%m/%Y'));
INSERT INTO hasta VALUES ('69226605981', 'Fikriye', 'Kucukler', 'AB Rh-', 'K', 172, 106, STR_TO_DATE('28/06/1959', '%d/%m/%Y'));
INSERT INTO hasta VALUES ('81382705650', 'Ilkyaz', 'Kucukler', 'AB Rh-', 'K', 191, 107, STR_TO_DATE('08/06/1958', '%d/%m/%Y'));
INSERT INTO hasta VALUES ('27637030821', 'Keles', 'Tunceri', 'A Rh+', 'E', 187, 94, STR_TO_DATE('17/02/1965', '%d/%m/%Y'));
INSERT INTO hasta VALUES ('30657415453', 'Giray', 'Kunter', 'AB Rh-', 'K', 177, 51, STR_TO_DATE('06/04/1983', '%d/%m/%Y'));
INSERT INTO hasta VALUES ('58916197511', 'Batuhan', 'Tunceri', 'AB Rh-', 'E', 174, 62, STR_TO_DATE('02/09/1924', '%d/%m/%Y'));
INSERT INTO hasta VALUES ('52949580261', 'Gonca', 'Kucukler', 'B Rh-', 'E', 161, 60, STR_TO_DATE('19/01/1948', '%d/%m/%Y'));
INSERT INTO hasta VALUES ('30242871928', 'Bedran', 'Kunter', 'AB Rh-', 'E', 169, 54, STR_TO_DATE('02/10/1934', '%d/%m/%Y'));
INSERT INTO hasta VALUES ('49437941391', 'Esin', 'Kucukler', 'B Rh+', 'E', 181, 64, STR_TO_DATE('21/07/1945', '%d/%m/%Y'));
INSERT INTO hasta VALUES ('63148977447', 'Sâfi', 'Kucukler', 'AB Rh+', 'K', 158, 85, STR_TO_DATE('20/04/1966', '%d/%m/%Y'));
INSERT INTO hasta VALUES ('11165889469', 'Recep', 'Oraloglu', 'B Rh+', 'E', 169, 97, STR_TO_DATE('06/04/1928', '%d/%m/%Y'));
INSERT INTO hasta VALUES ('43299463369', 'Mujde', 'Ayverdi', 'AB Rh+', 'K', 181, 93, STR_TO_DATE('15/07/1912', '%d/%m/%Y'));
INSERT INTO hasta VALUES ('73942488585', 'Cenk', 'Tunceri', 'A Rh-', 'E', 188, 104, STR_TO_DATE('29/12/1943', '%d/%m/%Y'));
INSERT INTO hasta VALUES ('61719586707', 'Nevin', 'Kunter', 'AB Rh-', 'E', 166, 73, STR_TO_DATE('14/05/1934', '%d/%m/%Y'));
INSERT INTO hasta VALUES ('49203033214', 'Tamer', 'Ayverdi', 'B Rh-', 'K', 186, 90, STR_TO_DATE('18/03/1987', '%d/%m/%Y'));
INSERT INTO hasta VALUES ('77940153040', 'Altin', 'Ayverdi', 'A Rh+', 'E', 168, 99, STR_TO_DATE('05/05/1910', '%d/%m/%Y'));
INSERT INTO hasta VALUES ('39735902271', 'Barkin', 'Kucukler', 'AB Rh+', 'E', 188, 50, STR_TO_DATE('08/04/1912', '%d/%m/%Y'));
INSERT INTO hasta VALUES ('38651219257', 'Yelda', 'Kocoglu', 'AB Rh+', 'K', 176, 92, STR_TO_DATE('06/03/1927', '%d/%m/%Y'));
INSERT INTO hasta VALUES ('12750593515', 'Server', 'Tunceri', 'B Rh+', 'K', 170, 55, STR_TO_DATE('02/01/1925', '%d/%m/%Y'));
INSERT INTO hasta VALUES ('56718697697', 'Aykal', 'Kocoglu', 'A Rh-', 'E', 173, 97, STR_TO_DATE('09/02/2000', '%d/%m/%Y'));
INSERT INTO hasta VALUES ('42891464368', 'Durmus', 'Kunter', 'AB Rh-', 'K', 156, 54, STR_TO_DATE('02/04/1986', '%d/%m/%Y'));
INSERT INTO hasta VALUES ('87962348706', 'Dondu', 'Tunceri', 'B Rh-', 'K', 193, 79, STR_TO_DATE('18/09/1986', '%d/%m/%Y'));
INSERT INTO hasta VALUES ('28558457410', 'Hande', 'Kucukler', 'AB Rh+', 'E', 196, 72, STR_TO_DATE('06/04/1987', '%d/%m/%Y'));
INSERT INTO hasta VALUES ('66437540707', 'Zâfir', 'Kucukler', 'B Rh+', 'E', 176, 57, STR_TO_DATE('06/08/1938', '%d/%m/%Y'));
INSERT INTO hasta VALUES ('64284980505', 'Sevtap', 'Oraloglu', 'A Rh-', 'E', 172, 109, STR_TO_DATE('18/10/1950', '%d/%m/%Y'));
INSERT INTO hasta VALUES ('87426716475', 'Sadullah', 'Ayverdi', 'AB Rh-', 'K', 195, 55, STR_TO_DATE('15/02/1918', '%d/%m/%Y'));
INSERT INTO hasta VALUES ('37599913168', 'Besra', 'Kocoglu', 'AB Rh-', 'K', 182, 89, STR_TO_DATE('03/03/2002', '%d/%m/%Y'));
INSERT INTO hasta VALUES ('31113191865', 'Burhan', 'Kucukler', 'B Rh+', 'E', 192, 62, STR_TO_DATE('25/10/1948', '%d/%m/%Y'));
INSERT INTO hasta VALUES ('35992551894', 'Nevin', 'Kocoglu', 'A Rh+', 'K', 176, 76, STR_TO_DATE('20/12/2006', '%d/%m/%Y'));
INSERT INTO hasta VALUES ('63712647178', 'Ihsan', 'Kocoglu', 'A Rh-', 'E', 165, 98, STR_TO_DATE('14/06/1995', '%d/%m/%Y'));
INSERT INTO hasta VALUES ('48612638203', 'Sermin', 'Kocoglu', 'A Rh-', 'K', 199, 81, STR_TO_DATE('09/08/1947', '%d/%m/%Y'));
INSERT INTO hasta VALUES ('89679718226', 'Serpil', 'Ayverdi', 'AB Rh-', 'E', 165, 74, STR_TO_DATE('14/05/1997', '%d/%m/%Y'));
INSERT INTO hasta VALUES ('74024074662', 'Kadi', 'Kucukler', 'A Rh+', 'E', 197, 54, STR_TO_DATE('26/01/1910', '%d/%m/%Y'));
INSERT INTO hasta VALUES ('76374591510', 'Hafid', 'Kucukler', 'A Rh+', 'K', 168, 53, STR_TO_DATE('27/11/1978', '%d/%m/%Y'));
INSERT INTO hasta VALUES ('85237100946', 'Vildan', 'Kocoglu', 'B Rh+', 'E', 196, 78, STR_TO_DATE('06/08/2003', '%d/%m/%Y'));
INSERT INTO hasta VALUES ('13342715121', 'Nalan', 'Oraloglu', 'A Rh-', 'K', 167, 97, STR_TO_DATE('16/01/1926', '%d/%m/%Y'));
INSERT INTO hasta VALUES ('68950693164', 'Ece', 'Kocoglu', 'AB Rh+', 'E', 179, 61, STR_TO_DATE('04/04/2007', '%d/%m/%Y'));
INSERT INTO hasta VALUES ('88330778639', 'Hande', 'Kocoglu', 'B Rh-', 'K', 188, 79, STR_TO_DATE('19/07/1912', '%d/%m/%Y'));
INSERT INTO hasta VALUES ('33690559737', 'Sertap', 'Kucukler', 'AB Rh+', 'K', 181, 70, STR_TO_DATE('28/03/1950', '%d/%m/%Y'));
INSERT INTO hasta VALUES ('51913766189', 'Acelya', 'Kunter', 'A Rh-', 'K', 172, 69, STR_TO_DATE('23/11/1982', '%d/%m/%Y'));
INSERT INTO hasta VALUES ('27219154343', 'Sevda', 'Ayverdi', 'A Rh+', 'K', 184, 71, STR_TO_DATE('15/02/1947', '%d/%m/%Y'));
INSERT INTO hasta VALUES ('83411233171', 'Tulin', 'Tunceri', 'B Rh-', 'K', 193, 90, STR_TO_DATE('24/12/1954', '%d/%m/%Y'));
INSERT INTO hasta VALUES ('21882224113', 'Mesut', 'Tunceri', 'A Rh-', 'E', 163, 92, STR_TO_DATE('01/02/1949', '%d/%m/%Y'));
INSERT INTO hasta VALUES ('92559683653', 'Sevda', 'Kucukler', 'A Rh+', 'E', 173, 94, STR_TO_DATE('10/08/1996', '%d/%m/%Y'));
INSERT INTO hasta VALUES ('54274202089', 'Ayhan', 'Ayverdi', 'AB Rh+', 'E', 156, 69, STR_TO_DATE('05/10/1998', '%d/%m/%Y'));
INSERT INTO hasta VALUES ('99090235712', 'Selma', 'Kocoglu', 'B Rh+', 'E', 187, 100, STR_TO_DATE('09/07/1970', '%d/%m/%Y'));
INSERT INTO hasta VALUES ('16570750134', 'Oguzhan', 'Kocoglu', 'A Rh+', 'E', 160, 55, STR_TO_DATE('07/05/1964', '%d/%m/%Y'));
INSERT INTO hasta VALUES ('59788501834', 'Dilberay', 'Tunceri', 'B Rh-', 'K', 197, 91, STR_TO_DATE('11/08/1966', '%d/%m/%Y'));
INSERT INTO hasta VALUES ('93127448665', 'Ede', 'Kucukler', 'B Rh-', 'K', 190, 107, STR_TO_DATE('05/07/1932', '%d/%m/%Y'));
INSERT INTO hasta VALUES ('98202315840', 'Muaz', 'Kunter', 'B Rh-', 'K', 177, 59, STR_TO_DATE('20/06/1961', '%d/%m/%Y'));
INSERT INTO hasta VALUES ('23410033939', 'Ilkyaz', 'Kocoglu', 'B Rh+', 'E', 184, 56, STR_TO_DATE('22/06/1962', '%d/%m/%Y'));
INSERT INTO hasta VALUES ('27409995374', 'Diclehan', 'Oraloglu', 'B Rh-', 'E', 156, 93, STR_TO_DATE('19/11/1984', '%d/%m/%Y'));
INSERT INTO hasta VALUES ('84173396312', 'Erda', 'Tunceri', 'A Rh+', 'K', 178, 80, STR_TO_DATE('25/02/1920', '%d/%m/%Y'));
INSERT INTO hasta VALUES ('70502103053', 'Itir', 'Ayverdi', 'B Rh+', 'K', 166, 50, STR_TO_DATE('11/01/1962', '%d/%m/%Y'));
INSERT INTO hasta VALUES ('14159798713', 'Nukhet', 'Kocoglu', 'A Rh-', 'K', 158, 82, STR_TO_DATE('22/09/1971', '%d/%m/%Y'));
INSERT INTO hasta VALUES ('95597671957', 'Eysan', 'Tunceri', 'A Rh+', 'E', 197, 83, STR_TO_DATE('08/07/1976', '%d/%m/%Y'));
INSERT INTO hasta VALUES ('70228200202', 'Kadi', 'Ayverdi', 'A Rh+', 'E', 199, 100, STR_TO_DATE('04/08/1987', '%d/%m/%Y'));
INSERT INTO hasta VALUES ('40477665386', 'Mehtap', 'Oraloglu', 'AB Rh-', 'E', 157, 95, STR_TO_DATE('14/04/1970', '%d/%m/%Y'));
INSERT INTO hasta VALUES ('85987879320', 'Nazim', 'Kucukler', 'A Rh+', 'E', 173, 71, STR_TO_DATE('21/12/2000', '%d/%m/%Y'));
INSERT INTO hasta VALUES ('80912923625', 'Cemal', 'Oraloglu', 'AB Rh-', 'E', 156, 56, STR_TO_DATE('26/04/1974', '%d/%m/%Y'));
INSERT INTO hasta VALUES ('67402711711', 'Bartu', 'Kucukler', 'B Rh-', 'K', 187, 56, STR_TO_DATE('27/09/1990', '%d/%m/%Y'));
INSERT INTO hasta VALUES ('38885609096', 'Vesile', 'Kucukler', 'B Rh-', 'K', 174, 94, STR_TO_DATE('28/12/1941', '%d/%m/%Y'));
INSERT INTO hasta VALUES ('57081393256', 'Devran', 'Tunceri', 'A Rh+', 'E', 181, 81, STR_TO_DATE('18/09/1921', '%d/%m/%Y'));
INSERT INTO hasta VALUES ('79289287638', 'Kader', 'Kucukler', 'AB Rh+', 'K', 186, 95, STR_TO_DATE('19/05/2005', '%d/%m/%Y'));
INSERT INTO hasta VALUES ('81037084400', 'Ummiye', 'Ayverdi', 'AB Rh-', 'K', 160, 59, STR_TO_DATE('21/04/1944', '%d/%m/%Y'));
INSERT INTO hasta VALUES ('58414883272', 'Alp', 'Oraloglu', 'A Rh+', 'E', 172, 83, STR_TO_DATE('03/08/1920', '%d/%m/%Y'));
INSERT INTO hasta VALUES ('52513108081', 'Eysan', 'Kocoglu', 'B Rh+', 'K', 161, 105, STR_TO_DATE('24/06/1924', '%d/%m/%Y'));
INSERT INTO hasta VALUES ('50090618003', 'Enise', 'Kocoglu', 'B Rh-', 'K', 184, 82, STR_TO_DATE('28/09/1924', '%d/%m/%Y'));
INSERT INTO hasta VALUES ('98651265022', 'Sevinc', 'Tunceri', 'AB Rh+', 'E', 179, 85, STR_TO_DATE('19/08/1976', '%d/%m/%Y'));
INSERT INTO hasta VALUES ('27052867604', 'Julide', 'Tunceri', 'B Rh+', 'K', 180, 85, STR_TO_DATE('29/09/1944', '%d/%m/%Y'));
INSERT INTO hasta VALUES ('92504369288', 'Meral', 'Ayverdi', 'AB Rh+', 'K', 171, 105, STR_TO_DATE('18/01/1913', '%d/%m/%Y'));
INSERT INTO hasta VALUES ('95654172801', 'Guniz', 'Kocoglu', 'B Rh-', 'K', 159, 77, STR_TO_DATE('19/02/1943', '%d/%m/%Y'));
INSERT INTO hasta VALUES ('30659516222', 'Daghan', 'Kucukler', 'AB Rh-', 'E', 158, 84, STR_TO_DATE('29/05/1930', '%d/%m/%Y'));
INSERT INTO hasta VALUES ('31998384891', 'Gul', 'Ayverdi', 'A Rh+', 'E', 195, 102, STR_TO_DATE('11/04/1962', '%d/%m/%Y'));
INSERT INTO hasta VALUES ('16355358268', 'Sirri', 'Oraloglu', 'A Rh-', 'K', 160, 55, STR_TO_DATE('10/11/1993', '%d/%m/%Y'));
INSERT INTO hasta VALUES ('25846021239', 'Alvina', 'Kunter', 'AB Rh+', 'K', 162, 94, STR_TO_DATE('05/06/1916', '%d/%m/%Y'));
INSERT INTO hasta VALUES ('64545579608', 'Melih', 'Ayverdi', 'A Rh-', 'K', 199, 54, STR_TO_DATE('16/03/1993', '%d/%m/%Y'));
INSERT INTO hasta VALUES ('44441390487', 'Tevhid', 'Kucukler', 'B Rh-', 'K', 189, 61, STR_TO_DATE('07/06/1945', '%d/%m/%Y'));
INSERT INTO hasta VALUES ('69373345481', 'Diclehan', 'Ayverdi', 'A Rh-', 'K', 194, 90, STR_TO_DATE('28/12/1992', '%d/%m/%Y'));
INSERT INTO hasta VALUES ('29920013062', 'Giray', 'Ayverdi', 'B Rh-', 'E', 173, 61, STR_TO_DATE('09/02/1928', '%d/%m/%Y'));
INSERT INTO hasta VALUES ('51844795685', 'Sahsuvar', 'Kocoglu', 'B Rh+', 'K', 157, 53, STR_TO_DATE('28/01/1977', '%d/%m/%Y'));
INSERT INTO hasta VALUES ('54333960510', 'Ceylan', 'Kunter', 'AB Rh+', 'K', 165, 86, STR_TO_DATE('24/02/1912', '%d/%m/%Y'));
INSERT INTO hasta VALUES ('97775393878', 'Rustu', 'Kunter', 'B Rh-', 'K', 179, 57, STR_TO_DATE('06/07/1974', '%d/%m/%Y'));
INSERT INTO hasta VALUES ('53030541922', 'Furkân', 'Kucukler', 'B Rh-', 'K', 178, 81, STR_TO_DATE('12/02/1921', '%d/%m/%Y'));
INSERT INTO hasta VALUES ('73457925207', 'Derin', 'Oraloglu', 'AB Rh+', 'K', 178, 54, STR_TO_DATE('19/03/1922', '%d/%m/%Y'));
INSERT INTO hasta VALUES ('16395293732', 'Kubat', 'Kucukler', 'AB Rh-', 'E', 198, 106, STR_TO_DATE('14/01/1931', '%d/%m/%Y'));
INSERT INTO hasta VALUES ('13154436848', 'Muzaffer', 'Kucukler', 'B Rh+', 'K', 182, 68, STR_TO_DATE('14/02/1985', '%d/%m/%Y'));
INSERT INTO hasta VALUES ('40066023972', 'Sevda', 'Oraloglu', 'A Rh+', 'E', 156, 103, STR_TO_DATE('25/03/1936', '%d/%m/%Y'));
INSERT INTO hasta VALUES ('57482828436', 'Enis', 'Tunceri', 'A Rh+', 'K', 197, 95, STR_TO_DATE('22/06/1955', '%d/%m/%Y'));
INSERT INTO hasta VALUES ('12451379861', 'Defne', 'Ayverdi', 'B Rh+', 'E', 167, 51, STR_TO_DATE('02/01/1949', '%d/%m/%Y'));
INSERT INTO hasta VALUES ('76623505562', 'Miray', 'Kunter', 'AB Rh+', 'K', 195, 104, STR_TO_DATE('03/03/1990', '%d/%m/%Y'));
INSERT INTO hasta VALUES ('84780748281', 'Melike', 'Tunceri', 'AB Rh+', 'K', 172, 57, STR_TO_DATE('12/11/1994', '%d/%m/%Y'));
INSERT INTO hasta VALUES ('91647738305', 'Kadem', 'Oraloglu', 'A Rh-', 'E', 184, 92, STR_TO_DATE('24/02/1964', '%d/%m/%Y'));
INSERT INTO hasta VALUES ('13326675533', 'Gonca', 'Kunter', 'A Rh+', 'E', 191, 95, STR_TO_DATE('21/02/1997', '%d/%m/%Y'));
INSERT INTO hasta VALUES ('61680356342', 'Tunc', 'Kocoglu', 'AB Rh+', 'K', 189, 77, STR_TO_DATE('05/03/1949', '%d/%m/%Y'));
INSERT INTO hasta VALUES ('76761589684', 'Guldeste', 'Tunceri', 'A Rh-', 'K', 190, 75, STR_TO_DATE('04/08/1983', '%d/%m/%Y'));
INSERT INTO hasta VALUES ('30649847367', 'Nesim', 'Oraloglu', 'AB Rh+', 'K', 157, 66, STR_TO_DATE('03/11/1937', '%d/%m/%Y'));
INSERT INTO hasta VALUES ('24388633561', 'Rahsan', 'Kocoglu', 'AB Rh+', 'E', 170, 98, STR_TO_DATE('19/04/1920', '%d/%m/%Y'));
INSERT INTO hasta VALUES ('44937771115', 'Naim', 'Ayverdi', 'A Rh+', 'E', 193, 84, STR_TO_DATE('05/11/1979', '%d/%m/%Y'));
INSERT INTO hasta VALUES ('78679657074', 'Ayhan', 'Ayverdi', 'B Rh+', 'K', 180, 92, STR_TO_DATE('10/08/1993', '%d/%m/%Y'));
INSERT INTO hasta VALUES ('82227542320', 'Ilknur', 'Kucukler', 'A Rh-', 'K', 187, 103, STR_TO_DATE('09/02/2009', '%d/%m/%Y'));
INSERT INTO hasta VALUES ('85342346623', 'Ece', 'Oraloglu', 'A Rh+', 'K', 162, 67, STR_TO_DATE('04/01/1979', '%d/%m/%Y'));
INSERT INTO hasta VALUES ('41013542895', 'Dilan', 'Kocoglu', 'B Rh-', 'K', 164, 99, STR_TO_DATE('24/05/1954', '%d/%m/%Y'));
INSERT INTO hasta VALUES ('96153845983', 'Mestan', 'Kunter', 'AB Rh-', 'K', 167, 64, STR_TO_DATE('15/06/1955', '%d/%m/%Y'));
INSERT INTO hasta VALUES ('10946770361', 'Sevda', 'Kocoglu', 'B Rh+', 'E', 157, 53, STR_TO_DATE('06/01/1978', '%d/%m/%Y'));
INSERT INTO hasta VALUES ('69793000196', 'Goknur', 'Tunceri', 'B Rh-', 'E', 185, 57, STR_TO_DATE('11/03/1983', '%d/%m/%Y'));
INSERT INTO hasta VALUES ('67662368498', 'Vahide', 'Oraloglu', 'A Rh+', 'E', 162, 90, STR_TO_DATE('24/01/1992', '%d/%m/%Y'));
INSERT INTO hasta VALUES ('56053956404', 'Ediz', 'Kocoglu', 'A Rh-', 'E', 170, 61, STR_TO_DATE('25/05/1925', '%d/%m/%Y'));
INSERT INTO hasta VALUES ('61326177960', 'Guher', 'Kocoglu', 'AB Rh+', 'E', 199, 51, STR_TO_DATE('28/03/1931', '%d/%m/%Y'));
INSERT INTO hasta VALUES ('19925589441', 'Elcin', 'Kocoglu', 'AB Rh+', 'E', 181, 62, STR_TO_DATE('28/03/1997', '%d/%m/%Y'));
INSERT INTO hasta VALUES ('46910353781', 'Kumru', 'Ayverdi', 'A Rh+', 'E', 174, 66, STR_TO_DATE('28/08/1984', '%d/%m/%Y'));
INSERT INTO hasta VALUES ('54446357151', 'Hilmi', 'Tunceri', 'AB Rh+', 'E', 176, 65, STR_TO_DATE('18/08/1972', '%d/%m/%Y'));
INSERT INTO hasta VALUES ('79375488900', 'Ozden', 'Oraloglu', 'A Rh-', 'K', 161, 57, STR_TO_DATE('19/05/1929', '%d/%m/%Y'));
INSERT INTO hasta VALUES ('44657486638', 'Kiymet', 'Kucukler', 'A Rh-', 'E', 164, 67, STR_TO_DATE('22/05/1969', '%d/%m/%Y'));
INSERT INTO hasta VALUES ('30643061023', 'Selma', 'Kocoglu', 'A Rh-', 'E', 199, 65, STR_TO_DATE('24/08/2004', '%d/%m/%Y'));
INSERT INTO hasta VALUES ('59531355986', 'Sunay', 'Kocoglu', 'AB Rh+', 'K', 175, 66, STR_TO_DATE('29/11/1914', '%d/%m/%Y'));
INSERT INTO hasta VALUES ('58308699454', 'Derya', 'Tunceri', 'AB Rh+', 'E', 199, 94, STR_TO_DATE('28/02/1914', '%d/%m/%Y'));
INSERT INTO hasta VALUES ('68595840726', 'Ant', 'Kucukler', 'A Rh-', 'E', 169, 100, STR_TO_DATE('12/09/1939', '%d/%m/%Y'));
INSERT INTO hasta VALUES ('23584292115', 'Daghan', 'Kocoglu', 'B Rh-', 'K', 159, 65, STR_TO_DATE('04/03/1965', '%d/%m/%Y'));
INSERT INTO hasta VALUES ('74616662576', 'Akiner', 'Kunter', 'AB Rh-', 'K', 192, 109, STR_TO_DATE('22/08/1960', '%d/%m/%Y'));
INSERT INTO hasta VALUES ('60070878285', 'Ozden', 'Kunter', 'B Rh+', 'E', 178, 50, STR_TO_DATE('20/09/1969', '%d/%m/%Y'));
INSERT INTO hasta VALUES ('32387965802', 'Ridvan', 'Kucukler', 'AB Rh+', 'K', 173, 72, STR_TO_DATE('01/05/1968', '%d/%m/%Y'));
INSERT INTO hasta VALUES ('90341609505', 'Mazhar', 'Oraloglu', 'A Rh-', 'E', 170, 83, STR_TO_DATE('19/05/1956', '%d/%m/%Y'));
INSERT INTO hasta VALUES ('41027840465', 'Numan', 'Ayverdi', 'B Rh-', 'K', 155, 93, STR_TO_DATE('18/11/1994', '%d/%m/%Y'));
INSERT INTO hasta VALUES ('87923285689', 'Eymen', 'Kucukler', 'B Rh-', 'K', 199, 52, STR_TO_DATE('19/06/1998', '%d/%m/%Y'));
INSERT INTO hasta VALUES ('80508282399', 'Izzet', 'Kucukler', 'B Rh-', 'K', 165, 109, STR_TO_DATE('14/01/1952', '%d/%m/%Y'));
INSERT INTO hasta VALUES ('97315929171', 'Nihal', 'Kocoglu', 'A Rh-', 'E', 180, 76, STR_TO_DATE('12/01/1922', '%d/%m/%Y'));
INSERT INTO hasta VALUES ('20571887213', 'Berkan', 'Kucukler', 'AB Rh+', 'E', 164, 56, STR_TO_DATE('09/09/1967', '%d/%m/%Y'));
INSERT INTO hasta VALUES ('25645334324', 'Cicek', 'Oraloglu', 'A Rh+', 'K', 156, 108, STR_TO_DATE('27/05/1966', '%d/%m/%Y'));
INSERT INTO hasta VALUES ('96650536747', 'Fasih', 'Oraloglu', 'AB Rh+', 'E', 186, 63, STR_TO_DATE('29/11/1945', '%d/%m/%Y'));
INSERT INTO hasta VALUES ('33990567110', 'Hami', 'Kunter', 'A Rh+', 'K', 196, 88, STR_TO_DATE('01/02/1925', '%d/%m/%Y'));
INSERT INTO hasta VALUES ('80302423630', 'Kadi', 'Ayverdi', 'B Rh+', 'K', 190, 106, STR_TO_DATE('04/04/1932', '%d/%m/%Y'));
INSERT INTO hasta VALUES ('57554602601', 'Nilgun', 'Kocoglu', 'B Rh-', 'K', 196, 82, STR_TO_DATE('20/08/1952', '%d/%m/%Y'));
INSERT INTO hasta VALUES ('94670037105', 'Turkes', 'Ayverdi', 'B Rh+', 'K', 167, 56, STR_TO_DATE('10/04/1975', '%d/%m/%Y'));
INSERT INTO hasta VALUES ('63492962406', 'Latife', 'Tunceri', 'A Rh-', 'K', 192, 82, STR_TO_DATE('27/09/1953', '%d/%m/%Y'));
INSERT INTO hasta VALUES ('78403298225', 'Hayat', 'Oraloglu', 'AB Rh+', 'E', 174, 108, STR_TO_DATE('17/06/1987', '%d/%m/%Y'));
INSERT INTO hasta VALUES ('43658705750', 'Seyyit', 'Kucukler', 'A Rh-', 'K', 164, 75, STR_TO_DATE('24/01/1964', '%d/%m/%Y'));
INSERT INTO hasta VALUES ('25679355505', 'Fulden', 'Kocoglu', 'AB Rh-', 'E', 186, 91, STR_TO_DATE('13/05/1973', '%d/%m/%Y'));
INSERT INTO hasta VALUES ('77619063204', 'Furuzan', 'Oraloglu', 'A Rh+', 'E', 156, 77, STR_TO_DATE('22/04/2008', '%d/%m/%Y'));
INSERT INTO hasta VALUES ('91553309396', 'Didem', 'Kunter', 'A Rh-', 'E', 191, 94, STR_TO_DATE('06/01/1966', '%d/%m/%Y'));
INSERT INTO hasta VALUES ('73008683707', 'Sadettin', 'Kocoglu', 'A Rh-', 'E', 173, 57, STR_TO_DATE('11/08/1971', '%d/%m/%Y'));
INSERT INTO hasta VALUES ('77380887850', 'Altin', 'Kocoglu', 'B Rh-', 'K', 157, 85, STR_TO_DATE('11/02/1986', '%d/%m/%Y'));
INSERT INTO hasta VALUES ('50196594921', 'Behcet', 'Kunter', 'AB Rh-', 'K', 182, 84, STR_TO_DATE('27/01/1937', '%d/%m/%Y'));
INSERT INTO hasta VALUES ('34212606723', 'Sâfi', 'Kocoglu', 'B Rh-', 'K', 196, 85, STR_TO_DATE('19/08/1924', '%d/%m/%Y'));
INSERT INTO hasta VALUES ('10197075426', 'Tahir', 'Tunceri', 'A Rh-', 'K', 168, 90, STR_TO_DATE('28/10/1990', '%d/%m/%Y'));
INSERT INTO hasta VALUES ('78327088367', 'Ercan', 'Oraloglu', 'B Rh-', 'K', 163, 57, STR_TO_DATE('19/01/2004', '%d/%m/%Y'));
INSERT INTO hasta VALUES ('57333085309', 'Erel', 'Oraloglu', 'A Rh+', 'K', 196, 56, STR_TO_DATE('26/08/1946', '%d/%m/%Y'));
INSERT INTO hasta VALUES ('33241091312', 'Ferhan', 'Ayverdi', 'AB Rh+', 'K', 159, 75, STR_TO_DATE('28/09/1982', '%d/%m/%Y'));
INSERT INTO hasta VALUES ('49160568900', 'Enise', 'Kocoglu', 'AB Rh+', 'K', 157, 94, STR_TO_DATE('19/12/1996', '%d/%m/%Y'));
INSERT INTO hasta VALUES ('98704573265', 'Unsel', 'Kocoglu', 'B Rh-', 'K', 185, 75, STR_TO_DATE('09/10/1978', '%d/%m/%Y'));
INSERT INTO hasta VALUES ('97380345583', 'Veli', 'Tunceri', 'AB Rh-', 'E', 188, 55, STR_TO_DATE('01/06/1959', '%d/%m/%Y'));
INSERT INTO hasta VALUES ('47482211199', 'Meral', 'Kocoglu', 'A Rh+', 'E', 182, 99, STR_TO_DATE('22/05/1966', '%d/%m/%Y'));
INSERT INTO hasta VALUES ('21847303143', 'Tamer', 'Ayverdi', 'AB Rh+', 'E', 196, 98, STR_TO_DATE('04/01/1987', '%d/%m/%Y'));
INSERT INTO hasta VALUES ('39868973515', 'Acela', 'Kucukler', 'AB Rh+', 'K', 194, 56, STR_TO_DATE('07/09/1949', '%d/%m/%Y'));
INSERT INTO hasta VALUES ('81331609402', 'Ali', 'Tunceri', 'A Rh-', 'K', 163, 70, STR_TO_DATE('29/11/1959', '%d/%m/%Y'));
INSERT INTO hasta VALUES ('13191429501', 'Turan', 'Ayverdi', 'B Rh+', 'E', 190, 109, STR_TO_DATE('07/07/2001', '%d/%m/%Y'));
INSERT INTO hasta VALUES ('84967386644', 'Unseli', 'Kocoglu', 'AB Rh-', 'E', 155, 78, STR_TO_DATE('11/04/1965', '%d/%m/%Y'));
INSERT INTO hasta VALUES ('87388167118', 'Cangul', 'Tunceri', 'AB Rh+', 'E', 190, 109, STR_TO_DATE('23/09/1961', '%d/%m/%Y'));
INSERT INTO hasta VALUES ('73970751128', 'Muharrem', 'Oraloglu', 'B Rh-', 'K', 192, 109, STR_TO_DATE('18/08/1968', '%d/%m/%Y'));
INSERT INTO hasta VALUES ('26365600010', 'Gevheri', 'Oraloglu', 'AB Rh+', 'E', 156, 96, STR_TO_DATE('19/09/1999', '%d/%m/%Y'));
INSERT INTO hasta VALUES ('59861434486', 'Cahid', 'Tunceri', 'B Rh+', 'E', 178, 107, STR_TO_DATE('02/07/1980', '%d/%m/%Y'));
INSERT INTO hasta VALUES ('79438639400', 'Memduh', 'Kunter', 'A Rh-', 'E', 189, 72, STR_TO_DATE('03/07/1996', '%d/%m/%Y'));
INSERT INTO hasta VALUES ('41680418038', 'Seyfettin', 'Kunter', 'AB Rh-', 'K', 183, 70, STR_TO_DATE('18/10/1916', '%d/%m/%Y'));
INSERT INTO hasta VALUES ('47058429631', 'Ferah', 'Kunter', 'B Rh-', 'E', 165, 96, STR_TO_DATE('12/10/2004', '%d/%m/%Y'));
INSERT INTO hasta VALUES ('91879410827', 'Semsi', 'Ayverdi', 'AB Rh+', 'K', 195, 99, STR_TO_DATE('04/01/1985', '%d/%m/%Y'));
INSERT INTO hasta VALUES ('15984650755', 'Daghan', 'Tunceri', 'AB Rh+', 'K', 158, 65, STR_TO_DATE('24/03/1984', '%d/%m/%Y'));
INSERT INTO hasta VALUES ('42461575938', 'Selvi', 'Tunceri', 'B Rh+', 'E', 159, 64, STR_TO_DATE('16/09/1949', '%d/%m/%Y'));
INSERT INTO hasta VALUES ('59717652859', 'Yesim', 'Kocoglu', 'B Rh+', 'E', 194, 77, STR_TO_DATE('11/09/1933', '%d/%m/%Y'));
INSERT INTO hasta VALUES ('21935041535', 'Dilberay', 'Tunceri', 'AB Rh-', 'K', 179, 93, STR_TO_DATE('27/08/1957', '%d/%m/%Y'));
INSERT INTO hasta VALUES ('13611399915', 'Ata', 'Kocoglu', 'AB Rh-', 'E', 179, 59, STR_TO_DATE('28/12/1944', '%d/%m/%Y'));
INSERT INTO hasta VALUES ('83010261539', 'Ethem', 'Kunter', 'B Rh+', 'K', 164, 92, STR_TO_DATE('12/07/1923', '%d/%m/%Y'));
INSERT INTO hasta VALUES ('12997374298', 'Sibel', 'Kocoglu', 'A Rh-', 'E', 189, 62, STR_TO_DATE('02/08/1972', '%d/%m/%Y'));
INSERT INTO hasta VALUES ('48620174571', 'Imran', 'Oraloglu', 'B Rh-', 'K', 185, 74, STR_TO_DATE('01/12/1927', '%d/%m/%Y'));
INSERT INTO hasta VALUES ('54002787899', 'Cagri', 'Oraloglu', 'A Rh+', 'E', 186, 51, STR_TO_DATE('24/10/1990', '%d/%m/%Y'));
INSERT INTO hasta VALUES ('84260280516', 'Ceyda', 'Kunter', 'AB Rh-', 'K', 179, 58, STR_TO_DATE('03/05/1934', '%d/%m/%Y'));
INSERT INTO hasta VALUES ('65116066704', 'Fahrunissa', 'Ayverdi', 'A Rh-', 'K', 177, 91, STR_TO_DATE('11/12/1964', '%d/%m/%Y'));
INSERT INTO hasta VALUES ('34313580159', 'Gungor', 'Tunceri', 'AB Rh-', 'E', 175, 101, STR_TO_DATE('14/08/1978', '%d/%m/%Y'));
INSERT INTO hasta VALUES ('80491673146', 'Behrem', 'Kocoglu', 'B Rh+', 'E', 169, 83, STR_TO_DATE('15/04/1972', '%d/%m/%Y'));
INSERT INTO hasta VALUES ('43045632609', 'Dilara', 'Kunter', 'A Rh+', 'E', 167, 95, STR_TO_DATE('29/05/1942', '%d/%m/%Y'));
INSERT INTO hasta VALUES ('62112622218', 'Ersin', 'Kunter', 'A Rh-', 'E', 168, 101, STR_TO_DATE('06/10/1958', '%d/%m/%Y'));
INSERT INTO hasta VALUES ('22459516626', 'Baha', 'Ayverdi', 'AB Rh+', 'E', 163, 88, STR_TO_DATE('28/03/1949', '%d/%m/%Y'));
INSERT INTO hasta VALUES ('19736350361', 'Kiraz', 'Tunceri', 'B Rh-', 'K', 166, 89, STR_TO_DATE('25/05/1988', '%d/%m/%Y'));
INSERT INTO hasta VALUES ('53481727287', 'Diler', 'Ayverdi', 'B Rh+', 'E', 167, 88, STR_TO_DATE('08/03/1926', '%d/%m/%Y'));
INSERT INTO hasta VALUES ('98389331519', 'Furuzan', 'Kucukler', 'B Rh-', 'K', 195, 70, STR_TO_DATE('15/03/1950', '%d/%m/%Y'));
INSERT INTO hasta VALUES ('51169543812', 'Ramazan', 'Kocoglu', 'B Rh-', 'E', 165, 66, STR_TO_DATE('13/06/1911', '%d/%m/%Y'));
INSERT INTO hasta VALUES ('86621877325', 'Peyami', 'Kunter', 'A Rh-', 'E', 184, 70, STR_TO_DATE('22/03/1921', '%d/%m/%Y'));
INSERT INTO hasta VALUES ('55176544451', 'Dâver', 'Kunter', 'AB Rh+', 'K', 161, 50, STR_TO_DATE('05/11/1931', '%d/%m/%Y'));
INSERT INTO hasta VALUES ('27358707797', 'Ulfet', 'Ayverdi', 'AB Rh+', 'K', 177, 90, STR_TO_DATE('15/01/1979', '%d/%m/%Y'));
INSERT INTO hasta VALUES ('53140784319', 'Ozgur', 'Kocoglu', 'A Rh+', 'K', 180, 105, STR_TO_DATE('21/07/1945', '%d/%m/%Y'));
INSERT INTO hasta VALUES ('71362438236', 'Vedat', 'Kucukler', 'A Rh+', 'E', 189, 98, STR_TO_DATE('28/05/1954', '%d/%m/%Y'));
INSERT INTO hasta VALUES ('64401829863', 'Emir', 'Oraloglu', 'A Rh+', 'K', 165, 50, STR_TO_DATE('03/03/1953', '%d/%m/%Y'));
INSERT INTO hasta VALUES ('36399462535', 'Cemil', 'Ayverdi', 'AB Rh+', 'K', 197, 90, STR_TO_DATE('23/01/1922', '%d/%m/%Y'));
INSERT INTO hasta VALUES ('22770748951', 'Ilker', 'Kocoglu', 'AB Rh-', 'E', 160, 58, STR_TO_DATE('28/01/1994', '%d/%m/%Y'));
INSERT INTO hasta VALUES ('73111140967', 'Latife', 'Kucukler', 'B Rh+', 'K', 187, 104, STR_TO_DATE('12/02/2008', '%d/%m/%Y'));
INSERT INTO hasta VALUES ('28793978576', 'Idil', 'Kunter', 'B Rh+', 'K', 189, 104, STR_TO_DATE('28/09/2008', '%d/%m/%Y'));
INSERT INTO hasta VALUES ('16162597514', 'Ferah', 'Kunter', 'A Rh+', 'E', 198, 90, STR_TO_DATE('03/11/1938', '%d/%m/%Y'));
INSERT INTO hasta VALUES ('66096489914', 'Batu', 'Oraloglu', 'AB Rh+', 'K', 158, 101, STR_TO_DATE('01/07/1917', '%d/%m/%Y'));
INSERT INTO hasta VALUES ('57283844072', 'Barlas', 'Kunter', 'AB Rh-', 'E', 161, 89, STR_TO_DATE('25/09/1958', '%d/%m/%Y'));
INSERT INTO hasta VALUES ('85199263546', 'Hamit', 'Oraloglu', 'B Rh+', 'K', 197, 91, STR_TO_DATE('16/09/1947', '%d/%m/%Y'));
INSERT INTO hasta VALUES ('39101954462', 'Seyyit', 'Kunter', 'B Rh-', 'E', 183, 52, STR_TO_DATE('27/06/1915', '%d/%m/%Y'));
INSERT INTO hasta VALUES ('98528432569', 'Ferit', 'Kunter', 'A Rh+', 'K', 177, 75, STR_TO_DATE('05/03/1916', '%d/%m/%Y'));
INSERT INTO hasta VALUES ('25584223407', 'Ozlen', 'Oraloglu', 'AB Rh+', 'E', 190, 78, STR_TO_DATE('28/08/1968', '%d/%m/%Y'));
INSERT INTO hasta VALUES ('21602417243', 'Kessaf', 'Kunter', 'B Rh+', 'K', 192, 106, STR_TO_DATE('28/06/1946', '%d/%m/%Y'));
INSERT INTO hasta VALUES ('70283710516', 'Ezrak', 'Kunter', 'A Rh-', 'E', 192, 82, STR_TO_DATE('10/08/1966', '%d/%m/%Y'));
INSERT INTO hasta VALUES ('17795338030', 'Zuleyha', 'Tunceri', 'AB Rh+', 'K', 166, 107, STR_TO_DATE('08/09/1969', '%d/%m/%Y'));
INSERT INTO hastane VALUES ('Medicana Ankara', '08504603521', 'Ankara', 'Cankaya', 'Sogutozu, 2176. Sk. No: 3, 06510 Cankaya/Ankara');
INSERT INTO hastane VALUES ('TOBB ETU Hastanesi', '03127472689', 'Ankara', 'Yenimahalle', 'Bestepe, Yasam Cd. No:5, 06560 Yenimahalle/Ankara');
INSERT INTO hastane VALUES ('Bestepe Devlet Hastanesi', '03126483587', 'Ankara', 'Cankaya', 'Bestepe, Bestepeler Mh, Alparslan Turkes Cd. No:57, 06560 Cankaya/Ankara');
INSERT INTO hastane VALUES ('Acibadem Bursa', '03129749724', 'Bursa', 'Nilufer', 'Fatih Sultan Mehmet Bulvari, Sumer Sk. No:1, 16110 Nilufer/Bursa');
INSERT INTO hastane VALUES ('Ozel Doruk Bursa Hastanesi', '03126547612', 'Bursa', 'Osmangazi', 'Dikkaldirim Mah Cekirge Zubeydehanim Cad. No:5, 16080 Osmangazi/Bursa');
INSERT INTO doktor VALUES ('89040435466', 'Yalcin', 'Kocoglu', 'Harran Universitesi Tip Fakultesi', 'Prof.', 'Genel Cerrahi', 'Medicana Ankara');
INSERT INTO doktor VALUES ('89007066006', 'Afi', 'Kucukler', 'Gaziantep Universitesi Tip Fakultesi', 'Uzm.', 'Immunoloji', 'TOBB ETU Hastanesi');
INSERT INTO doktor VALUES ('17413370883', 'Aytac', 'Kunter', 'Ankara Universitesi Tip Fakultesi', 'Uzm.', 'Adli Tip', 'Bestepe Devlet Hastanesi');
INSERT INTO doktor VALUES ('17109833198', 'Sedef', 'Oraloglu', 'Yozgat Bozok Universitesi Tip Fakultesi', 'Doc.', 'Acil Tip', 'Bestepe Devlet Hastanesi');
INSERT INTO doktor VALUES ('36389931650', 'Seren', 'Ayverdi', 'Kirikkale Universitesi Tip Fakultesi', 'Doc.', 'Beyin ve Sinir Cerrahisi', 'Ozel Doruk Bursa Hastanesi');
INSERT INTO doktor VALUES ('27132327289', 'Nurettin', 'Oraloglu', 'Kirklareli Universitesi Tip Fakultesi', 'Prt.', 'Tip Etigi ve Tip Tarihi', 'Bestepe Devlet Hastanesi');
INSERT INTO doktor VALUES ('25174945577', 'Yelda', 'Kocoglu', 'Trakya Universitesi Tip Fakultesi', 'Prof.', 'Radyoloji', 'TOBB ETU Hastanesi');
INSERT INTO doktor VALUES ('70587348136', 'Nilgun', 'Oraloglu', 'Hacettepe Universitesi Tip Fakultesi', 'Yrd. Doc.', 'Tibbi Biyoloji', 'Bestepe Devlet Hastanesi');
INSERT INTO doktor VALUES ('88186364924', 'Harun', 'Tunceri', 'Ege Universitesi Tip Fakultesi', 'Uzm.', 'Tibbi Patoloji', 'Acibadem Bursa');
INSERT INTO doktor VALUES ('81134226193', 'Suat', 'Tunceri', 'Usak Universitesi Tip Fakultesi', 'Doc.', 'Tibbi Genetik', 'Bestepe Devlet Hastanesi');
INSERT INTO doktor VALUES ('24613271145', 'Hazar', 'Kocoglu', 'Duzce Universitesi Tip Fakultesi', 'Op.', 'Gogus Cerrahisi', 'Ozel Doruk Bursa Hastanesi');
INSERT INTO doktor VALUES ('74178125087', 'Namik', 'Kucukler', 'Pamukkale Universitesi Tip Fakultesi', 'Prt.', 'Tibbi Genetik', 'Acibadem Bursa');
INSERT INTO doktor VALUES ('52277121319', 'Yeliz', 'Kunter', 'Hitit Universitesi Tip Fakultesi', 'Uzm.', 'Cocuk Cerrahisi', 'Medicana Ankara');
INSERT INTO doktor VALUES ('30463896965', 'Seckin', 'Kocoglu', 'Ankara Universitesi Tip Fakultesi', 'Op.', 'Kardiyoloji', 'Ozel Doruk Bursa Hastanesi');
INSERT INTO doktor VALUES ('37436692498', 'Avni', 'Kocoglu', 'Trakya Universitesi Tip Fakultesi', 'Op.', 'Histoloji ve Embriyoloji', 'Medicana Ankara');
INSERT INTO doktor VALUES ('31851798645', 'Melike', 'Kunter', 'Ankara Universitesi Tip Fakultesi', 'Doc.', 'Gogus Hastaliklari', 'Medicana Ankara');
INSERT INTO doktor VALUES ('41610607115', 'Guner', 'Kocoglu', 'Gaziantep Universitesi Tip Fakultesi', 'Doc.', 'Plastik ve Estetik Cerrahi', 'TOBB ETU Hastanesi');
INSERT INTO doktor VALUES ('74624082172', 'Nusret', 'Oraloglu', 'Kafkas Universitesi Tip Fakultesi', 'Prof.', 'Fiziksel Tip ve Rehabilitasyon', 'Medicana Ankara');
INSERT INTO doktor VALUES ('93891544998', 'Hasim', 'Kunter', 'Ataturk Universitesi Tip Fakultesi', 'Op.', 'Dermatoloji', 'Acibadem Bursa');
INSERT INTO doktor VALUES ('37173169418', 'Ilksen', 'Kunter', 'Usak Universitesi Tip Fakultesi', 'Prt.', 'Kardiyoloji', 'TOBB ETU Hastanesi');
INSERT INTO doktor VALUES ('45975768364', 'Ozgur', 'Tunceri', 'Harran Universitesi Tip Fakultesi', 'Prof.', 'Cocuk Ruh Sagligi', 'Acibadem Bursa');
INSERT INTO doktor VALUES ('32621106810', 'Akalp', 'Kunter', 'Harran Universitesi Tip Fakultesi', 'Prt.', 'Adli Tip', 'Bestepe Devlet Hastanesi');
INSERT INTO doktor VALUES ('70351730642', 'Omer', 'Ayverdi', 'Usak Universitesi Tip Fakultesi', 'Prof.', 'Kalp ve Damar Cerrahisi', 'TOBB ETU Hastanesi');
INSERT INTO doktor VALUES ('38795613880', 'Gurcan', 'Oraloglu', 'Dicle Universitesi Tip Fakultesi', 'Doc.', 'Histoloji ve Embriyoloji', 'TOBB ETU Hastanesi');
INSERT INTO doktor VALUES ('19380414577', 'Nazan', 'Kunter', 'Sakarya Universitesi Tip Fakultesi', 'Yrd. Doc.', 'Anestezi ve Reanimasyon', 'Ozel Doruk Bursa Hastanesi');
INSERT INTO doktor VALUES ('37868299925', 'Durmus', 'Kunter', 'Kastamonu Universitesi Tip Fakultesi', 'Op.', 'Tibbi Mikrobiyoloji', 'TOBB ETU Hastanesi');
INSERT INTO doktor VALUES ('61231886113', 'Izel', 'Kunter', 'Ataturk Universitesi Tip Fakultesi', 'Prof.', 'Gogus Cerrahisi', 'Acibadem Bursa');
INSERT INTO doktor VALUES ('28736442829', 'Rahsan', 'Kunter', 'Akdeniz Universitesi Tip Fakultesi', 'Op.', 'Plastik ve Estetik Cerrahi', 'Acibadem Bursa');
INSERT INTO doktor VALUES ('56270251034', 'Lutfullah', 'Kocoglu', 'Karabuk Universitesi Tip Fakultesi', 'Doc.', 'Cocuk Cerrahisi', 'Ozel Doruk Bursa Hastanesi');
INSERT INTO doktor VALUES ('61508338872', 'Eda', 'Oraloglu', 'Mersin Universitesi Tip Fakultesi', 'Uzm.', 'Tibbi Biyokimya', 'Ozel Doruk Bursa Hastanesi');
INSERT INTO doktor VALUES ('34999329190', 'Senay', 'Oraloglu', 'Ankara Universitesi Tip Fakultesi', 'Uzm.', 'Tip Etigi ve Tip Tarihi', 'Medicana Ankara');
INSERT INTO doktor VALUES ('70628026464', 'Baha', 'Ayverdi', 'Ataturk Universitesi Tip Fakultesi', 'Op.', 'Tibbi Biyoloji', 'Medicana Ankara');
INSERT INTO doktor VALUES ('84664908116', 'Yahya', 'Oraloglu', 'Pamukkale Universitesi Tip Fakultesi', 'Op.', 'Kadin Hastaliklari ve Dogum', 'Ozel Doruk Bursa Hastanesi');
INSERT INTO doktor VALUES ('53612407012', 'Babacan', 'Oraloglu', 'Siirt Universitesi Tip Fakultesi', 'Prt.', 'Tibbi Patoloji', 'Medicana Ankara');
INSERT INTO doktor VALUES ('96038056716', 'Ceren', 'Tunceri', 'Kirklareli Universitesi Tip Fakultesi', 'Yrd. Doc.', 'Psikiyatri', 'Bestepe Devlet Hastanesi');
INSERT INTO doktor VALUES ('89289766384', 'Dondu', 'Kunter', 'Pamukkale Universitesi Tip Fakultesi', 'Yrd. Doc.', 'Biyofizik', 'Ozel Doruk Bursa Hastanesi');
INSERT INTO doktor VALUES ('32908805898', 'Ilknur', 'Ayverdi', 'Giresun Universitesi Tip Fakultesi', 'Uzm.', 'Histoloji ve Embriyoloji', 'Ozel Doruk Bursa Hastanesi');
INSERT INTO doktor VALUES ('42828458631', 'Durriye', 'Kocoglu', 'Marmara Universitesi Tip Fakultesi', 'Prof.', 'Acil Tip', 'Ozel Doruk Bursa Hastanesi');
INSERT INTO doktor VALUES ('35719873116', 'Tekinalp', 'Kunter', 'Kirikkale Universitesi Tip Fakultesi', 'Op.', 'Adli Tip', 'Ozel Doruk Bursa Hastanesi');
INSERT INTO doktor VALUES ('25918133588', 'Kerim', 'Tunceri', 'Sakarya Universitesi Tip Fakultesi', 'Uzm.', 'Enfeksiyon Hastaliklari', 'TOBB ETU Hastanesi');
INSERT INTO randevu VALUES ('142705238', 'Muayene', STR_TO_DATE('09/04/2023 12:00', '%d/%m/%Y %H:%i'), '41610607115', '13611399915');
INSERT INTO randevu VALUES ('175705666', 'Ameliyat', STR_TO_DATE('11/03/2023 15:00', '%d/%m/%Y %H:%i'), '88186364924', '29024600049');
INSERT INTO randevu VALUES ('338442497', 'Kontrol', STR_TO_DATE('29/05/2022 10:00', '%d/%m/%Y %H:%i'), '42828458631', '91199832846');
INSERT INTO randevu VALUES ('503694590', 'Ameliyat', STR_TO_DATE('23/05/2022 11:00', '%d/%m/%Y %H:%i'), '37436692498', '34075769993');
INSERT INTO randevu VALUES ('596146306', 'Kontrol', STR_TO_DATE('21/09/2022 12:00', '%d/%m/%Y %H:%i'), '89040435466', '83641381777');
INSERT INTO randevu VALUES ('934877023', 'Ameliyat', STR_TO_DATE('08/01/2023 09:00', '%d/%m/%Y %H:%i'), '35719873116', '67662368498');
INSERT INTO randevu VALUES ('133382065', 'Muayene', STR_TO_DATE('22/06/2022 14:00', '%d/%m/%Y %H:%i'), '61508338872', '11266949683');
INSERT INTO randevu VALUES ('191993787', 'Muayene', STR_TO_DATE('28/01/2022 11:00', '%d/%m/%Y %H:%i'), '36389931650', '45905053038');
INSERT INTO randevu VALUES ('617129179', 'Ameliyat', STR_TO_DATE('06/12/2023 14:00', '%d/%m/%Y %H:%i'), '56270251034', '19616006221');
INSERT INTO randevu VALUES ('170853154', 'Kontrol', STR_TO_DATE('22/01/2023 15:00', '%d/%m/%Y %H:%i'), '53612407012', '38408074820');
INSERT INTO randevu VALUES ('399789435', 'Muayene', STR_TO_DATE('03/08/2022 08:00', '%d/%m/%Y %H:%i'), '35719873116', '39887942055');
INSERT INTO randevu VALUES ('426193832', 'Muayene', STR_TO_DATE('13/10/2022 11:00', '%d/%m/%Y %H:%i'), '24613271145', '31208179943');
INSERT INTO randevu VALUES ('494459385', 'Ameliyat', STR_TO_DATE('13/11/2022 14:00', '%d/%m/%Y %H:%i'), '88186364924', '16022521586');
INSERT INTO randevu VALUES ('954387372', 'Kontrol', STR_TO_DATE('04/11/2022 11:00', '%d/%m/%Y %H:%i'), '96038056716', '30649847367');
INSERT INTO randevu VALUES ('714608907', 'Ameliyat', STR_TO_DATE('22/02/2023 09:00', '%d/%m/%Y %H:%i'), '31851798645', '69186702157');
INSERT INTO randevu VALUES ('405627946', 'Ameliyat', STR_TO_DATE('25/04/2023 10:00', '%d/%m/%Y %H:%i'), '81134226193', '79065769068');
INSERT INTO randevu VALUES ('735088463', 'Kontrol', STR_TO_DATE('28/04/2022 11:00', '%d/%m/%Y %H:%i'), '74624082172', '37981724550');
INSERT INTO randevu VALUES ('894049782', 'Muayene', STR_TO_DATE('08/10/2022 08:00', '%d/%m/%Y %H:%i'), '96038056716', '92527885576');
INSERT INTO randevu VALUES ('187350984', 'Ameliyat', STR_TO_DATE('01/06/2022 14:00', '%d/%m/%Y %H:%i'), '24613271145', '75929514055');
INSERT INTO randevu VALUES ('819159116', 'Kontrol', STR_TO_DATE('27/05/2023 09:00', '%d/%m/%Y %H:%i'), '37436692498', '99640216104');
INSERT INTO randevu VALUES ('867023047', 'Kontrol', STR_TO_DATE('20/07/2023 11:00', '%d/%m/%Y %H:%i'), '25918133588', '97775393878');
INSERT INTO randevu VALUES ('675123859', 'Muayene', STR_TO_DATE('15/01/2022 10:00', '%d/%m/%Y %H:%i'), '84664908116', '51615006726');
INSERT INTO randevu VALUES ('139766011', 'Muayene', STR_TO_DATE('09/10/2022 12:00', '%d/%m/%Y %H:%i'), '45975768364', '86621877325');
INSERT INTO randevu VALUES ('102162870', 'Muayene', STR_TO_DATE('16/02/2022 15:00', '%d/%m/%Y %H:%i'), '37436692498', '92963998841');
INSERT INTO randevu VALUES ('773985431', 'Muayene', STR_TO_DATE('06/09/2023 11:00', '%d/%m/%Y %H:%i'), '81134226193', '94685244569');
INSERT INTO randevu VALUES ('947351675', 'Kontrol', STR_TO_DATE('06/07/2023 11:00', '%d/%m/%Y %H:%i'), '27132327289', '37981724550');
INSERT INTO randevu VALUES ('996272464', 'Muayene', STR_TO_DATE('05/05/2022 13:00', '%d/%m/%Y %H:%i'), '17413370883', '54076015803');
INSERT INTO randevu VALUES ('260851151', 'Kontrol', STR_TO_DATE('10/05/2022 13:00', '%d/%m/%Y %H:%i'), '41610607115', '33402668534');
INSERT INTO randevu VALUES ('839667466', 'Ameliyat', STR_TO_DATE('29/08/2023 15:00', '%d/%m/%Y %H:%i'), '56270251034', '64401829863');
INSERT INTO randevu VALUES ('522638986', 'Ameliyat', STR_TO_DATE('29/06/2023 09:00', '%d/%m/%Y %H:%i'), '42828458631', '62653670275');
INSERT INTO randevu VALUES ('828885211', 'Kontrol', STR_TO_DATE('22/07/2023 12:00', '%d/%m/%Y %H:%i'), '27132327289', '21847303143');
INSERT INTO randevu VALUES ('675082007', 'Kontrol', STR_TO_DATE('21/05/2022 13:00', '%d/%m/%Y %H:%i'), '19380414577', '94619018229');
INSERT INTO randevu VALUES ('183926939', 'Muayene', STR_TO_DATE('20/12/2023 14:00', '%d/%m/%Y %H:%i'), '37436692498', '69606184877');
INSERT INTO randevu VALUES ('298527531', 'Ameliyat', STR_TO_DATE('25/05/2022 08:00', '%d/%m/%Y %H:%i'), '52277121319', '13342715121');
INSERT INTO randevu VALUES ('582181691', 'Kontrol', STR_TO_DATE('01/09/2023 09:00', '%d/%m/%Y %H:%i'), '37173169418', '48389536455');
INSERT INTO randevu VALUES ('896272864', 'Ameliyat', STR_TO_DATE('05/07/2022 11:00', '%d/%m/%Y %H:%i'), '27132327289', '81378300479');
INSERT INTO randevu VALUES ('441593093', 'Muayene', STR_TO_DATE('10/12/2023 14:00', '%d/%m/%Y %H:%i'), '96038056716', '73111140967');
INSERT INTO randevu VALUES ('625146762', 'Ameliyat', STR_TO_DATE('20/04/2022 14:00', '%d/%m/%Y %H:%i'), '37868299925', '88330778639');
INSERT INTO randevu VALUES ('480464349', 'Kontrol', STR_TO_DATE('01/02/2022 12:00', '%d/%m/%Y %H:%i'), '61508338872', '68595840726');
INSERT INTO randevu VALUES ('246859234', 'Ameliyat', STR_TO_DATE('22/06/2023 09:00', '%d/%m/%Y %H:%i'), '19380414577', '13838784961');
INSERT INTO randevu VALUES ('987112568', 'Kontrol', STR_TO_DATE('25/02/2022 12:00', '%d/%m/%Y %H:%i'), '53612407012', '33402668534');
INSERT INTO randevu VALUES ('245813215', 'Ameliyat', STR_TO_DATE('11/10/2023 12:00', '%d/%m/%Y %H:%i'), '53612407012', '89031145279');
INSERT INTO randevu VALUES ('249466657', 'Muayene', STR_TO_DATE('05/06/2023 13:00', '%d/%m/%Y %H:%i'), '38795613880', '29072040641');
INSERT INTO randevu VALUES ('919084710', 'Kontrol', STR_TO_DATE('02/10/2022 14:00', '%d/%m/%Y %H:%i'), '52277121319', '25618385508');
INSERT INTO randevu VALUES ('292224818', 'Kontrol', STR_TO_DATE('01/06/2022 12:00', '%d/%m/%Y %H:%i'), '25174945577', '29335386165');
INSERT INTO randevu VALUES ('586950817', 'Kontrol', STR_TO_DATE('07/09/2022 12:00', '%d/%m/%Y %H:%i'), '37868299925', '16078206440');
INSERT INTO randevu VALUES ('736982949', 'Ameliyat', STR_TO_DATE('19/02/2023 11:00', '%d/%m/%Y %H:%i'), '25174945577', '15075326062');
INSERT INTO randevu VALUES ('301711955', 'Ameliyat', STR_TO_DATE('24/10/2022 09:00', '%d/%m/%Y %H:%i'), '32621106810', '91809648279');
INSERT INTO randevu VALUES ('304472880', 'Ameliyat', STR_TO_DATE('03/01/2022 11:00', '%d/%m/%Y %H:%i'), '24613271145', '28131593547');
INSERT INTO randevu VALUES ('534977626', 'Ameliyat', STR_TO_DATE('03/10/2023 09:00', '%d/%m/%Y %H:%i'), '89289766384', '40719556565');
INSERT INTO randevu VALUES ('537025890', 'Kontrol', STR_TO_DATE('14/04/2023 14:00', '%d/%m/%Y %H:%i'), '74178125087', '96153845983');
INSERT INTO randevu VALUES ('292734780', 'Muayene', STR_TO_DATE('27/09/2023 14:00', '%d/%m/%Y %H:%i'), '70628026464', '76997285287');
INSERT INTO randevu VALUES ('668028671', 'Kontrol', STR_TO_DATE('24/12/2022 12:00', '%d/%m/%Y %H:%i'), '41610607115', '53481727287');
INSERT INTO randevu VALUES ('196333073', 'Kontrol', STR_TO_DATE('24/12/2022 09:00', '%d/%m/%Y %H:%i'), '89289766384', '80491673146');
INSERT INTO randevu VALUES ('296008607', 'Muayene', STR_TO_DATE('27/09/2022 14:00', '%d/%m/%Y %H:%i'), '56270251034', '89142070883');
INSERT INTO randevu VALUES ('528913833', 'Muayene', STR_TO_DATE('24/05/2023 14:00', '%d/%m/%Y %H:%i'), '36389931650', '85834967322');
INSERT INTO randevu VALUES ('893925973', 'Kontrol', STR_TO_DATE('23/12/2022 14:00', '%d/%m/%Y %H:%i'), '42828458631', '15984650755');
INSERT INTO randevu VALUES ('744114138', 'Ameliyat', STR_TO_DATE('08/01/2023 12:00', '%d/%m/%Y %H:%i'), '45975768364', '66015300108');
INSERT INTO randevu VALUES ('251606136', 'Ameliyat', STR_TO_DATE('22/09/2023 11:00', '%d/%m/%Y %H:%i'), '93891544998', '31998384891');
INSERT INTO randevu VALUES ('659818514', 'Ameliyat', STR_TO_DATE('25/10/2022 10:00', '%d/%m/%Y %H:%i'), '37436692498', '84051087724');
INSERT INTO randevu VALUES ('926305528', 'Kontrol', STR_TO_DATE('22/01/2023 14:00', '%d/%m/%Y %H:%i'), '38795613880', '40914576326');
INSERT INTO randevu VALUES ('556915368', 'Kontrol', STR_TO_DATE('29/05/2023 15:00', '%d/%m/%Y %H:%i'), '61231886113', '68912063040');
INSERT INTO randevu VALUES ('862775607', 'Kontrol', STR_TO_DATE('17/11/2023 14:00', '%d/%m/%Y %H:%i'), '17413370883', '79375488900');
INSERT INTO randevu VALUES ('825016425', 'Ameliyat', STR_TO_DATE('13/07/2022 11:00', '%d/%m/%Y %H:%i'), '32621106810', '15786036007');
INSERT INTO randevu VALUES ('157106588', 'Kontrol', STR_TO_DATE('27/05/2022 11:00', '%d/%m/%Y %H:%i'), '34999329190', '11784848393');
INSERT INTO randevu VALUES ('199229178', 'Kontrol', STR_TO_DATE('04/01/2022 14:00', '%d/%m/%Y %H:%i'), '74624082172', '69752373730');
INSERT INTO randevu VALUES ('861680564', 'Kontrol', STR_TO_DATE('01/12/2023 09:00', '%d/%m/%Y %H:%i'), '53612407012', '68347412473');
INSERT INTO randevu VALUES ('895256847', 'Muayene', STR_TO_DATE('10/06/2022 14:00', '%d/%m/%Y %H:%i'), '35719873116', '38885609096');
INSERT INTO randevu VALUES ('599130537', 'Muayene', STR_TO_DATE('07/11/2023 12:00', '%d/%m/%Y %H:%i'), '53612407012', '33709313084');
INSERT INTO randevu VALUES ('734109733', 'Kontrol', STR_TO_DATE('28/06/2022 12:00', '%d/%m/%Y %H:%i'), '37173169418', '29920013062');
INSERT INTO randevu VALUES ('296030158', 'Kontrol', STR_TO_DATE('04/01/2023 09:00', '%d/%m/%Y %H:%i'), '24613271145', '71477287736');
INSERT INTO randevu VALUES ('194040369', 'Muayene', STR_TO_DATE('02/01/2023 10:00', '%d/%m/%Y %H:%i'), '37868299925', '77619063204');
INSERT INTO randevu VALUES ('573259888', 'Ameliyat', STR_TO_DATE('18/08/2023 11:00', '%d/%m/%Y %H:%i'), '37436692498', '70154004630');
INSERT INTO randevu VALUES ('147657211', 'Kontrol', STR_TO_DATE('29/05/2022 14:00', '%d/%m/%Y %H:%i'), '24613271145', '74616662576');
INSERT INTO randevu VALUES ('283075541', 'Kontrol', STR_TO_DATE('15/12/2022 10:00', '%d/%m/%Y %H:%i'), '36389931650', '21935041535');
INSERT INTO randevu VALUES ('180927073', 'Muayene', STR_TO_DATE('01/11/2022 14:00', '%d/%m/%Y %H:%i'), '37173169418', '61704766698');
INSERT INTO randevu VALUES ('709449011', 'Muayene', STR_TO_DATE('05/11/2022 11:00', '%d/%m/%Y %H:%i'), '93891544998', '47469116655');
INSERT INTO randevu VALUES ('801483937', 'Muayene', STR_TO_DATE('09/11/2023 12:00', '%d/%m/%Y %H:%i'), '81134226193', '69373345481');
INSERT INTO randevu VALUES ('481178298', 'Kontrol', STR_TO_DATE('20/02/2023 11:00', '%d/%m/%Y %H:%i'), '96038056716', '62011639924');
INSERT INTO randevu VALUES ('617949056', 'Muayene', STR_TO_DATE('27/08/2023 13:00', '%d/%m/%Y %H:%i'), '28736442829', '84260280516');
INSERT INTO randevu VALUES ('210416011', 'Muayene', STR_TO_DATE('21/02/2022 09:00', '%d/%m/%Y %H:%i'), '25918133588', '77940153040');
INSERT INTO randevu VALUES ('801240505', 'Ameliyat', STR_TO_DATE('01/11/2023 10:00', '%d/%m/%Y %H:%i'), '74178125087', '88986414596');
INSERT INTO randevu VALUES ('860413000', 'Kontrol', STR_TO_DATE('12/03/2023 13:00', '%d/%m/%Y %H:%i'), '96038056716', '62489901236');
INSERT INTO randevu VALUES ('143655104', 'Ameliyat', STR_TO_DATE('25/01/2023 08:00', '%d/%m/%Y %H:%i'), '96038056716', '49160568900');
INSERT INTO randevu VALUES ('635442234', 'Kontrol', STR_TO_DATE('22/12/2022 12:00', '%d/%m/%Y %H:%i'), '32908805898', '27402188548');
INSERT INTO randevu VALUES ('524410310', 'Muayene', STR_TO_DATE('06/01/2023 11:00', '%d/%m/%Y %H:%i'), '35719873116', '38867599562');
INSERT INTO randevu VALUES ('270318667', 'Kontrol', STR_TO_DATE('26/10/2022 11:00', '%d/%m/%Y %H:%i'), '56270251034', '87016856375');
INSERT INTO randevu VALUES ('669256011', 'Ameliyat', STR_TO_DATE('25/12/2022 10:00', '%d/%m/%Y %H:%i'), '45975768364', '17587118461');
INSERT INTO randevu VALUES ('121667148', 'Kontrol', STR_TO_DATE('28/02/2023 13:00', '%d/%m/%Y %H:%i'), '32621106810', '16782771887');
INSERT INTO randevu VALUES ('696463942', 'Kontrol', STR_TO_DATE('15/04/2023 11:00', '%d/%m/%Y %H:%i'), '28736442829', '73242413603');
INSERT INTO randevu VALUES ('718175030', 'Ameliyat', STR_TO_DATE('03/03/2023 12:00', '%d/%m/%Y %H:%i'), '45975768364', '58515154318');
INSERT INTO randevu VALUES ('668803418', 'Ameliyat', STR_TO_DATE('28/01/2023 12:00', '%d/%m/%Y %H:%i'), '17109833198', '34351169486');
INSERT INTO randevu VALUES ('565961598', 'Ameliyat', STR_TO_DATE('15/09/2022 09:00', '%d/%m/%Y %H:%i'), '84664908116', '17757253485');
INSERT INTO randevu VALUES ('541694040', 'Ameliyat', STR_TO_DATE('08/01/2023 12:00', '%d/%m/%Y %H:%i'), '17109833198', '32387965802');
INSERT INTO randevu VALUES ('597326245', 'Kontrol', STR_TO_DATE('02/02/2023 15:00', '%d/%m/%Y %H:%i'), '25174945577', '76192943611');
INSERT INTO randevu VALUES ('878790709', 'Muayene', STR_TO_DATE('17/06/2022 13:00', '%d/%m/%Y %H:%i'), '37173169418', '30164927351');
INSERT INTO randevu VALUES ('921150675', 'Ameliyat', STR_TO_DATE('02/02/2022 15:00', '%d/%m/%Y %H:%i'), '38795613880', '38108937727');
INSERT INTO randevu VALUES ('426217971', 'Muayene', STR_TO_DATE('23/09/2023 14:00', '%d/%m/%Y %H:%i'), '30463896965', '84479995679');
INSERT INTO randevu VALUES ('722272115', 'Ameliyat', STR_TO_DATE('04/01/2022 10:00', '%d/%m/%Y %H:%i'), '45975768364', '31113191865');
INSERT INTO randevu VALUES ('716799750', 'Kontrol', STR_TO_DATE('23/06/2023 14:00', '%d/%m/%Y %H:%i'), '25174945577', '55124872210');
INSERT INTO randevu VALUES ('826722443', 'Muayene', STR_TO_DATE('13/12/2022 09:00', '%d/%m/%Y %H:%i'), '42828458631', '96153845983');
INSERT INTO randevu VALUES ('600628888', 'Muayene', STR_TO_DATE('19/07/2022 13:00', '%d/%m/%Y %H:%i'), '74178125087', '84124562796');
INSERT INTO randevu VALUES ('468763523', 'Kontrol', STR_TO_DATE('06/09/2023 09:00', '%d/%m/%Y %H:%i'), '89289766384', '21685398896');
INSERT INTO randevu VALUES ('750587518', 'Muayene', STR_TO_DATE('14/05/2023 08:00', '%d/%m/%Y %H:%i'), '45975768364', '86030575051');
INSERT INTO randevu VALUES ('310451990', 'Ameliyat', STR_TO_DATE('16/03/2022 14:00', '%d/%m/%Y %H:%i'), '37436692498', '54586966419');
INSERT INTO randevu VALUES ('494204015', 'Muayene', STR_TO_DATE('01/02/2023 11:00', '%d/%m/%Y %H:%i'), '42828458631', '38408074820');
INSERT INTO randevu VALUES ('698356277', 'Kontrol', STR_TO_DATE('04/08/2022 10:00', '%d/%m/%Y %H:%i'), '27132327289', '51274066443');
INSERT INTO randevu VALUES ('595470274', 'Kontrol', STR_TO_DATE('28/01/2022 08:00', '%d/%m/%Y %H:%i'), '36389931650', '41041414472');
INSERT INTO randevu VALUES ('452674590', 'Muayene', STR_TO_DATE('26/04/2022 13:00', '%d/%m/%Y %H:%i'), '70587348136', '28131593547');
INSERT INTO randevu VALUES ('427276321', 'Kontrol', STR_TO_DATE('29/09/2022 08:00', '%d/%m/%Y %H:%i'), '45975768364', '36920936579');
INSERT INTO randevu VALUES ('926373826', 'Ameliyat', STR_TO_DATE('27/11/2023 09:00', '%d/%m/%Y %H:%i'), '17413370883', '34049416118');
INSERT INTO randevu VALUES ('358949848', 'Muayene', STR_TO_DATE('23/02/2023 11:00', '%d/%m/%Y %H:%i'), '89007066006', '54586966419');
INSERT INTO randevu VALUES ('459755485', 'Kontrol', STR_TO_DATE('22/12/2022 14:00', '%d/%m/%Y %H:%i'), '61508338872', '53202356748');
INSERT INTO randevu VALUES ('461365132', 'Ameliyat', STR_TO_DATE('17/09/2023 09:00', '%d/%m/%Y %H:%i'), '42828458631', '20008099191');
INSERT INTO randevu VALUES ('503870423', 'Kontrol', STR_TO_DATE('28/04/2023 09:00', '%d/%m/%Y %H:%i'), '38795613880', '64362451000');
INSERT INTO randevu VALUES ('301855891', 'Kontrol', STR_TO_DATE('12/01/2022 10:00', '%d/%m/%Y %H:%i'), '89007066006', '93840452402');
INSERT INTO randevu VALUES ('355259564', 'Muayene', STR_TO_DATE('15/05/2023 09:00', '%d/%m/%Y %H:%i'), '61231886113', '14571236820');
INSERT INTO randevu VALUES ('227157730', 'Kontrol', STR_TO_DATE('11/06/2023 11:00', '%d/%m/%Y %H:%i'), '25918133588', '98704573265');
INSERT INTO randevu VALUES ('218390447', 'Kontrol', STR_TO_DATE('11/06/2022 09:00', '%d/%m/%Y %H:%i'), '25174945577', '60300336958');
INSERT INTO randevu VALUES ('534595973', 'Muayene', STR_TO_DATE('09/05/2023 14:00', '%d/%m/%Y %H:%i'), '25918133588', '22351289767');
INSERT INTO randevu VALUES ('524533806', 'Kontrol', STR_TO_DATE('28/04/2023 13:00', '%d/%m/%Y %H:%i'), '81134226193', '99774007490');
INSERT INTO randevu VALUES ('442359063', 'Muayene', STR_TO_DATE('19/09/2022 15:00', '%d/%m/%Y %H:%i'), '37868299925', '22158504153');
INSERT INTO randevu VALUES ('286658345', 'Ameliyat', STR_TO_DATE('11/08/2022 12:00', '%d/%m/%Y %H:%i'), '35719873116', '82469430162');
INSERT INTO randevu VALUES ('685597517', 'Ameliyat', STR_TO_DATE('10/01/2022 11:00', '%d/%m/%Y %H:%i'), '89007066006', '89481768451');
INSERT INTO randevu VALUES ('985133253', 'Muayene', STR_TO_DATE('13/10/2023 11:00', '%d/%m/%Y %H:%i'), '19380414577', '77619063204');
INSERT INTO randevu VALUES ('817975112', 'Kontrol', STR_TO_DATE('15/01/2023 15:00', '%d/%m/%Y %H:%i'), '24613271145', '44657486638');
INSERT INTO randevu VALUES ('361830460', 'Muayene', STR_TO_DATE('11/08/2022 10:00', '%d/%m/%Y %H:%i'), '70587348136', '85834967322');
INSERT INTO randevu VALUES ('751233368', 'Kontrol', STR_TO_DATE('25/05/2022 10:00', '%d/%m/%Y %H:%i'), '32908805898', '30643061023');
INSERT INTO randevu VALUES ('523506943', 'Ameliyat', STR_TO_DATE('10/10/2023 13:00', '%d/%m/%Y %H:%i'), '17109833198', '88010533146');
INSERT INTO randevu VALUES ('176247177', 'Ameliyat', STR_TO_DATE('14/06/2023 11:00', '%d/%m/%Y %H:%i'), '89040435466', '27390947291');
INSERT INTO randevu VALUES ('892434874', 'Kontrol', STR_TO_DATE('14/05/2022 10:00', '%d/%m/%Y %H:%i'), '74178125087', '56053956404');
INSERT INTO randevu VALUES ('267068139', 'Muayene', STR_TO_DATE('04/02/2022 14:00', '%d/%m/%Y %H:%i'), '81134226193', '39735902271');
INSERT INTO randevu VALUES ('121752381', 'Ameliyat', STR_TO_DATE('04/03/2023 14:00', '%d/%m/%Y %H:%i'), '74624082172', '25576326805');
INSERT INTO randevu VALUES ('491617166', 'Ameliyat', STR_TO_DATE('15/10/2022 11:00', '%d/%m/%Y %H:%i'), '17109833198', '88410287762');
INSERT INTO randevu VALUES ('433276732', 'Kontrol', STR_TO_DATE('14/05/2023 12:00', '%d/%m/%Y %H:%i'), '41610607115', '80302423630');
INSERT INTO randevu VALUES ('206284141', 'Muayene', STR_TO_DATE('22/07/2022 12:00', '%d/%m/%Y %H:%i'), '70628026464', '63492962406');
INSERT INTO randevu VALUES ('287362358', 'Ameliyat', STR_TO_DATE('27/03/2022 10:00', '%d/%m/%Y %H:%i'), '27132327289', '80302423630');
INSERT INTO randevu VALUES ('224728705', 'Kontrol', STR_TO_DATE('12/07/2022 13:00', '%d/%m/%Y %H:%i'), '42828458631', '81560575310');
INSERT INTO randevu VALUES ('584571035', 'Ameliyat', STR_TO_DATE('12/05/2022 09:00', '%d/%m/%Y %H:%i'), '37173169418', '86079926109');
INSERT INTO randevu VALUES ('723414818', 'Kontrol', STR_TO_DATE('16/04/2023 14:00', '%d/%m/%Y %H:%i'), '84664908116', '98809597720');
INSERT INTO randevu VALUES ('701409143', 'Ameliyat', STR_TO_DATE('13/02/2023 14:00', '%d/%m/%Y %H:%i'), '28736442829', '99640216104');
INSERT INTO randevu VALUES ('352807282', 'Kontrol', STR_TO_DATE('01/01/2023 08:00', '%d/%m/%Y %H:%i'), '19380414577', '12560972684');
INSERT INTO randevu VALUES ('849008150', 'Kontrol', STR_TO_DATE('20/06/2023 08:00', '%d/%m/%Y %H:%i'), '37868299925', '79438639400');
INSERT INTO randevu VALUES ('696039761', 'Muayene', STR_TO_DATE('05/08/2023 10:00', '%d/%m/%Y %H:%i'), '88186364924', '15980645905');
INSERT INTO randevu VALUES ('961318008', 'Kontrol', STR_TO_DATE('17/04/2023 11:00', '%d/%m/%Y %H:%i'), '96038056716', '54586966419');
INSERT INTO randevu VALUES ('426128666', 'Muayene', STR_TO_DATE('19/05/2022 11:00', '%d/%m/%Y %H:%i'), '25918133588', '27402188548');
INSERT INTO randevu VALUES ('437885619', 'Muayene', STR_TO_DATE('13/02/2022 11:00', '%d/%m/%Y %H:%i'), '41610607115', '89481768451');
INSERT INTO randevu VALUES ('594842205', 'Muayene', STR_TO_DATE('11/06/2022 09:00', '%d/%m/%Y %H:%i'), '42828458631', '56579970795');
INSERT INTO randevu VALUES ('128657420', 'Kontrol', STR_TO_DATE('16/03/2022 11:00', '%d/%m/%Y %H:%i'), '17413370883', '10755767189');
INSERT INTO randevu VALUES ('765560496', 'Muayene', STR_TO_DATE('05/05/2023 12:00', '%d/%m/%Y %H:%i'), '27132327289', '45291640536');
INSERT INTO randevu VALUES ('751978233', 'Muayene', STR_TO_DATE('22/06/2022 14:00', '%d/%m/%Y %H:%i'), '89040435466', '89870748649');
INSERT INTO randevu VALUES ('432475390', 'Kontrol', STR_TO_DATE('03/12/2023 10:00', '%d/%m/%Y %H:%i'), '24613271145', '61517182756');
INSERT INTO randevu VALUES ('263097043', 'Ameliyat', STR_TO_DATE('03/10/2022 11:00', '%d/%m/%Y %H:%i'), '37173169418', '36361063317');
INSERT INTO randevu VALUES ('232157600', 'Muayene', STR_TO_DATE('14/11/2023 11:00', '%d/%m/%Y %H:%i'), '32621106810', '92128880750');
INSERT INTO randevu VALUES ('574211564', 'Muayene', STR_TO_DATE('29/10/2022 09:00', '%d/%m/%Y %H:%i'), '61508338872', '71465632753');
INSERT INTO randevu VALUES ('401061447', 'Ameliyat', STR_TO_DATE('27/03/2022 08:00', '%d/%m/%Y %H:%i'), '32908805898', '97698458110');
INSERT INTO randevu VALUES ('876504523', 'Muayene', STR_TO_DATE('01/01/2023 09:00', '%d/%m/%Y %H:%i'), '93891544998', '26214553953');
INSERT INTO randevu VALUES ('993678808', 'Kontrol', STR_TO_DATE('19/05/2022 08:00', '%d/%m/%Y %H:%i'), '37436692498', '91647738305');
INSERT INTO randevu VALUES ('615736580', 'Muayene', STR_TO_DATE('29/03/2023 11:00', '%d/%m/%Y %H:%i'), '36389931650', '95911774449');
INSERT INTO randevu VALUES ('956504044', 'Muayene', STR_TO_DATE('06/12/2022 09:00', '%d/%m/%Y %H:%i'), '32621106810', '85386583806');
INSERT INTO randevu VALUES ('193624427', 'Ameliyat', STR_TO_DATE('05/01/2022 15:00', '%d/%m/%Y %H:%i'), '70628026464', '63712647178');
INSERT INTO randevu VALUES ('150099824', 'Muayene', STR_TO_DATE('06/06/2022 13:00', '%d/%m/%Y %H:%i'), '34999329190', '84746868410');
INSERT INTO randevu VALUES ('384825904', 'Muayene', STR_TO_DATE('16/04/2022 12:00', '%d/%m/%Y %H:%i'), '70587348136', '45905053038');
INSERT INTO randevu VALUES ('111661959', 'Ameliyat', STR_TO_DATE('15/05/2023 11:00', '%d/%m/%Y %H:%i'), '42828458631', '88304434344');
INSERT INTO randevu VALUES ('926239511', 'Ameliyat', STR_TO_DATE('26/11/2023 11:00', '%d/%m/%Y %H:%i'), '89289766384', '63712647178');
INSERT INTO randevu VALUES ('707195844', 'Kontrol', STR_TO_DATE('16/09/2022 11:00', '%d/%m/%Y %H:%i'), '70587348136', '46888890796');
INSERT INTO randevu VALUES ('663608362', 'Kontrol', STR_TO_DATE('12/01/2023 09:00', '%d/%m/%Y %H:%i'), '89289766384', '95164593622');
INSERT INTO randevu VALUES ('990718170', 'Kontrol', STR_TO_DATE('25/06/2022 09:00', '%d/%m/%Y %H:%i'), '24613271145', '87426716475');
INSERT INTO randevu VALUES ('586347278', 'Ameliyat', STR_TO_DATE('08/01/2023 14:00', '%d/%m/%Y %H:%i'), '81134226193', '75929514055');
INSERT INTO randevu VALUES ('520703691', 'Ameliyat', STR_TO_DATE('02/04/2022 14:00', '%d/%m/%Y %H:%i'), '38795613880', '28131593547');
INSERT INTO randevu VALUES ('811624449', 'Muayene', STR_TO_DATE('23/04/2022 15:00', '%d/%m/%Y %H:%i'), '81134226193', '81124791184');
INSERT INTO randevu VALUES ('876055712', 'Ameliyat', STR_TO_DATE('26/03/2022 08:00', '%d/%m/%Y %H:%i'), '37436692498', '47294914981');
INSERT INTO randevu VALUES ('427867983', 'Kontrol', STR_TO_DATE('13/04/2022 12:00', '%d/%m/%Y %H:%i'), '32621106810', '11737525711');
INSERT INTO randevu VALUES ('540831854', 'Ameliyat', STR_TO_DATE('16/01/2023 13:00', '%d/%m/%Y %H:%i'), '53612407012', '94328565271');
INSERT INTO randevu VALUES ('464604840', 'Kontrol', STR_TO_DATE('16/04/2023 13:00', '%d/%m/%Y %H:%i'), '56270251034', '77944934527');
INSERT INTO randevu VALUES ('821673746', 'Kontrol', STR_TO_DATE('08/12/2022 08:00', '%d/%m/%Y %H:%i'), '17413370883', '78248803405');
INSERT INTO randevu VALUES ('119596956', 'Ameliyat', STR_TO_DATE('25/02/2023 13:00', '%d/%m/%Y %H:%i'), '89007066006', '58916197511');
INSERT INTO randevu VALUES ('816682457', 'Kontrol', STR_TO_DATE('10/04/2023 14:00', '%d/%m/%Y %H:%i'), '70628026464', '89608832809');
INSERT INTO randevu VALUES ('643446134', 'Muayene', STR_TO_DATE('15/02/2023 08:00', '%d/%m/%Y %H:%i'), '41610607115', '34049416118');
INSERT INTO randevu VALUES ('596316426', 'Ameliyat', STR_TO_DATE('28/01/2022 12:00', '%d/%m/%Y %H:%i'), '37173169418', '34666907183');
INSERT INTO randevu VALUES ('987274004', 'Muayene', STR_TO_DATE('13/12/2022 14:00', '%d/%m/%Y %H:%i'), '34999329190', '42217430048');
INSERT INTO randevu VALUES ('741099875', 'Ameliyat', STR_TO_DATE('22/08/2022 12:00', '%d/%m/%Y %H:%i'), '70628026464', '89550695972');
INSERT INTO randevu VALUES ('370100906', 'Muayene', STR_TO_DATE('20/08/2022 12:00', '%d/%m/%Y %H:%i'), '41610607115', '12389102622');
INSERT INTO randevu VALUES ('916062976', 'Muayene', STR_TO_DATE('11/09/2023 13:00', '%d/%m/%Y %H:%i'), '88186364924', '38867599562');
INSERT INTO randevu VALUES ('571927876', 'Muayene', STR_TO_DATE('03/01/2022 08:00', '%d/%m/%Y %H:%i'), '42828458631', '27426698482');
INSERT INTO randevu VALUES ('259552173', 'Ameliyat', STR_TO_DATE('08/07/2022 10:00', '%d/%m/%Y %H:%i'), '53612407012', '82858112743');
INSERT INTO randevu VALUES ('936367212', 'Ameliyat', STR_TO_DATE('17/01/2022 10:00', '%d/%m/%Y %H:%i'), '17413370883', '69752373730');
INSERT INTO randevu VALUES ('139542037', 'Muayene', STR_TO_DATE('26/01/2022 13:00', '%d/%m/%Y %H:%i'), '61231886113', '80491673146');
INSERT INTO randevu VALUES ('301329631', 'Kontrol', STR_TO_DATE('27/01/2022 08:00', '%d/%m/%Y %H:%i'), '17413370883', '52481399786');
INSERT INTO randevu VALUES ('643548654', 'Ameliyat', STR_TO_DATE('25/02/2023 09:00', '%d/%m/%Y %H:%i'), '96038056716', '13797239967');
INSERT INTO randevu VALUES ('142799456', 'Kontrol', STR_TO_DATE('17/09/2023 15:00', '%d/%m/%Y %H:%i'), '25174945577', '66716888416');
INSERT INTO randevu VALUES ('965468801', 'Ameliyat', STR_TO_DATE('25/11/2023 12:00', '%d/%m/%Y %H:%i'), '41610607115', '72163861023');
INSERT INTO randevu VALUES ('196796386', 'Kontrol', STR_TO_DATE('09/03/2023 10:00', '%d/%m/%Y %H:%i'), '31851798645', '10755767189');
INSERT INTO randevu VALUES ('813956695', 'Muayene', STR_TO_DATE('05/02/2023 10:00', '%d/%m/%Y %H:%i'), '89007066006', '47469116655');
INSERT INTO randevu VALUES ('281577391', 'Kontrol', STR_TO_DATE('02/09/2023 11:00', '%d/%m/%Y %H:%i'), '74624082172', '12963998321');
INSERT INTO randevu VALUES ('430419990', 'Ameliyat', STR_TO_DATE('03/02/2022 15:00', '%d/%m/%Y %H:%i'), '30463896965', '51274066443');
INSERT INTO randevu VALUES ('463004046', 'Kontrol', STR_TO_DATE('12/02/2022 12:00', '%d/%m/%Y %H:%i'), '17413370883', '43658705750');
INSERT INTO randevu VALUES ('653610548', 'Ameliyat', STR_TO_DATE('01/11/2022 11:00', '%d/%m/%Y %H:%i'), '17109833198', '90432352403');
INSERT INTO randevu VALUES ('842027224', 'Muayene', STR_TO_DATE('23/10/2023 09:00', '%d/%m/%Y %H:%i'), '38795613880', '18481197787');
INSERT INTO randevu VALUES ('668237590', 'Muayene', STR_TO_DATE('03/09/2023 13:00', '%d/%m/%Y %H:%i'), '25918133588', '74512189892');
INSERT INTO randevu VALUES ('731684088', 'Kontrol', STR_TO_DATE('12/05/2022 12:00', '%d/%m/%Y %H:%i'), '45975768364', '58916197511');
INSERT INTO randevu VALUES ('864927215', 'Kontrol', STR_TO_DATE('09/07/2022 11:00', '%d/%m/%Y %H:%i'), '93891544998', '25584223407');
INSERT INTO randevu VALUES ('924424435', 'Kontrol', STR_TO_DATE('03/09/2022 12:00', '%d/%m/%Y %H:%i'), '61508338872', '75988234315');
INSERT INTO randevu VALUES ('898518925', 'Ameliyat', STR_TO_DATE('09/04/2022 12:00', '%d/%m/%Y %H:%i'), '89289766384', '27691038166');
INSERT INTO randevu VALUES ('724986393', 'Muayene', STR_TO_DATE('21/08/2023 14:00', '%d/%m/%Y %H:%i'), '19380414577', '48962044228');
INSERT INTO randevu VALUES ('773402906', 'Kontrol', STR_TO_DATE('24/01/2023 09:00', '%d/%m/%Y %H:%i'), '70628026464', '82968532739');
INSERT INTO randevu VALUES ('624947655', 'Kontrol', STR_TO_DATE('10/01/2022 15:00', '%d/%m/%Y %H:%i'), '37868299925', '96547521353');
INSERT INTO randevu VALUES ('859243971', 'Muayene', STR_TO_DATE('10/10/2022 09:00', '%d/%m/%Y %H:%i'), '61508338872', '66829606393');
INSERT INTO randevu VALUES ('666664508', 'Ameliyat', STR_TO_DATE('09/10/2022 09:00', '%d/%m/%Y %H:%i'), '17109833198', '91199832846');
INSERT INTO randevu VALUES ('377069289', 'Ameliyat', STR_TO_DATE('29/12/2023 12:00', '%d/%m/%Y %H:%i'), '25918133588', '64545579608');
INSERT INTO randevu VALUES ('667567984', 'Kontrol', STR_TO_DATE('01/05/2022 10:00', '%d/%m/%Y %H:%i'), '89007066006', '32230803078');
INSERT INTO randevu VALUES ('881119543', 'Muayene', STR_TO_DATE('12/02/2022 10:00', '%d/%m/%Y %H:%i'), '70628026464', '16846654953');
INSERT INTO randevu VALUES ('196672911', 'Ameliyat', STR_TO_DATE('02/11/2023 12:00', '%d/%m/%Y %H:%i'), '28736442829', '10755767189');
INSERT INTO randevu VALUES ('319004514', 'Muayene', STR_TO_DATE('14/11/2022 10:00', '%d/%m/%Y %H:%i'), '37868299925', '97698458110');
INSERT INTO randevu VALUES ('961468108', 'Kontrol', STR_TO_DATE('01/02/2023 15:00', '%d/%m/%Y %H:%i'), '70628026464', '37175121598');
INSERT INTO randevu VALUES ('752558055', 'Muayene', STR_TO_DATE('15/02/2023 13:00', '%d/%m/%Y %H:%i'), '89040435466', '44064472354');
INSERT INTO randevu VALUES ('283212644', 'Kontrol', STR_TO_DATE('26/02/2023 14:00', '%d/%m/%Y %H:%i'), '45975768364', '39735902271');
INSERT INTO randevu VALUES ('918363326', 'Ameliyat', STR_TO_DATE('12/01/2023 11:00', '%d/%m/%Y %H:%i'), '81134226193', '39868973515');
INSERT INTO randevu VALUES ('767727466', 'Kontrol', STR_TO_DATE('04/09/2022 08:00', '%d/%m/%Y %H:%i'), '30463896965', '84784321599');
INSERT INTO randevu VALUES ('825487638', 'Ameliyat', STR_TO_DATE('19/02/2023 09:00', '%d/%m/%Y %H:%i'), '32621106810', '30475882713');
INSERT INTO randevu VALUES ('305845172', 'Muayene', STR_TO_DATE('02/02/2022 11:00', '%d/%m/%Y %H:%i'), '31851798645', '46888890796');
INSERT INTO randevu VALUES ('151842149', 'Ameliyat', STR_TO_DATE('18/10/2023 15:00', '%d/%m/%Y %H:%i'), '45975768364', '34666907183');
INSERT INTO randevu VALUES ('627794070', 'Ameliyat', STR_TO_DATE('03/09/2022 13:00', '%d/%m/%Y %H:%i'), '96038056716', '62011639924');
INSERT INTO randevu VALUES ('715519925', 'Ameliyat', STR_TO_DATE('07/03/2023 12:00', '%d/%m/%Y %H:%i'), '61508338872', '27852273026');
INSERT INTO randevu VALUES ('247328129', 'Ameliyat', STR_TO_DATE('20/09/2022 12:00', '%d/%m/%Y %H:%i'), '32908805898', '36361063317');
INSERT INTO randevu VALUES ('999340394', 'Kontrol', STR_TO_DATE('26/03/2023 15:00', '%d/%m/%Y %H:%i'), '37868299925', '48508348084');
INSERT INTO randevu VALUES ('129614942', 'Kontrol', STR_TO_DATE('01/06/2022 15:00', '%d/%m/%Y %H:%i'), '70351730642', '42217430048');
INSERT INTO randevu VALUES ('720476484', 'Muayene', STR_TO_DATE('11/12/2022 09:00', '%d/%m/%Y %H:%i'), '61231886113', '77573459323');
INSERT INTO randevu VALUES ('729839592', 'Kontrol', STR_TO_DATE('20/11/2023 14:00', '%d/%m/%Y %H:%i'), '89040435466', '44657486638');
INSERT INTO randevu VALUES ('266956088', 'Muayene', STR_TO_DATE('11/05/2022 12:00', '%d/%m/%Y %H:%i'), '38795613880', '70349734512');
INSERT INTO randevu VALUES ('177114251', 'Muayene', STR_TO_DATE('19/10/2023 11:00', '%d/%m/%Y %H:%i'), '17413370883', '10291245567');
INSERT INTO randevu VALUES ('106062578', 'Muayene', STR_TO_DATE('01/09/2022 09:00', '%d/%m/%Y %H:%i'), '24613271145', '39887942055');
INSERT INTO randevu VALUES ('899105029', 'Kontrol', STR_TO_DATE('09/02/2022 08:00', '%d/%m/%Y %H:%i'), '25918133588', '54446357151');
INSERT INTO randevu VALUES ('895331312', 'Kontrol', STR_TO_DATE('21/06/2023 12:00', '%d/%m/%Y %H:%i'), '31851798645', '21935041535');
INSERT INTO randevu VALUES ('200609982', 'Muayene', STR_TO_DATE('12/02/2022 09:00', '%d/%m/%Y %H:%i'), '45975768364', '47482211199');
INSERT INTO randevu VALUES ('335662822', 'Kontrol', STR_TO_DATE('10/07/2023 15:00', '%d/%m/%Y %H:%i'), '28736442829', '22873484293');
INSERT INTO randevu VALUES ('820142729', 'Kontrol', STR_TO_DATE('08/04/2023 13:00', '%d/%m/%Y %H:%i'), '25918133588', '17762758639');
INSERT INTO randevu VALUES ('439709118', 'Muayene', STR_TO_DATE('13/04/2022 11:00', '%d/%m/%Y %H:%i'), '37436692498', '59788501834');
INSERT INTO randevu VALUES ('696114771', 'Ameliyat', STR_TO_DATE('04/07/2023 14:00', '%d/%m/%Y %H:%i'), '89007066006', '94498145206');
INSERT INTO randevu VALUES ('616868642', 'Muayene', STR_TO_DATE('01/06/2022 09:00', '%d/%m/%Y %H:%i'), '38795613880', '29335386165');
INSERT INTO randevu VALUES ('220467365', 'Muayene', STR_TO_DATE('04/09/2022 14:00', '%d/%m/%Y %H:%i'), '25174945577', '43383084397');
INSERT INTO randevu VALUES ('496905776', 'Kontrol', STR_TO_DATE('05/03/2023 10:00', '%d/%m/%Y %H:%i'), '37173169418', '75929514055');
INSERT INTO randevu VALUES ('825613099', 'Muayene', STR_TO_DATE('01/11/2022 11:00', '%d/%m/%Y %H:%i'), '89289766384', '48612638203');
INSERT INTO randevu VALUES ('886596900', 'Kontrol', STR_TO_DATE('13/02/2022 15:00', '%d/%m/%Y %H:%i'), '24613271145', '13838784961');
INSERT INTO randevu VALUES ('743905598', 'Muayene', STR_TO_DATE('16/10/2023 13:00', '%d/%m/%Y %H:%i'), '35719873116', '69606184877');
INSERT INTO randevu VALUES ('708579545', 'Muayene', STR_TO_DATE('28/03/2022 09:00', '%d/%m/%Y %H:%i'), '70351730642', '94328565271');
INSERT INTO randevu VALUES ('751544373', 'Muayene', STR_TO_DATE('27/06/2022 11:00', '%d/%m/%Y %H:%i'), '53612407012', '63212353520');
INSERT INTO randevu VALUES ('827354197', 'Muayene', STR_TO_DATE('04/02/2022 11:00', '%d/%m/%Y %H:%i'), '27132327289', '58112189895');
INSERT INTO randevu VALUES ('256305109', 'Muayene', STR_TO_DATE('15/12/2023 11:00', '%d/%m/%Y %H:%i'), '93891544998', '23655391826');
INSERT INTO randevu VALUES ('437532026', 'Ameliyat', STR_TO_DATE('15/09/2023 14:00', '%d/%m/%Y %H:%i'), '28736442829', '30649847367');
INSERT INTO randevu VALUES ('745250376', 'Muayene', STR_TO_DATE('23/08/2023 08:00', '%d/%m/%Y %H:%i'), '30463896965', '59884338179');
INSERT INTO randevu VALUES ('455637643', 'Muayene', STR_TO_DATE('26/10/2022 09:00', '%d/%m/%Y %H:%i'), '35719873116', '27827015591');
INSERT INTO randevu VALUES ('498532513', 'Muayene', STR_TO_DATE('19/07/2022 10:00', '%d/%m/%Y %H:%i'), '37868299925', '33863104610');
INSERT INTO randevu VALUES ('517770475', 'Kontrol', STR_TO_DATE('17/12/2023 14:00', '%d/%m/%Y %H:%i'), '24613271145', '66096489914');
INSERT INTO randevu VALUES ('528031527', 'Ameliyat', STR_TO_DATE('23/02/2023 08:00', '%d/%m/%Y %H:%i'), '32908805898', '51128842877');
INSERT INTO randevu VALUES ('244967926', 'Ameliyat', STR_TO_DATE('03/05/2022 09:00', '%d/%m/%Y %H:%i'), '25918133588', '20369524010');
INSERT INTO randevu VALUES ('535357769', 'Kontrol', STR_TO_DATE('15/01/2022 08:00', '%d/%m/%Y %H:%i'), '19380414577', '38885609096');
INSERT INTO randevu VALUES ('217810847', 'Muayene', STR_TO_DATE('01/09/2023 14:00', '%d/%m/%Y %H:%i'), '32621106810', '76476760460');
INSERT INTO randevu VALUES ('775802298', 'Kontrol', STR_TO_DATE('21/01/2022 14:00', '%d/%m/%Y %H:%i'), '37436692498', '71477287736');
INSERT INTO randevu VALUES ('510807155', 'Muayene', STR_TO_DATE('03/02/2023 14:00', '%d/%m/%Y %H:%i'), '74624082172', '77711335039');
INSERT INTO randevu VALUES ('482900816', 'Muayene', STR_TO_DATE('29/11/2023 15:00', '%d/%m/%Y %H:%i'), '35719873116', '57217605035');
INSERT INTO randevu VALUES ('823807215', 'Kontrol', STR_TO_DATE('13/06/2023 09:00', '%d/%m/%Y %H:%i'), '61508338872', '40066023972');
INSERT INTO randevu VALUES ('705605810', 'Muayene', STR_TO_DATE('06/08/2023 11:00', '%d/%m/%Y %H:%i'), '36389931650', '40914576326');
INSERT INTO randevu VALUES ('513728774', 'Ameliyat', STR_TO_DATE('10/04/2023 13:00', '%d/%m/%Y %H:%i'), '61231886113', '20008099191');
INSERT INTO randevu VALUES ('628442386', 'Kontrol', STR_TO_DATE('08/07/2022 15:00', '%d/%m/%Y %H:%i'), '89040435466', '77953837407');
INSERT INTO randevu VALUES ('430087189', 'Muayene', STR_TO_DATE('01/06/2023 09:00', '%d/%m/%Y %H:%i'), '41610607115', '93489395005');
INSERT INTO randevu VALUES ('687351360', 'Ameliyat', STR_TO_DATE('01/06/2023 12:00', '%d/%m/%Y %H:%i'), '74624082172', '94685244569');
INSERT INTO randevu VALUES ('878171996', 'Ameliyat', STR_TO_DATE('23/01/2022 09:00', '%d/%m/%Y %H:%i'), '41610607115', '61099950132');
INSERT INTO randevu VALUES ('474228100', 'Ameliyat', STR_TO_DATE('13/12/2023 14:00', '%d/%m/%Y %H:%i'), '89040435466', '10431251287');
INSERT INTO randevu VALUES ('848242892', 'Kontrol', STR_TO_DATE('07/11/2022 09:00', '%d/%m/%Y %H:%i'), '19380414577', '51656009409');
INSERT INTO randevu VALUES ('650556524', 'Ameliyat', STR_TO_DATE('09/11/2023 14:00', '%d/%m/%Y %H:%i'), '61508338872', '95445216395');
INSERT INTO randevu VALUES ('262566480', 'Ameliyat', STR_TO_DATE('02/06/2023 14:00', '%d/%m/%Y %H:%i'), '88186364924', '30237598502');
INSERT INTO randevu VALUES ('931925372', 'Muayene', STR_TO_DATE('19/08/2022 08:00', '%d/%m/%Y %H:%i'), '37868299925', '71771879804');
INSERT INTO randevu VALUES ('352269277', 'Ameliyat', STR_TO_DATE('23/01/2022 11:00', '%d/%m/%Y %H:%i'), '37436692498', '24623026543');
INSERT INTO randevu VALUES ('308343990', 'Kontrol', STR_TO_DATE('28/01/2023 09:00', '%d/%m/%Y %H:%i'), '96038056716', '16355358268');
INSERT INTO randevu VALUES ('222054352', 'Kontrol', STR_TO_DATE('26/11/2022 15:00', '%d/%m/%Y %H:%i'), '70351730642', '52967217406');
INSERT INTO randevu VALUES ('629481993', 'Kontrol', STR_TO_DATE('08/11/2022 08:00', '%d/%m/%Y %H:%i'), '89040435466', '24107120350');
INSERT INTO randevu VALUES ('496421830', 'Ameliyat', STR_TO_DATE('03/01/2023 11:00', '%d/%m/%Y %H:%i'), '34999329190', '83877895037');
INSERT INTO randevu VALUES ('981184797', 'Kontrol', STR_TO_DATE('23/03/2023 15:00', '%d/%m/%Y %H:%i'), '74624082172', '47950569254');
INSERT INTO randevu VALUES ('751106772', 'Kontrol', STR_TO_DATE('05/07/2022 09:00', '%d/%m/%Y %H:%i'), '24613271145', '36920936579');
INSERT INTO randevu VALUES ('571638368', 'Kontrol', STR_TO_DATE('13/10/2023 11:00', '%d/%m/%Y %H:%i'), '70587348136', '93428407877');
INSERT INTO randevu VALUES ('486624471', 'Kontrol', STR_TO_DATE('16/01/2023 12:00', '%d/%m/%Y %H:%i'), '37436692498', '70154004630');
INSERT INTO randevu VALUES ('800131464', 'Ameliyat', STR_TO_DATE('28/08/2023 14:00', '%d/%m/%Y %H:%i'), '35719873116', '53771253472');
INSERT INTO randevu VALUES ('411004870', 'Muayene', STR_TO_DATE('16/01/2023 08:00', '%d/%m/%Y %H:%i'), '61231886113', '29024600049');
INSERT INTO randevu VALUES ('358213984', 'Muayene', STR_TO_DATE('02/12/2022 12:00', '%d/%m/%Y %H:%i'), '52277121319', '43232789888');
INSERT INTO randevu VALUES ('681052766', 'Kontrol', STR_TO_DATE('21/07/2023 09:00', '%d/%m/%Y %H:%i'), '37436692498', '72129738388');
INSERT INTO randevu VALUES ('268950466', 'Ameliyat', STR_TO_DATE('01/05/2022 11:00', '%d/%m/%Y %H:%i'), '74178125087', '55863160886');
INSERT INTO randevu VALUES ('843971344', 'Kontrol', STR_TO_DATE('11/11/2022 09:00', '%d/%m/%Y %H:%i'), '35719873116', '86013707371');
INSERT INTO randevu VALUES ('119834943', 'Ameliyat', STR_TO_DATE('09/01/2023 15:00', '%d/%m/%Y %H:%i'), '89040435466', '29942737775');
INSERT INTO randevu VALUES ('759346394', 'Ameliyat', STR_TO_DATE('19/08/2023 08:00', '%d/%m/%Y %H:%i'), '89007066006', '64537152456');
INSERT INTO randevu VALUES ('102720493', 'Kontrol', STR_TO_DATE('16/10/2023 11:00', '%d/%m/%Y %H:%i'), '84664908116', '96547521353');
INSERT INTO randevu VALUES ('752411571', 'Muayene', STR_TO_DATE('08/10/2023 11:00', '%d/%m/%Y %H:%i'), '93891544998', '48962044228');
INSERT INTO randevu VALUES ('275624870', 'Kontrol', STR_TO_DATE('23/04/2023 09:00', '%d/%m/%Y %H:%i'), '45975768364', '31484438566');
INSERT INTO randevu VALUES ('116601535', 'Ameliyat', STR_TO_DATE('06/08/2022 14:00', '%d/%m/%Y %H:%i'), '53612407012', '59704072854');
INSERT INTO randevu VALUES ('180417488', 'Muayene', STR_TO_DATE('01/01/2022 10:00', '%d/%m/%Y %H:%i'), '70628026464', '97775393878');
INSERT INTO randevu VALUES ('320060070', 'Muayene', STR_TO_DATE('04/11/2023 15:00', '%d/%m/%Y %H:%i'), '35719873116', '43651442233');
INSERT INTO randevu VALUES ('530072762', 'Kontrol', STR_TO_DATE('25/01/2022 15:00', '%d/%m/%Y %H:%i'), '17109833198', '48612638203');
INSERT INTO randevu VALUES ('651640846', 'Ameliyat', STR_TO_DATE('09/06/2022 13:00', '%d/%m/%Y %H:%i'), '53612407012', '82992767181');
INSERT INTO randevu VALUES ('298656204', 'Ameliyat', STR_TO_DATE('12/10/2023 11:00', '%d/%m/%Y %H:%i'), '70351730642', '90992130330');
INSERT INTO randevu VALUES ('428156175', 'Kontrol', STR_TO_DATE('21/02/2022 13:00', '%d/%m/%Y %H:%i'), '53612407012', '99309525452');
INSERT INTO randevu VALUES ('268167657', 'Muayene', STR_TO_DATE('24/01/2022 15:00', '%d/%m/%Y %H:%i'), '74178125087', '42156767485');
INSERT INTO randevu VALUES ('860845183', 'Ameliyat', STR_TO_DATE('07/08/2023 12:00', '%d/%m/%Y %H:%i'), '42828458631', '28006271713');
INSERT INTO randevu VALUES ('248794553', 'Ameliyat', STR_TO_DATE('10/04/2022 10:00', '%d/%m/%Y %H:%i'), '96038056716', '21602417243');
INSERT INTO randevu VALUES ('209809357', 'Ameliyat', STR_TO_DATE('18/05/2022 09:00', '%d/%m/%Y %H:%i'), '37173169418', '44819693461');
INSERT INTO randevu VALUES ('330349676', 'Kontrol', STR_TO_DATE('12/07/2023 09:00', '%d/%m/%Y %H:%i'), '36389931650', '31484438566');
INSERT INTO randevu VALUES ('298712032', 'Ameliyat', STR_TO_DATE('27/01/2023 09:00', '%d/%m/%Y %H:%i'), '17413370883', '96282010585');
INSERT INTO randevu VALUES ('197365272', 'Kontrol', STR_TO_DATE('11/08/2023 10:00', '%d/%m/%Y %H:%i'), '27132327289', '34582785121');
INSERT INTO randevu VALUES ('971092478', 'Muayene', STR_TO_DATE('24/02/2023 09:00', '%d/%m/%Y %H:%i'), '38795613880', '30643061023');
INSERT INTO randevu VALUES ('594437109', 'Muayene', STR_TO_DATE('26/04/2022 14:00', '%d/%m/%Y %H:%i'), '37173169418', '68950693164');
INSERT INTO randevu VALUES ('207287975', 'Ameliyat', STR_TO_DATE('01/01/2022 15:00', '%d/%m/%Y %H:%i'), '37868299925', '16355358268');
INSERT INTO randevu VALUES ('433537052', 'Kontrol', STR_TO_DATE('07/05/2022 14:00', '%d/%m/%Y %H:%i'), '34999329190', '51274066443');
INSERT INTO randevu VALUES ('687881985', 'Ameliyat', STR_TO_DATE('23/09/2023 13:00', '%d/%m/%Y %H:%i'), '74178125087', '73008683707');
INSERT INTO randevu VALUES ('661000415', 'Ameliyat', STR_TO_DATE('09/03/2022 08:00', '%d/%m/%Y %H:%i'), '37436692498', '17757253485');
INSERT INTO randevu VALUES ('338124081', 'Muayene', STR_TO_DATE('19/02/2023 09:00', '%d/%m/%Y %H:%i'), '56270251034', '68139937052');
INSERT INTO randevu VALUES ('105674346', 'Ameliyat', STR_TO_DATE('09/01/2022 10:00', '%d/%m/%Y %H:%i'), '41610607115', '58539580872');
INSERT INTO randevu VALUES ('116894046', 'Kontrol', STR_TO_DATE('24/06/2023 15:00', '%d/%m/%Y %H:%i'), '38795613880', '12997374298');
INSERT INTO randevu VALUES ('970112529', 'Kontrol', STR_TO_DATE('01/02/2023 15:00', '%d/%m/%Y %H:%i'), '27132327289', '71362438236');
INSERT INTO randevu VALUES ('217624467', 'Ameliyat', STR_TO_DATE('06/11/2022 08:00', '%d/%m/%Y %H:%i'), '74178125087', '68950693164');
INSERT INTO randevu VALUES ('358206425', 'Ameliyat', STR_TO_DATE('17/10/2022 12:00', '%d/%m/%Y %H:%i'), '81134226193', '51128842877');
INSERT INTO randevu VALUES ('294905445', 'Ameliyat', STR_TO_DATE('09/06/2022 14:00', '%d/%m/%Y %H:%i'), '38795613880', '70349734512');
INSERT INTO randevu VALUES ('565151146', 'Muayene', STR_TO_DATE('22/01/2022 14:00', '%d/%m/%Y %H:%i'), '84664908116', '16162597514');
INSERT INTO randevu VALUES ('977039536', 'Ameliyat', STR_TO_DATE('26/07/2022 11:00', '%d/%m/%Y %H:%i'), '38795613880', '82647159396');
INSERT INTO randevu VALUES ('333200541', 'Ameliyat', STR_TO_DATE('08/07/2022 10:00', '%d/%m/%Y %H:%i'), '88186364924', '77661744823');
INSERT INTO randevu VALUES ('428739930', 'Kontrol', STR_TO_DATE('02/10/2023 08:00', '%d/%m/%Y %H:%i'), '34999329190', '48389536455');
INSERT INTO randevu VALUES ('150543867', 'Muayene', STR_TO_DATE('26/08/2023 08:00', '%d/%m/%Y %H:%i'), '41610607115', '49914185822');
INSERT INTO randevu VALUES ('848707423', 'Kontrol', STR_TO_DATE('27/06/2022 11:00', '%d/%m/%Y %H:%i'), '41610607115', '55578940819');
INSERT INTO randevu VALUES ('104017997', 'Muayene', STR_TO_DATE('25/03/2022 11:00', '%d/%m/%Y %H:%i'), '41610607115', '39322400030');
INSERT INTO randevu VALUES ('192268311', 'Ameliyat', STR_TO_DATE('19/06/2023 11:00', '%d/%m/%Y %H:%i'), '81134226193', '98202315840');
INSERT INTO randevu VALUES ('159971779', 'Muayene', STR_TO_DATE('23/02/2022 11:00', '%d/%m/%Y %H:%i'), '17109833198', '19610732434');
INSERT INTO randevu VALUES ('153819106', 'Muayene', STR_TO_DATE('25/05/2023 13:00', '%d/%m/%Y %H:%i'), '74178125087', '70502103053');
INSERT INTO randevu VALUES ('197310440', 'Ameliyat', STR_TO_DATE('13/04/2022 15:00', '%d/%m/%Y %H:%i'), '88186364924', '46910353781');
INSERT INTO randevu VALUES ('229026409', 'Muayene', STR_TO_DATE('11/08/2022 14:00', '%d/%m/%Y %H:%i'), '17413370883', '73740529357');
INSERT INTO randevu VALUES ('295085515', 'Kontrol', STR_TO_DATE('04/10/2023 13:00', '%d/%m/%Y %H:%i'), '19380414577', '31672452476');
INSERT INTO randevu VALUES ('242372649', 'Ameliyat', STR_TO_DATE('25/12/2023 09:00', '%d/%m/%Y %H:%i'), '89289766384', '52770391660');
INSERT INTO randevu VALUES ('284414629', 'Ameliyat', STR_TO_DATE('04/08/2023 10:00', '%d/%m/%Y %H:%i'), '34999329190', '72169353311');
INSERT INTO randevu VALUES ('322353310', 'Ameliyat', STR_TO_DATE('01/02/2023 12:00', '%d/%m/%Y %H:%i'), '32621106810', '98809597720');
INSERT INTO randevu VALUES ('723992565', 'Ameliyat', STR_TO_DATE('08/10/2023 08:00', '%d/%m/%Y %H:%i'), '37173169418', '98222684411');
INSERT INTO randevu VALUES ('468986755', 'Muayene', STR_TO_DATE('26/05/2022 11:00', '%d/%m/%Y %H:%i'), '70587348136', '80911714661');
INSERT INTO randevu VALUES ('528904811', 'Muayene', STR_TO_DATE('04/04/2022 09:00', '%d/%m/%Y %H:%i'), '89007066006', '76374591510');
INSERT INTO randevu VALUES ('437764569', 'Kontrol', STR_TO_DATE('19/03/2023 13:00', '%d/%m/%Y %H:%i'), '93891544998', '75988234315');
INSERT INTO randevu VALUES ('785906640', 'Muayene', STR_TO_DATE('05/08/2023 14:00', '%d/%m/%Y %H:%i'), '74178125087', '36361063317');
INSERT INTO randevu VALUES ('156339689', 'Kontrol', STR_TO_DATE('04/01/2023 13:00', '%d/%m/%Y %H:%i'), '96038056716', '65756768356');
INSERT INTO randevu VALUES ('993061298', 'Kontrol', STR_TO_DATE('05/01/2023 09:00', '%d/%m/%Y %H:%i'), '24613271145', '89679718226');
INSERT INTO randevu VALUES ('571769780', 'Ameliyat', STR_TO_DATE('09/01/2022 14:00', '%d/%m/%Y %H:%i'), '31851798645', '84124562796');
INSERT INTO randevu VALUES ('240491703', 'Kontrol', STR_TO_DATE('02/02/2023 12:00', '%d/%m/%Y %H:%i'), '42828458631', '16782771887');
INSERT INTO randevu VALUES ('699061511', 'Ameliyat', STR_TO_DATE('07/01/2023 11:00', '%d/%m/%Y %H:%i'), '74624082172', '25584223407');
INSERT INTO randevu VALUES ('106609988', 'Kontrol', STR_TO_DATE('22/02/2022 14:00', '%d/%m/%Y %H:%i'), '70587348136', '21798992332');
INSERT INTO randevu VALUES ('515566524', 'Muayene', STR_TO_DATE('02/12/2022 13:00', '%d/%m/%Y %H:%i'), '35719873116', '87638402311');
INSERT INTO randevu VALUES ('479396891', 'Ameliyat', STR_TO_DATE('15/02/2023 10:00', '%d/%m/%Y %H:%i'), '89007066006', '39101954462');
INSERT INTO randevu VALUES ('289552358', 'Muayene', STR_TO_DATE('14/01/2023 09:00', '%d/%m/%Y %H:%i'), '61508338872', '88304434344');
INSERT INTO randevu VALUES ('954884699', 'Muayene', STR_TO_DATE('11/02/2022 12:00', '%d/%m/%Y %H:%i'), '24613271145', '76374591510');
INSERT INTO randevu VALUES ('935755113', 'Kontrol', STR_TO_DATE('09/02/2022 10:00', '%d/%m/%Y %H:%i'), '25174945577', '78974641600');
INSERT INTO randevu VALUES ('577913651', 'Muayene', STR_TO_DATE('24/02/2022 13:00', '%d/%m/%Y %H:%i'), '89007066006', '53623589691');
INSERT INTO randevu VALUES ('438293067', 'Ameliyat', STR_TO_DATE('07/03/2023 11:00', '%d/%m/%Y %H:%i'), '25918133588', '29708852740');
INSERT INTO randevu VALUES ('193766331', 'Kontrol', STR_TO_DATE('26/04/2022 09:00', '%d/%m/%Y %H:%i'), '17413370883', '72578360614');
INSERT INTO randevu VALUES ('116095365', 'Ameliyat', STR_TO_DATE('02/08/2023 14:00', '%d/%m/%Y %H:%i'), '38795613880', '89330851066');
INSERT INTO randevu VALUES ('364409522', 'Kontrol', STR_TO_DATE('06/05/2022 15:00', '%d/%m/%Y %H:%i'), '61231886113', '88791677313');
INSERT INTO randevu VALUES ('477879740', 'Kontrol', STR_TO_DATE('02/01/2023 08:00', '%d/%m/%Y %H:%i'), '81134226193', '61596627736');
INSERT INTO randevu VALUES ('663690369', 'Ameliyat', STR_TO_DATE('20/04/2022 09:00', '%d/%m/%Y %H:%i'), '93891544998', '27358707797');
INSERT INTO randevu VALUES ('793522033', 'Ameliyat', STR_TO_DATE('11/12/2022 10:00', '%d/%m/%Y %H:%i'), '70628026464', '70277822152');
INSERT INTO randevu VALUES ('911273885', 'Kontrol', STR_TO_DATE('03/01/2023 14:00', '%d/%m/%Y %H:%i'), '17413370883', '59309243367');
INSERT INTO randevu VALUES ('362543642', 'Muayene', STR_TO_DATE('04/07/2023 08:00', '%d/%m/%Y %H:%i'), '70351730642', '84967386644');
INSERT INTO randevu VALUES ('989094956', 'Muayene', STR_TO_DATE('04/10/2022 10:00', '%d/%m/%Y %H:%i'), '89040435466', '50576787158');
INSERT INTO randevu VALUES ('628568250', 'Ameliyat', STR_TO_DATE('12/04/2022 10:00', '%d/%m/%Y %H:%i'), '74624082172', '64401829863');
INSERT INTO randevu VALUES ('883271499', 'Kontrol', STR_TO_DATE('16/03/2022 12:00', '%d/%m/%Y %H:%i'), '27132327289', '12389102622');
INSERT INTO randevu VALUES ('209213450', 'Kontrol', STR_TO_DATE('15/04/2022 11:00', '%d/%m/%Y %H:%i'), '30463896965', '51844795685');
INSERT INTO randevu VALUES ('746703826', 'Kontrol', STR_TO_DATE('21/07/2023 15:00', '%d/%m/%Y %H:%i'), '17413370883', '91963734493');
INSERT INTO randevu VALUES ('487743774', 'Kontrol', STR_TO_DATE('23/12/2022 12:00', '%d/%m/%Y %H:%i'), '61508338872', '71477287736');
INSERT INTO randevu VALUES ('306702741', 'Ameliyat', STR_TO_DATE('10/10/2022 13:00', '%d/%m/%Y %H:%i'), '89289766384', '73740529357');
INSERT INTO randevu VALUES ('729208249', 'Ameliyat', STR_TO_DATE('09/03/2023 14:00', '%d/%m/%Y %H:%i'), '37868299925', '54456723091');
INSERT INTO randevu VALUES ('228404856', 'Ameliyat', STR_TO_DATE('11/06/2023 13:00', '%d/%m/%Y %H:%i'), '24613271145', '79054984582');
INSERT INTO randevu VALUES ('107223056', 'Ameliyat', STR_TO_DATE('29/09/2023 14:00', '%d/%m/%Y %H:%i'), '19380414577', '27409995374');
INSERT INTO randevu VALUES ('509763034', 'Ameliyat', STR_TO_DATE('10/08/2022 12:00', '%d/%m/%Y %H:%i'), '38795613880', '69652020350');
INSERT INTO randevu VALUES ('390651612', 'Ameliyat', STR_TO_DATE('01/01/2022 13:00', '%d/%m/%Y %H:%i'), '52277121319', '79289287638');
INSERT INTO randevu VALUES ('607372440', 'Ameliyat', STR_TO_DATE('22/10/2023 08:00', '%d/%m/%Y %H:%i'), '19380414577', '75526442062');
INSERT INTO randevu VALUES ('339363716', 'Ameliyat', STR_TO_DATE('13/04/2023 11:00', '%d/%m/%Y %H:%i'), '89040435466', '96153845983');
INSERT INTO randevu VALUES ('288251001', 'Ameliyat', STR_TO_DATE('24/07/2023 12:00', '%d/%m/%Y %H:%i'), '36389931650', '27255822616');
INSERT INTO randevu VALUES ('206277936', 'Muayene', STR_TO_DATE('29/01/2023 11:00', '%d/%m/%Y %H:%i'), '45975768364', '47937625554');
INSERT INTO randevu VALUES ('311967650', 'Muayene', STR_TO_DATE('15/11/2022 13:00', '%d/%m/%Y %H:%i'), '42828458631', '16143696966');
INSERT INTO randevu VALUES ('586988895', 'Muayene', STR_TO_DATE('01/05/2022 08:00', '%d/%m/%Y %H:%i'), '81134226193', '30242871928');
INSERT INTO randevu VALUES ('373516589', 'Muayene', STR_TO_DATE('20/06/2022 10:00', '%d/%m/%Y %H:%i'), '24613271145', '83128368177');
INSERT INTO randevu VALUES ('916145320', 'Kontrol', STR_TO_DATE('08/01/2022 08:00', '%d/%m/%Y %H:%i'), '56270251034', '22199461336');
INSERT INTO randevu VALUES ('355984191', 'Ameliyat', STR_TO_DATE('18/06/2023 10:00', '%d/%m/%Y %H:%i'), '17413370883', '55176544451');
INSERT INTO randevu VALUES ('492458279', 'Kontrol', STR_TO_DATE('02/05/2022 12:00', '%d/%m/%Y %H:%i'), '27132327289', '38957930454');
INSERT INTO randevu VALUES ('144868480', 'Kontrol', STR_TO_DATE('22/02/2022 12:00', '%d/%m/%Y %H:%i'), '35719873116', '53262550972');
INSERT INTO randevu VALUES ('911887805', 'Ameliyat', STR_TO_DATE('13/06/2023 12:00', '%d/%m/%Y %H:%i'), '81134226193', '87772771961');
INSERT INTO randevu VALUES ('922574322', 'Ameliyat', STR_TO_DATE('17/04/2022 15:00', '%d/%m/%Y %H:%i'), '36389931650', '80823568753');
INSERT INTO randevu VALUES ('163585589', 'Muayene', STR_TO_DATE('29/10/2022 09:00', '%d/%m/%Y %H:%i'), '37173169418', '98304740291');
INSERT INTO randevu VALUES ('535617494', 'Kontrol', STR_TO_DATE('01/08/2023 08:00', '%d/%m/%Y %H:%i'), '38795613880', '52481399786');
INSERT INTO randevu VALUES ('841810428', 'Kontrol', STR_TO_DATE('12/08/2023 15:00', '%d/%m/%Y %H:%i'), '37436692498', '65756768356');
INSERT INTO randevu VALUES ('128278961', 'Muayene', STR_TO_DATE('24/01/2023 11:00', '%d/%m/%Y %H:%i'), '84664908116', '69731002817');
INSERT INTO randevu VALUES ('535587696', 'Kontrol', STR_TO_DATE('04/01/2022 13:00', '%d/%m/%Y %H:%i'), '25174945577', '78721564288');
INSERT INTO randevu VALUES ('306208765', 'Kontrol', STR_TO_DATE('03/10/2023 14:00', '%d/%m/%Y %H:%i'), '74178125087', '37604160298');
INSERT INTO randevu VALUES ('217174533', 'Ameliyat', STR_TO_DATE('01/05/2022 15:00', '%d/%m/%Y %H:%i'), '28736442829', '16306176258');
INSERT INTO randevu VALUES ('655949103', 'Kontrol', STR_TO_DATE('23/12/2023 09:00', '%d/%m/%Y %H:%i'), '61508338872', '72169353311');
INSERT INTO randevu VALUES ('304336124', 'Muayene', STR_TO_DATE('16/04/2022 10:00', '%d/%m/%Y %H:%i'), '32621106810', '23602768050');
INSERT INTO randevu VALUES ('691616068', 'Kontrol', STR_TO_DATE('09/01/2022 08:00', '%d/%m/%Y %H:%i'), '70587348136', '29024600049');
INSERT INTO randevu VALUES ('251866349', 'Kontrol', STR_TO_DATE('04/07/2022 10:00', '%d/%m/%Y %H:%i'), '31851798645', '54274202089');
INSERT INTO randevu VALUES ('122081791', 'Muayene', STR_TO_DATE('13/03/2023 11:00', '%d/%m/%Y %H:%i'), '37868299925', '98795786238');
INSERT INTO randevu VALUES ('725589352', 'Kontrol', STR_TO_DATE('25/03/2022 13:00', '%d/%m/%Y %H:%i'), '28736442829', '53202356748');
INSERT INTO randevu VALUES ('890427049', 'Muayene', STR_TO_DATE('28/04/2023 09:00', '%d/%m/%Y %H:%i'), '28736442829', '24886340462');
INSERT INTO randevu VALUES ('292526744', 'Ameliyat', STR_TO_DATE('01/06/2022 15:00', '%d/%m/%Y %H:%i'), '45975768364', '69186702157');
INSERT INTO randevu VALUES ('967343620', 'Muayene', STR_TO_DATE('13/04/2023 08:00', '%d/%m/%Y %H:%i'), '61231886113', '76761881823');
INSERT INTO randevu VALUES ('623857506', 'Ameliyat', STR_TO_DATE('20/01/2023 08:00', '%d/%m/%Y %H:%i'), '61231886113', '75929514055');
INSERT INTO randevu VALUES ('446023349', 'Muayene', STR_TO_DATE('22/04/2022 08:00', '%d/%m/%Y %H:%i'), '70628026464', '66829606393');
INSERT INTO randevu VALUES ('309258118', 'Kontrol', STR_TO_DATE('18/07/2023 13:00', '%d/%m/%Y %H:%i'), '70587348136', '93981681676');
INSERT INTO randevu VALUES ('997204096', 'Muayene', STR_TO_DATE('09/01/2022 08:00', '%d/%m/%Y %H:%i'), '56270251034', '61680356342');
INSERT INTO randevu VALUES ('371228455', 'Muayene', STR_TO_DATE('02/07/2023 09:00', '%d/%m/%Y %H:%i'), '53612407012', '52857341912');
INSERT INTO randevu VALUES ('673826187', 'Kontrol', STR_TO_DATE('29/10/2022 13:00', '%d/%m/%Y %H:%i'), '52277121319', '36399462535');
INSERT INTO randevu VALUES ('900125225', 'Kontrol', STR_TO_DATE('22/12/2022 10:00', '%d/%m/%Y %H:%i'), '17413370883', '31135535564');
INSERT INTO randevu VALUES ('879650856', 'Ameliyat', STR_TO_DATE('28/01/2022 13:00', '%d/%m/%Y %H:%i'), '61231886113', '82778049646');
INSERT INTO randevu VALUES ('719034678', 'Kontrol', STR_TO_DATE('18/01/2022 10:00', '%d/%m/%Y %H:%i'), '36389931650', '79054984582');
INSERT INTO randevu VALUES ('253503532', 'Ameliyat', STR_TO_DATE('27/07/2022 10:00', '%d/%m/%Y %H:%i'), '24613271145', '24107120350');
INSERT INTO randevu VALUES ('228215707', 'Kontrol', STR_TO_DATE('15/08/2023 15:00', '%d/%m/%Y %H:%i'), '74624082172', '96032424770');
INSERT INTO randevu VALUES ('642156431', 'Kontrol', STR_TO_DATE('21/11/2023 12:00', '%d/%m/%Y %H:%i'), '37868299925', '49160568900');
INSERT INTO randevu VALUES ('878246244', 'Ameliyat', STR_TO_DATE('19/09/2022 10:00', '%d/%m/%Y %H:%i'), '74178125087', '68950693164');
INSERT INTO randevu VALUES ('346255398', 'Ameliyat', STR_TO_DATE('28/12/2022 14:00', '%d/%m/%Y %H:%i'), '89007066006', '50514700923');
INSERT INTO randevu VALUES ('625569307', 'Ameliyat', STR_TO_DATE('14/06/2023 13:00', '%d/%m/%Y %H:%i'), '38795613880', '63297123318');
INSERT INTO randevu VALUES ('931514949', 'Ameliyat', STR_TO_DATE('26/02/2022 08:00', '%d/%m/%Y %H:%i'), '41610607115', '18935678440');
INSERT INTO randevu VALUES ('520706079', 'Muayene', STR_TO_DATE('23/03/2023 14:00', '%d/%m/%Y %H:%i'), '70587348136', '44694964329');
INSERT INTO randevu VALUES ('265486743', 'Muayene', STR_TO_DATE('26/05/2023 09:00', '%d/%m/%Y %H:%i'), '56270251034', '42278838561');
INSERT INTO randevu VALUES ('261058950', 'Kontrol', STR_TO_DATE('01/08/2022 14:00', '%d/%m/%Y %H:%i'), '17109833198', '56394193108');
INSERT INTO randevu VALUES ('818898391', 'Muayene', STR_TO_DATE('21/01/2023 09:00', '%d/%m/%Y %H:%i'), '93891544998', '24940012388');
INSERT INTO randevu VALUES ('757179093', 'Kontrol', STR_TO_DATE('28/12/2023 08:00', '%d/%m/%Y %H:%i'), '70587348136', '33709313084');
INSERT INTO randevu VALUES ('325834615', 'Muayene', STR_TO_DATE('10/11/2022 09:00', '%d/%m/%Y %H:%i'), '37436692498', '26401427391');
INSERT INTO randevu VALUES ('960899289', 'Kontrol', STR_TO_DATE('15/09/2022 13:00', '%d/%m/%Y %H:%i'), '17413370883', '24569143392');
INSERT INTO randevu VALUES ('166260636', 'Ameliyat', STR_TO_DATE('28/10/2023 10:00', '%d/%m/%Y %H:%i'), '37173169418', '25576326805');
INSERT INTO randevu VALUES ('289742947', 'Kontrol', STR_TO_DATE('26/02/2022 08:00', '%d/%m/%Y %H:%i'), '88186364924', '36347995627');
INSERT INTO randevu VALUES ('390032684', 'Muayene', STR_TO_DATE('29/08/2023 12:00', '%d/%m/%Y %H:%i'), '30463896965', '88621755290');
INSERT INTO randevu VALUES ('940966821', 'Ameliyat', STR_TO_DATE('23/09/2023 15:00', '%d/%m/%Y %H:%i'), '41610607115', '97310787242');
INSERT INTO randevu VALUES ('934990753', 'Ameliyat', STR_TO_DATE('27/01/2022 11:00', '%d/%m/%Y %H:%i'), '32621106810', '86862567685');
INSERT INTO randevu VALUES ('856864805', 'Kontrol', STR_TO_DATE('05/09/2022 10:00', '%d/%m/%Y %H:%i'), '24613271145', '19616006221');
INSERT INTO randevu VALUES ('855438524', 'Kontrol', STR_TO_DATE('20/04/2023 09:00', '%d/%m/%Y %H:%i'), '37173169418', '31735908618');
INSERT INTO randevu VALUES ('999740520', 'Ameliyat', STR_TO_DATE('05/06/2022 13:00', '%d/%m/%Y %H:%i'), '88186364924', '81274288541');
INSERT INTO randevu VALUES ('156611807', 'Kontrol', STR_TO_DATE('27/07/2023 13:00', '%d/%m/%Y %H:%i'), '31851798645', '17757253485');
INSERT INTO randevu VALUES ('966366887', 'Kontrol', STR_TO_DATE('26/06/2022 11:00', '%d/%m/%Y %H:%i'), '32621106810', '49135090241');
INSERT INTO randevu VALUES ('557505558', 'Ameliyat', STR_TO_DATE('29/01/2023 13:00', '%d/%m/%Y %H:%i'), '45975768364', '66842803051');
INSERT INTO randevu VALUES ('986370692', 'Muayene', STR_TO_DATE('01/01/2022 08:00', '%d/%m/%Y %H:%i'), '32908805898', '74052132003');
INSERT INTO randevu VALUES ('544006835', 'Kontrol', STR_TO_DATE('15/01/2022 11:00', '%d/%m/%Y %H:%i'), '61508338872', '80912919940');
INSERT INTO randevu VALUES ('222422929', 'Kontrol', STR_TO_DATE('10/12/2023 11:00', '%d/%m/%Y %H:%i'), '84664908116', '38867599562');
INSERT INTO randevu VALUES ('129072386', 'Ameliyat', STR_TO_DATE('06/04/2022 08:00', '%d/%m/%Y %H:%i'), '88186364924', '96650536747');
INSERT INTO randevu VALUES ('492393029', 'Ameliyat', STR_TO_DATE('22/05/2022 12:00', '%d/%m/%Y %H:%i'), '19380414577', '78679657074');
INSERT INTO randevu VALUES ('804375019', 'Muayene', STR_TO_DATE('22/10/2022 13:00', '%d/%m/%Y %H:%i'), '45975768364', '12963998321');
INSERT INTO randevu VALUES ('229930780', 'Kontrol', STR_TO_DATE('29/08/2023 12:00', '%d/%m/%Y %H:%i'), '38795613880', '65116066704');
INSERT INTO randevu VALUES ('101393054', 'Muayene', STR_TO_DATE('29/04/2023 09:00', '%d/%m/%Y %H:%i'), '70628026464', '19610732434');
INSERT INTO randevu VALUES ('689406035', 'Ameliyat', STR_TO_DATE('10/12/2023 08:00', '%d/%m/%Y %H:%i'), '31851798645', '35874770366');
INSERT INTO randevu VALUES ('867834387', 'Muayene', STR_TO_DATE('13/01/2022 08:00', '%d/%m/%Y %H:%i'), '81134226193', '50263840579');
INSERT INTO randevu VALUES ('844791302', 'Muayene', STR_TO_DATE('04/10/2022 14:00', '%d/%m/%Y %H:%i'), '70351730642', '77616526049');
INSERT INTO randevu VALUES ('728279653', 'Muayene', STR_TO_DATE('05/07/2023 08:00', '%d/%m/%Y %H:%i'), '89007066006', '75110984267');
INSERT INTO randevu VALUES ('915541857', 'Ameliyat', STR_TO_DATE('16/10/2023 14:00', '%d/%m/%Y %H:%i'), '70351730642', '59717652859');
INSERT INTO randevu VALUES ('302697807', 'Ameliyat', STR_TO_DATE('15/07/2023 14:00', '%d/%m/%Y %H:%i'), '70587348136', '68950693164');
INSERT INTO randevu VALUES ('572570026', 'Kontrol', STR_TO_DATE('20/11/2023 13:00', '%d/%m/%Y %H:%i'), '34999329190', '95071116896');
INSERT INTO randevu VALUES ('607346772', 'Kontrol', STR_TO_DATE('14/02/2023 15:00', '%d/%m/%Y %H:%i'), '84664908116', '62016951713');
INSERT INTO randevu VALUES ('941744635', 'Kontrol', STR_TO_DATE('01/10/2023 10:00', '%d/%m/%Y %H:%i'), '42828458631', '63148977447');
INSERT INTO randevu VALUES ('848511149', 'Muayene', STR_TO_DATE('05/04/2022 14:00', '%d/%m/%Y %H:%i'), '56270251034', '64344869117');
INSERT INTO randevu VALUES ('985397158', 'Muayene', STR_TO_DATE('01/12/2022 09:00', '%d/%m/%Y %H:%i'), '89289766384', '63954874404');
INSERT INTO randevu VALUES ('581748853', 'Kontrol', STR_TO_DATE('17/12/2022 09:00', '%d/%m/%Y %H:%i'), '17109833198', '61754367078');
INSERT INTO randevu VALUES ('234585130', 'Muayene', STR_TO_DATE('26/06/2023 14:00', '%d/%m/%Y %H:%i'), '70587348136', '68333944697');
INSERT INTO randevu VALUES ('677474169', 'Kontrol', STR_TO_DATE('11/10/2022 13:00', '%d/%m/%Y %H:%i'), '38795613880', '89608832809');
INSERT INTO randevu VALUES ('687824741', 'Kontrol', STR_TO_DATE('19/04/2022 15:00', '%d/%m/%Y %H:%i'), '32621106810', '13508618382');
INSERT INTO randevu VALUES ('196577590', 'Muayene', STR_TO_DATE('11/03/2022 10:00', '%d/%m/%Y %H:%i'), '93891544998', '91365213999');
INSERT INTO randevu VALUES ('540668583', 'Ameliyat', STR_TO_DATE('21/01/2023 14:00', '%d/%m/%Y %H:%i'), '35719873116', '31998384891');
INSERT INTO randevu VALUES ('928116782', 'Muayene', STR_TO_DATE('26/08/2022 13:00', '%d/%m/%Y %H:%i'), '70587348136', '49786725996');
INSERT INTO randevu VALUES ('466331410', 'Kontrol', STR_TO_DATE('06/03/2023 12:00', '%d/%m/%Y %H:%i'), '38795613880', '75110984267');
INSERT INTO randevu VALUES ('878120776', 'Muayene', STR_TO_DATE('11/01/2022 09:00', '%d/%m/%Y %H:%i'), '70587348136', '57954938490');
INSERT INTO randevu VALUES ('663165260', 'Kontrol', STR_TO_DATE('01/10/2023 11:00', '%d/%m/%Y %H:%i'), '37436692498', '90309918058');
INSERT INTO randevu VALUES ('601342482', 'Muayene', STR_TO_DATE('20/01/2022 08:00', '%d/%m/%Y %H:%i'), '53612407012', '61754367078');
INSERT INTO randevu VALUES ('511691390', 'Kontrol', STR_TO_DATE('26/01/2022 13:00', '%d/%m/%Y %H:%i'), '31851798645', '98526864690');
INSERT INTO randevu VALUES ('779953184', 'Ameliyat', STR_TO_DATE('27/04/2022 08:00', '%d/%m/%Y %H:%i'), '56270251034', '50576787158');
INSERT INTO randevu VALUES ('275577762', 'Muayene', STR_TO_DATE('17/05/2022 08:00', '%d/%m/%Y %H:%i'), '17109833198', '43658705750');
INSERT INTO randevu VALUES ('143837509', 'Muayene', STR_TO_DATE('07/09/2023 12:00', '%d/%m/%Y %H:%i'), '36389931650', '82886102195');
INSERT INTO randevu VALUES ('465234234', 'Ameliyat', STR_TO_DATE('20/01/2022 09:00', '%d/%m/%Y %H:%i'), '17413370883', '89291915046');
INSERT INTO randevu VALUES ('970930118', 'Ameliyat', STR_TO_DATE('12/01/2023 08:00', '%d/%m/%Y %H:%i'), '70628026464', '14315163735');
INSERT INTO randevu VALUES ('960820062', 'Kontrol', STR_TO_DATE('11/10/2023 15:00', '%d/%m/%Y %H:%i'), '70628026464', '41013542895');
INSERT INTO randevu VALUES ('611530488', 'Ameliyat', STR_TO_DATE('25/08/2022 15:00', '%d/%m/%Y %H:%i'), '25918133588', '92527885576');
INSERT INTO randevu VALUES ('369233593', 'Kontrol', STR_TO_DATE('17/09/2022 14:00', '%d/%m/%Y %H:%i'), '53612407012', '26214553953');
INSERT INTO randevu VALUES ('134223639', 'Ameliyat', STR_TO_DATE('22/11/2023 08:00', '%d/%m/%Y %H:%i'), '34999329190', '55555199110');
INSERT INTO randevu VALUES ('375185804', 'Ameliyat', STR_TO_DATE('08/06/2022 15:00', '%d/%m/%Y %H:%i'), '74178125087', '84124562796');
INSERT INTO randevu VALUES ('767325814', 'Ameliyat', STR_TO_DATE('21/06/2022 12:00', '%d/%m/%Y %H:%i'), '30463896965', '97987327048');
INSERT INTO randevu VALUES ('248609530', 'Ameliyat', STR_TO_DATE('02/10/2023 11:00', '%d/%m/%Y %H:%i'), '81134226193', '43780704818');
INSERT INTO randevu VALUES ('185433845', 'Kontrol', STR_TO_DATE('11/05/2023 09:00', '%d/%m/%Y %H:%i'), '35719873116', '41091405935');
INSERT INTO randevu VALUES ('346349238', 'Kontrol', STR_TO_DATE('04/01/2022 09:00', '%d/%m/%Y %H:%i'), '89289766384', '21580025626');
INSERT INTO randevu VALUES ('682057193', 'Ameliyat', STR_TO_DATE('13/07/2023 08:00', '%d/%m/%Y %H:%i'), '35719873116', '94685244569');
INSERT INTO randevu VALUES ('204931740', 'Ameliyat', STR_TO_DATE('06/02/2022 08:00', '%d/%m/%Y %H:%i'), '93891544998', '68595840726');
INSERT INTO randevu VALUES ('837350818', 'Ameliyat', STR_TO_DATE('24/07/2023 15:00', '%d/%m/%Y %H:%i'), '89289766384', '60300336958');
INSERT INTO randevu VALUES ('527769301', 'Muayene', STR_TO_DATE('01/01/2023 14:00', '%d/%m/%Y %H:%i'), '56270251034', '28006271713');
INSERT INTO randevu VALUES ('914017650', 'Muayene', STR_TO_DATE('07/05/2022 13:00', '%d/%m/%Y %H:%i'), '36389931650', '80912919940');
INSERT INTO randevu VALUES ('333431318', 'Muayene', STR_TO_DATE('28/09/2022 08:00', '%d/%m/%Y %H:%i'), '70351730642', '48231617856');
INSERT INTO randevu VALUES ('752262850', 'Ameliyat', STR_TO_DATE('24/12/2022 09:00', '%d/%m/%Y %H:%i'), '32621106810', '55578940819');
INSERT INTO randevu VALUES ('227202144', 'Kontrol', STR_TO_DATE('20/12/2022 11:00', '%d/%m/%Y %H:%i'), '32908805898', '89031145279');
INSERT INTO randevu VALUES ('873320873', 'Kontrol', STR_TO_DATE('05/06/2022 14:00', '%d/%m/%Y %H:%i'), '19380414577', '74868864994');
INSERT INTO randevu VALUES ('874531817', 'Muayene', STR_TO_DATE('14/11/2022 14:00', '%d/%m/%Y %H:%i'), '53612407012', '50070669594');
INSERT INTO randevu VALUES ('225799263', 'Kontrol', STR_TO_DATE('17/01/2023 11:00', '%d/%m/%Y %H:%i'), '19380414577', '31765911669');
INSERT INTO randevu VALUES ('968050286', 'Muayene', STR_TO_DATE('16/02/2023 12:00', '%d/%m/%Y %H:%i'), '42828458631', '81002047471');
INSERT INTO randevu VALUES ('450746974', 'Kontrol', STR_TO_DATE('14/10/2023 11:00', '%d/%m/%Y %H:%i'), '27132327289', '76623505562');
INSERT INTO randevu VALUES ('393028563', 'Ameliyat', STR_TO_DATE('14/01/2023 15:00', '%d/%m/%Y %H:%i'), '89040435466', '54166666929');
INSERT INTO randevu VALUES ('754208197', 'Muayene', STR_TO_DATE('05/02/2023 11:00', '%d/%m/%Y %H:%i'), '32908805898', '29852732414');
INSERT INTO randevu VALUES ('893425879', 'Muayene', STR_TO_DATE('08/03/2022 11:00', '%d/%m/%Y %H:%i'), '96038056716', '16781884770');
INSERT INTO randevu VALUES ('558870597', 'Muayene', STR_TO_DATE('25/01/2023 09:00', '%d/%m/%Y %H:%i'), '61231886113', '10581584042');
INSERT INTO randevu VALUES ('685919187', 'Ameliyat', STR_TO_DATE('11/03/2023 11:00', '%d/%m/%Y %H:%i'), '70351730642', '23031755624');
INSERT INTO randevu VALUES ('508159765', 'Ameliyat', STR_TO_DATE('21/11/2023 13:00', '%d/%m/%Y %H:%i'), '45975768364', '30839767765');
INSERT INTO randevu VALUES ('314754370', 'Muayene', STR_TO_DATE('28/09/2023 14:00', '%d/%m/%Y %H:%i'), '56270251034', '99891871081');
INSERT INTO randevu VALUES ('133612533', 'Kontrol', STR_TO_DATE('20/06/2022 08:00', '%d/%m/%Y %H:%i'), '37173169418', '67918674042');
INSERT INTO randevu VALUES ('399986969', 'Muayene', STR_TO_DATE('19/06/2023 12:00', '%d/%m/%Y %H:%i'), '17413370883', '29022269346');
INSERT INTO randevu VALUES ('575800065', 'Ameliyat', STR_TO_DATE('22/01/2022 08:00', '%d/%m/%Y %H:%i'), '25174945577', '29024600049');
INSERT INTO randevu VALUES ('360545020', 'Ameliyat', STR_TO_DATE('08/04/2022 12:00', '%d/%m/%Y %H:%i'), '70351730642', '34582785121');
INSERT INTO randevu VALUES ('979217051', 'Kontrol', STR_TO_DATE('11/04/2022 14:00', '%d/%m/%Y %H:%i'), '70628026464', '27546672416');
INSERT INTO randevu VALUES ('599703390', 'Kontrol', STR_TO_DATE('03/06/2023 13:00', '%d/%m/%Y %H:%i'), '30463896965', '47950569254');
INSERT INTO randevu VALUES ('698982964', 'Ameliyat', STR_TO_DATE('12/06/2022 10:00', '%d/%m/%Y %H:%i'), '74624082172', '72073256248');
INSERT INTO randevu VALUES ('613452204', 'Kontrol', STR_TO_DATE('29/10/2022 09:00', '%d/%m/%Y %H:%i'), '17109833198', '66096489914');
INSERT INTO randevu VALUES ('719517045', 'Kontrol', STR_TO_DATE('21/04/2023 11:00', '%d/%m/%Y %H:%i'), '37868299925', '62011639924');
INSERT INTO randevu VALUES ('926989546', 'Ameliyat', STR_TO_DATE('04/01/2022 14:00', '%d/%m/%Y %H:%i'), '84664908116', '86979337937');
INSERT INTO randevu VALUES ('336855798', 'Muayene', STR_TO_DATE('24/01/2023 10:00', '%d/%m/%Y %H:%i'), '17413370883', '40914576326');
INSERT INTO randevu VALUES ('797500597', 'Kontrol', STR_TO_DATE('29/03/2022 11:00', '%d/%m/%Y %H:%i'), '38795613880', '40644854466');
INSERT INTO randevu VALUES ('430260059', 'Kontrol', STR_TO_DATE('27/04/2022 14:00', '%d/%m/%Y %H:%i'), '32621106810', '82647159396');
INSERT INTO randevu VALUES ('445174676', 'Muayene', STR_TO_DATE('03/09/2023 10:00', '%d/%m/%Y %H:%i'), '84664908116', '62790107049');
INSERT INTO randevu VALUES ('445513907', 'Ameliyat', STR_TO_DATE('05/06/2022 08:00', '%d/%m/%Y %H:%i'), '74178125087', '88791677313');
INSERT INTO randevu VALUES ('177908111', 'Ameliyat', STR_TO_DATE('23/09/2023 10:00', '%d/%m/%Y %H:%i'), '74624082172', '76761881823');
INSERT INTO randevu VALUES ('555921908', 'Muayene', STR_TO_DATE('03/08/2022 13:00', '%d/%m/%Y %H:%i'), '37173169418', '86243945670');
INSERT INTO randevu VALUES ('792126153', 'Ameliyat', STR_TO_DATE('14/01/2023 15:00', '%d/%m/%Y %H:%i'), '84664908116', '34028998326');
INSERT INTO randevu VALUES ('997638479', 'Muayene', STR_TO_DATE('10/01/2022 15:00', '%d/%m/%Y %H:%i'), '25918133588', '53481727287');
INSERT INTO randevu VALUES ('287083285', 'Ameliyat', STR_TO_DATE('21/09/2022 11:00', '%d/%m/%Y %H:%i'), '52277121319', '67918674042');
INSERT INTO randevu VALUES ('464152057', 'Muayene', STR_TO_DATE('17/09/2023 08:00', '%d/%m/%Y %H:%i'), '31851798645', '73835943105');
INSERT INTO randevu VALUES ('531553830', 'Muayene', STR_TO_DATE('04/11/2023 13:00', '%d/%m/%Y %H:%i'), '56270251034', '53320842899');
INSERT INTO randevu VALUES ('226308621', 'Kontrol', STR_TO_DATE('25/05/2023 10:00', '%d/%m/%Y %H:%i'), '25174945577', '53664579673');
INSERT INTO randevu VALUES ('703832052', 'Ameliyat', STR_TO_DATE('02/10/2022 08:00', '%d/%m/%Y %H:%i'), '41610607115', '66804754326');
INSERT INTO randevu VALUES ('410291544', 'Kontrol', STR_TO_DATE('01/08/2023 08:00', '%d/%m/%Y %H:%i'), '52277121319', '44819693461');
INSERT INTO randevu VALUES ('804064595', 'Muayene', STR_TO_DATE('25/07/2022 11:00', '%d/%m/%Y %H:%i'), '27132327289', '11737525711');
INSERT INTO randevu VALUES ('624632720', 'Muayene', STR_TO_DATE('10/04/2022 15:00', '%d/%m/%Y %H:%i'), '89040435466', '80911714661');
INSERT INTO randevu VALUES ('578280315', 'Kontrol', STR_TO_DATE('22/12/2022 10:00', '%d/%m/%Y %H:%i'), '53612407012', '77386804022');
INSERT INTO randevu VALUES ('489794472', 'Kontrol', STR_TO_DATE('22/10/2022 09:00', '%d/%m/%Y %H:%i'), '56270251034', '73835943105');
INSERT INTO randevu VALUES ('218605184', 'Ameliyat', STR_TO_DATE('05/09/2023 09:00', '%d/%m/%Y %H:%i'), '34999329190', '76305576915');
INSERT INTO randevu VALUES ('655401261', 'Muayene', STR_TO_DATE('22/09/2023 14:00', '%d/%m/%Y %H:%i'), '37436692498', '80302423630');
INSERT INTO randevu VALUES ('894016688', 'Muayene', STR_TO_DATE('01/04/2023 13:00', '%d/%m/%Y %H:%i'), '89289766384', '10946770361');
INSERT INTO randevu VALUES ('643065013', 'Muayene', STR_TO_DATE('04/01/2022 08:00', '%d/%m/%Y %H:%i'), '53612407012', '30475882713');
INSERT INTO randevu VALUES ('913205685', 'Muayene', STR_TO_DATE('06/04/2023 13:00', '%d/%m/%Y %H:%i'), '37173169418', '56791677179');
INSERT INTO randevu VALUES ('625168103', 'Kontrol', STR_TO_DATE('18/09/2022 08:00', '%d/%m/%Y %H:%i'), '53612407012', '16078206440');
INSERT INTO randevu VALUES ('634815491', 'Ameliyat', STR_TO_DATE('12/09/2022 11:00', '%d/%m/%Y %H:%i'), '25174945577', '75010277952');
INSERT INTO randevu VALUES ('636687412', 'Ameliyat', STR_TO_DATE('24/10/2023 15:00', '%d/%m/%Y %H:%i'), '84664908116', '31208179943');
INSERT INTO randevu VALUES ('728224978', 'Kontrol', STR_TO_DATE('13/01/2022 10:00', '%d/%m/%Y %H:%i'), '70628026464', '68139937052');
INSERT INTO randevu VALUES ('536093850', 'Kontrol', STR_TO_DATE('13/10/2023 10:00', '%d/%m/%Y %H:%i'), '24613271145', '98222684411');
INSERT INTO randevu VALUES ('124238350', 'Ameliyat', STR_TO_DATE('11/12/2023 08:00', '%d/%m/%Y %H:%i'), '17413370883', '82423956481');
INSERT INTO randevu VALUES ('134051499', 'Kontrol', STR_TO_DATE('27/11/2023 08:00', '%d/%m/%Y %H:%i'), '25174945577', '37981724550');
INSERT INTO randevu VALUES ('651991972', 'Ameliyat', STR_TO_DATE('09/12/2023 15:00', '%d/%m/%Y %H:%i'), '89040435466', '16143696966');
INSERT INTO randevu VALUES ('531416256', 'Muayene', STR_TO_DATE('26/07/2023 13:00', '%d/%m/%Y %H:%i'), '53612407012', '81037084400');
INSERT INTO randevu VALUES ('389002973', 'Muayene', STR_TO_DATE('01/07/2023 10:00', '%d/%m/%Y %H:%i'), '42828458631', '87715478174');
INSERT INTO randevu VALUES ('816096046', 'Muayene', STR_TO_DATE('11/06/2023 10:00', '%d/%m/%Y %H:%i'), '89289766384', '34580134660');
INSERT INTO randevu VALUES ('956988681', 'Ameliyat', STR_TO_DATE('11/03/2023 09:00', '%d/%m/%Y %H:%i'), '38795613880', '44819693461');
INSERT INTO randevu VALUES ('251323912', 'Ameliyat', STR_TO_DATE('01/02/2022 11:00', '%d/%m/%Y %H:%i'), '93891544998', '52678201951');
INSERT INTO randevu VALUES ('484500249', 'Ameliyat', STR_TO_DATE('08/03/2022 13:00', '%d/%m/%Y %H:%i'), '41610607115', '73188751854');
INSERT INTO randevu VALUES ('132371663', 'Kontrol', STR_TO_DATE('10/11/2023 14:00', '%d/%m/%Y %H:%i'), '53612407012', '39322400030');
INSERT INTO randevu VALUES ('882118466', 'Ameliyat', STR_TO_DATE('18/03/2023 09:00', '%d/%m/%Y %H:%i'), '31851798645', '14636863777');
INSERT INTO randevu VALUES ('616513717', 'Kontrol', STR_TO_DATE('21/09/2023 11:00', '%d/%m/%Y %H:%i'), '89007066006', '85601724477');
INSERT INTO randevu VALUES ('286512876', 'Muayene', STR_TO_DATE('29/06/2023 10:00', '%d/%m/%Y %H:%i'), '28736442829', '85496667175');
INSERT INTO randevu VALUES ('602983306', 'Ameliyat', STR_TO_DATE('05/06/2023 11:00', '%d/%m/%Y %H:%i'), '25918133588', '12451379861');
INSERT INTO randevu VALUES ('768986648', 'Muayene', STR_TO_DATE('21/08/2023 14:00', '%d/%m/%Y %H:%i'), '25918133588', '70154004630');
INSERT INTO randevu VALUES ('980010776', 'Muayene', STR_TO_DATE('24/02/2023 14:00', '%d/%m/%Y %H:%i'), '56270251034', '44937771115');
INSERT INTO randevu VALUES ('628637226', 'Muayene', STR_TO_DATE('12/12/2022 10:00', '%d/%m/%Y %H:%i'), '61508338872', '86385244489');
INSERT INTO randevu VALUES ('729901232', 'Ameliyat', STR_TO_DATE('01/08/2022 15:00', '%d/%m/%Y %H:%i'), '34999329190', '10581584042');
INSERT INTO randevu VALUES ('493610559', 'Ameliyat', STR_TO_DATE('10/05/2022 14:00', '%d/%m/%Y %H:%i'), '89289766384', '78655679763');
INSERT INTO randevu VALUES ('739793503', 'Muayene', STR_TO_DATE('15/05/2022 11:00', '%d/%m/%Y %H:%i'), '27132327289', '94000517189');
INSERT INTO randevu VALUES ('921720239', 'Muayene', STR_TO_DATE('14/02/2023 09:00', '%d/%m/%Y %H:%i'), '28736442829', '68139937052');
INSERT INTO randevu VALUES ('484993791', 'Kontrol', STR_TO_DATE('29/01/2023 10:00', '%d/%m/%Y %H:%i'), '70587348136', '61326177960');
INSERT INTO randevu VALUES ('173370089', 'Muayene', STR_TO_DATE('13/07/2023 13:00', '%d/%m/%Y %H:%i'), '96038056716', '54274202089');
INSERT INTO randevu VALUES ('741317953', 'Ameliyat', STR_TO_DATE('17/02/2023 12:00', '%d/%m/%Y %H:%i'), '96038056716', '93538323491');
INSERT INTO randevu VALUES ('507502982', 'Kontrol', STR_TO_DATE('29/11/2022 11:00', '%d/%m/%Y %H:%i'), '89007066006', '36562837418');
INSERT INTO randevu VALUES ('566235840', 'Muayene', STR_TO_DATE('09/06/2023 11:00', '%d/%m/%Y %H:%i'), '74178125087', '85237100946');
INSERT INTO randevu VALUES ('971268105', 'Muayene', STR_TO_DATE('14/11/2023 11:00', '%d/%m/%Y %H:%i'), '24613271145', '13702427095');
INSERT INTO randevu VALUES ('830771469', 'Kontrol', STR_TO_DATE('20/05/2023 15:00', '%d/%m/%Y %H:%i'), '93891544998', '43780704818');
INSERT INTO randevu VALUES ('252334406', 'Kontrol', STR_TO_DATE('27/10/2023 09:00', '%d/%m/%Y %H:%i'), '25918133588', '43745832024');
INSERT INTO randevu VALUES ('138059206', 'Kontrol', STR_TO_DATE('23/03/2022 11:00', '%d/%m/%Y %H:%i'), '30463896965', '35643857056');
INSERT INTO randevu VALUES ('969121396', 'Muayene', STR_TO_DATE('23/01/2023 10:00', '%d/%m/%Y %H:%i'), '25174945577', '75929514055');
INSERT INTO randevu VALUES ('659761740', 'Ameliyat', STR_TO_DATE('15/08/2023 09:00', '%d/%m/%Y %H:%i'), '35719873116', '48302037168');
INSERT INTO randevu VALUES ('571357617', 'Muayene', STR_TO_DATE('20/01/2022 13:00', '%d/%m/%Y %H:%i'), '37868299925', '30155065182');
INSERT INTO randevu VALUES ('546592825', 'Kontrol', STR_TO_DATE('01/05/2023 09:00', '%d/%m/%Y %H:%i'), '27132327289', '40644854466');
INSERT INTO randevu VALUES ('525108892', 'Muayene', STR_TO_DATE('22/06/2022 08:00', '%d/%m/%Y %H:%i'), '84664908116', '93127448665');
INSERT INTO randevu VALUES ('433698687', 'Ameliyat', STR_TO_DATE('10/12/2023 08:00', '%d/%m/%Y %H:%i'), '89007066006', '44657486638');
INSERT INTO randevu VALUES ('345948968', 'Muayene', STR_TO_DATE('16/04/2022 14:00', '%d/%m/%Y %H:%i'), '41610607115', '93706875120');
INSERT INTO randevu VALUES ('264466952', 'Muayene', STR_TO_DATE('19/10/2022 08:00', '%d/%m/%Y %H:%i'), '74178125087', '88410287762');
INSERT INTO randevu VALUES ('901904575', 'Kontrol', STR_TO_DATE('06/11/2023 12:00', '%d/%m/%Y %H:%i'), '70628026464', '19188580973');
INSERT INTO randevu VALUES ('910231354', 'Kontrol', STR_TO_DATE('03/11/2022 11:00', '%d/%m/%Y %H:%i'), '24613271145', '60733316720');
INSERT INTO randevu VALUES ('461903202', 'Kontrol', STR_TO_DATE('22/04/2022 13:00', '%d/%m/%Y %H:%i'), '70587348136', '84091604851');
INSERT INTO randevu VALUES ('330535555', 'Ameliyat', STR_TO_DATE('20/02/2023 11:00', '%d/%m/%Y %H:%i'), '37173169418', '95180134764');
INSERT INTO randevu VALUES ('978686150', 'Ameliyat', STR_TO_DATE('19/07/2022 12:00', '%d/%m/%Y %H:%i'), '37436692498', '55253649160');
INSERT INTO randevu VALUES ('125003013', 'Ameliyat', STR_TO_DATE('19/08/2023 13:00', '%d/%m/%Y %H:%i'), '37173169418', '89246551529');
INSERT INTO randevu VALUES ('619309437', 'Ameliyat', STR_TO_DATE('23/03/2023 13:00', '%d/%m/%Y %H:%i'), '19380414577', '21707875153');
INSERT INTO randevu VALUES ('531421486', 'Ameliyat', STR_TO_DATE('22/02/2023 14:00', '%d/%m/%Y %H:%i'), '34999329190', '41041414472');
INSERT INTO randevu VALUES ('600166180', 'Muayene', STR_TO_DATE('13/01/2023 13:00', '%d/%m/%Y %H:%i'), '61508338872', '47294914981');
INSERT INTO randevu VALUES ('594268091', 'Muayene', STR_TO_DATE('06/02/2022 13:00', '%d/%m/%Y %H:%i'), '17413370883', '77573459323');
INSERT INTO randevu VALUES ('597422667', 'Kontrol', STR_TO_DATE('24/12/2023 15:00', '%d/%m/%Y %H:%i'), '45975768364', '52254456277');
INSERT INTO randevu VALUES ('122963828', 'Muayene', STR_TO_DATE('12/03/2023 08:00', '%d/%m/%Y %H:%i'), '96038056716', '81560575310');
INSERT INTO randevu VALUES ('864652619', 'Muayene', STR_TO_DATE('10/07/2022 12:00', '%d/%m/%Y %H:%i'), '52277121319', '92504369288');
INSERT INTO randevu VALUES ('885865934', 'Ameliyat', STR_TO_DATE('15/10/2022 11:00', '%d/%m/%Y %H:%i'), '27132327289', '26401427391');
INSERT INTO randevu VALUES ('615068033', 'Muayene', STR_TO_DATE('25/06/2022 08:00', '%d/%m/%Y %H:%i'), '25918133588', '58539580872');
INSERT INTO randevu VALUES ('179490562', 'Kontrol', STR_TO_DATE('13/08/2023 10:00', '%d/%m/%Y %H:%i'), '41610607115', '52267501744');
INSERT INTO randevu VALUES ('544165083', 'Muayene', STR_TO_DATE('14/12/2022 15:00', '%d/%m/%Y %H:%i'), '89040435466', '97146718834');
INSERT INTO randevu VALUES ('132550045', 'Muayene', STR_TO_DATE('04/11/2022 11:00', '%d/%m/%Y %H:%i'), '42828458631', '60692724209');
INSERT INTO randevu VALUES ('387083101', 'Kontrol', STR_TO_DATE('03/03/2022 08:00', '%d/%m/%Y %H:%i'), '53612407012', '15980645905');
INSERT INTO randevu VALUES ('587793835', 'Ameliyat', STR_TO_DATE('01/11/2022 14:00', '%d/%m/%Y %H:%i'), '24613271145', '52395424727');
INSERT INTO randevu VALUES ('147154855', 'Ameliyat', STR_TO_DATE('26/06/2023 12:00', '%d/%m/%Y %H:%i'), '32621106810', '34666907183');
INSERT INTO randevu VALUES ('738538562', 'Muayene', STR_TO_DATE('24/01/2023 09:00', '%d/%m/%Y %H:%i'), '25918133588', '77461958785');
INSERT INTO randevu VALUES ('542913890', 'Ameliyat', STR_TO_DATE('04/10/2023 12:00', '%d/%m/%Y %H:%i'), '61508338872', '12231779064');
INSERT INTO randevu VALUES ('548248469', 'Kontrol', STR_TO_DATE('06/01/2022 10:00', '%d/%m/%Y %H:%i'), '34999329190', '40914576326');
INSERT INTO randevu VALUES ('579851604', 'Muayene', STR_TO_DATE('16/02/2022 08:00', '%d/%m/%Y %H:%i'), '61231886113', '54166666929');
INSERT INTO randevu VALUES ('274353008', 'Kontrol', STR_TO_DATE('16/02/2022 13:00', '%d/%m/%Y %H:%i'), '45975768364', '43442148865');
INSERT INTO randevu VALUES ('140706946', 'Muayene', STR_TO_DATE('10/05/2022 13:00', '%d/%m/%Y %H:%i'), '38795613880', '17757253485');
INSERT INTO randevu VALUES ('909915217', 'Ameliyat', STR_TO_DATE('28/10/2022 14:00', '%d/%m/%Y %H:%i'), '89007066006', '91404927385');
INSERT INTO randevu VALUES ('775306393', 'Kontrol', STR_TO_DATE('28/08/2022 11:00', '%d/%m/%Y %H:%i'), '93891544998', '53916116327');
INSERT INTO randevu VALUES ('649896393', 'Ameliyat', STR_TO_DATE('05/06/2023 09:00', '%d/%m/%Y %H:%i'), '37868299925', '69632362443');
INSERT INTO randevu VALUES ('342742345', 'Ameliyat', STR_TO_DATE('29/05/2022 11:00', '%d/%m/%Y %H:%i'), '70628026464', '78327088367');
INSERT INTO randevu VALUES ('781404883', 'Kontrol', STR_TO_DATE('18/02/2022 14:00', '%d/%m/%Y %H:%i'), '24613271145', '77953837407');
INSERT INTO randevu VALUES ('806256748', 'Muayene', STR_TO_DATE('04/01/2022 13:00', '%d/%m/%Y %H:%i'), '61508338872', '99891871081');
INSERT INTO randevu VALUES ('296299341', 'Ameliyat', STR_TO_DATE('12/05/2023 13:00', '%d/%m/%Y %H:%i'), '61231886113', '96159573291');
INSERT INTO randevu VALUES ('154880910', 'Ameliyat', STR_TO_DATE('20/12/2023 10:00', '%d/%m/%Y %H:%i'), '45975768364', '68077326960');
INSERT INTO randevu VALUES ('274984617', 'Ameliyat', STR_TO_DATE('03/11/2022 15:00', '%d/%m/%Y %H:%i'), '35719873116', '98202315840');
INSERT INTO randevu VALUES ('346941673', 'Ameliyat', STR_TO_DATE('02/07/2022 08:00', '%d/%m/%Y %H:%i'), '17413370883', '88346908293');
INSERT INTO randevu VALUES ('288002826', 'Kontrol', STR_TO_DATE('07/10/2023 09:00', '%d/%m/%Y %H:%i'), '31851798645', '62419377980');
INSERT INTO randevu VALUES ('391572944', 'Muayene', STR_TO_DATE('19/03/2022 10:00', '%d/%m/%Y %H:%i'), '42828458631', '88621755290');
INSERT INTO randevu VALUES ('857306545', 'Ameliyat', STR_TO_DATE('10/04/2023 12:00', '%d/%m/%Y %H:%i'), '74178125087', '26214553953');
INSERT INTO randevu VALUES ('514842820', 'Ameliyat', STR_TO_DATE('28/09/2022 08:00', '%d/%m/%Y %H:%i'), '30463896965', '76305576915');
INSERT INTO randevu VALUES ('192323954', 'Ameliyat', STR_TO_DATE('05/09/2023 10:00', '%d/%m/%Y %H:%i'), '37436692498', '19610732434');
INSERT INTO randevu VALUES ('516584843', 'Kontrol', STR_TO_DATE('26/05/2022 12:00', '%d/%m/%Y %H:%i'), '19380414577', '80911714661');
INSERT INTO randevu VALUES ('677054597', 'Muayene', STR_TO_DATE('07/04/2023 12:00', '%d/%m/%Y %H:%i'), '81134226193', '84310481168');
INSERT INTO randevu VALUES ('954896075', 'Kontrol', STR_TO_DATE('13/03/2023 09:00', '%d/%m/%Y %H:%i'), '53612407012', '53477716149');
INSERT INTO randevu VALUES ('658774514', 'Kontrol', STR_TO_DATE('14/12/2023 08:00', '%d/%m/%Y %H:%i'), '25174945577', '81847958860');
INSERT INTO randevu VALUES ('309730713', 'Muayene', STR_TO_DATE('15/09/2022 12:00', '%d/%m/%Y %H:%i'), '28736442829', '82647159396');
INSERT INTO randevu VALUES ('791641894', 'Muayene', STR_TO_DATE('07/09/2022 15:00', '%d/%m/%Y %H:%i'), '17413370883', '44937771115');
INSERT INTO randevu VALUES ('149036610', 'Muayene', STR_TO_DATE('29/03/2022 11:00', '%d/%m/%Y %H:%i'), '19380414577', '90432352403');
INSERT INTO randevu VALUES ('126083295', 'Kontrol', STR_TO_DATE('16/05/2023 10:00', '%d/%m/%Y %H:%i'), '61508338872', '79288148125');
INSERT INTO randevu VALUES ('583142875', 'Kontrol', STR_TO_DATE('02/05/2022 14:00', '%d/%m/%Y %H:%i'), '88186364924', '22770748951');
INSERT INTO randevu VALUES ('914061243', 'Muayene', STR_TO_DATE('16/06/2023 13:00', '%d/%m/%Y %H:%i'), '93891544998', '93367492303');
INSERT INTO randevu VALUES ('419286094', 'Muayene', STR_TO_DATE('01/01/2022 08:00', '%d/%m/%Y %H:%i'), '70628026464', '13154436848');
INSERT INTO randevu VALUES ('395981084', 'Kontrol', STR_TO_DATE('05/08/2023 09:00', '%d/%m/%Y %H:%i'), '19380414577', '98247313827');
INSERT INTO randevu VALUES ('431702647', 'Ameliyat', STR_TO_DATE('25/12/2022 12:00', '%d/%m/%Y %H:%i'), '37436692498', '62911167016');
INSERT INTO randevu VALUES ('685118272', 'Muayene', STR_TO_DATE('08/01/2023 09:00', '%d/%m/%Y %H:%i'), '84664908116', '64961937737');
INSERT INTO randevu VALUES ('904165376', 'Muayene', STR_TO_DATE('13/06/2022 11:00', '%d/%m/%Y %H:%i'), '61508338872', '29852732414');
INSERT INTO randevu VALUES ('519368421', 'Kontrol', STR_TO_DATE('22/08/2023 11:00', '%d/%m/%Y %H:%i'), '27132327289', '59309243367');
INSERT INTO randevu VALUES ('949975156', 'Kontrol', STR_TO_DATE('01/10/2023 14:00', '%d/%m/%Y %H:%i'), '96038056716', '13508618382');
INSERT INTO randevu VALUES ('884439870', 'Ameliyat', STR_TO_DATE('28/12/2022 09:00', '%d/%m/%Y %H:%i'), '38795613880', '84479995679');
INSERT INTO randevu VALUES ('347514074', 'Kontrol', STR_TO_DATE('18/08/2023 13:00', '%d/%m/%Y %H:%i'), '37173169418', '13154436848');
INSERT INTO randevu VALUES ('177148385', 'Kontrol', STR_TO_DATE('17/12/2023 10:00', '%d/%m/%Y %H:%i'), '42828458631', '44088213678');
INSERT INTO randevu VALUES ('377142062', 'Muayene', STR_TO_DATE('01/08/2022 13:00', '%d/%m/%Y %H:%i'), '17109833198', '72578360614');
INSERT INTO randevu VALUES ('454887870', 'Ameliyat', STR_TO_DATE('16/01/2023 11:00', '%d/%m/%Y %H:%i'), '38795613880', '81378300479');
INSERT INTO randevu VALUES ('179138856', 'Ameliyat', STR_TO_DATE('26/03/2023 15:00', '%d/%m/%Y %H:%i'), '32908805898', '38957930454');
INSERT INTO randevu VALUES ('399394039', 'Muayene', STR_TO_DATE('07/07/2022 09:00', '%d/%m/%Y %H:%i'), '25918133588', '50532218913');
INSERT INTO randevu VALUES ('932246334', 'Ameliyat', STR_TO_DATE('27/04/2023 15:00', '%d/%m/%Y %H:%i'), '74624082172', '73188751854');
INSERT INTO randevu VALUES ('273355305', 'Kontrol', STR_TO_DATE('29/06/2023 09:00', '%d/%m/%Y %H:%i'), '17109833198', '81701495533');
INSERT INTO randevu VALUES ('895517495', 'Kontrol', STR_TO_DATE('20/01/2022 15:00', '%d/%m/%Y %H:%i'), '89007066006', '66829606393');
INSERT INTO randevu VALUES ('867170001', 'Kontrol', STR_TO_DATE('22/03/2023 12:00', '%d/%m/%Y %H:%i'), '17413370883', '33990567110');
INSERT INTO randevu VALUES ('871275373', 'Kontrol', STR_TO_DATE('11/01/2023 11:00', '%d/%m/%Y %H:%i'), '28736442829', '52254456277');
INSERT INTO randevu VALUES ('380619885', 'Kontrol', STR_TO_DATE('07/11/2022 10:00', '%d/%m/%Y %H:%i'), '37436692498', '84780748281');
INSERT INTO randevu VALUES ('279716261', 'Muayene', STR_TO_DATE('29/01/2022 15:00', '%d/%m/%Y %H:%i'), '30463896965', '51709391008');
INSERT INTO randevu VALUES ('435095441', 'Kontrol', STR_TO_DATE('28/03/2023 15:00', '%d/%m/%Y %H:%i'), '32908805898', '98846621804');
INSERT INTO randevu VALUES ('205513088', 'Muayene', STR_TO_DATE('12/01/2023 15:00', '%d/%m/%Y %H:%i'), '36389931650', '16078206440');
INSERT INTO randevu VALUES ('581804676', 'Muayene', STR_TO_DATE('23/02/2022 13:00', '%d/%m/%Y %H:%i'), '61508338872', '82349551631');
INSERT INTO randevu VALUES ('922472456', 'Ameliyat', STR_TO_DATE('12/10/2022 11:00', '%d/%m/%Y %H:%i'), '89007066006', '90101677563');
INSERT INTO randevu VALUES ('399379289', 'Ameliyat', STR_TO_DATE('20/08/2023 11:00', '%d/%m/%Y %H:%i'), '38795613880', '43914043896');
INSERT INTO randevu VALUES ('891795327', 'Muayene', STR_TO_DATE('07/01/2023 09:00', '%d/%m/%Y %H:%i'), '89289766384', '72437583092');
INSERT INTO randevu VALUES ('520223938', 'Ameliyat', STR_TO_DATE('21/08/2023 11:00', '%d/%m/%Y %H:%i'), '89007066006', '52254456277');
INSERT INTO randevu VALUES ('418660333', 'Kontrol', STR_TO_DATE('21/03/2023 13:00', '%d/%m/%Y %H:%i'), '52277121319', '28654884786');
INSERT INTO randevu VALUES ('202113532', 'Ameliyat', STR_TO_DATE('04/12/2022 09:00', '%d/%m/%Y %H:%i'), '56270251034', '20008099191');
INSERT INTO randevu VALUES ('683197478', 'Ameliyat', STR_TO_DATE('23/11/2022 08:00', '%d/%m/%Y %H:%i'), '74178125087', '84479995679');
INSERT INTO randevu VALUES ('127065351', 'Kontrol', STR_TO_DATE('03/02/2023 08:00', '%d/%m/%Y %H:%i'), '34999329190', '79065769068');
INSERT INTO randevu VALUES ('197390491', 'Ameliyat', STR_TO_DATE('25/06/2022 11:00', '%d/%m/%Y %H:%i'), '61231886113', '12560972684');
INSERT INTO randevu VALUES ('502474911', 'Kontrol', STR_TO_DATE('05/08/2022 13:00', '%d/%m/%Y %H:%i'), '61508338872', '60300336958');
INSERT INTO randevu VALUES ('869065036', 'Ameliyat', STR_TO_DATE('27/01/2022 10:00', '%d/%m/%Y %H:%i'), '17109833198', '83675233751');
INSERT INTO randevu VALUES ('369751047', 'Muayene', STR_TO_DATE('12/01/2023 12:00', '%d/%m/%Y %H:%i'), '74624082172', '81560575310');
INSERT INTO randevu VALUES ('167057139', 'Kontrol', STR_TO_DATE('11/04/2023 14:00', '%d/%m/%Y %H:%i'), '36389931650', '71914177000');
INSERT INTO randevu VALUES ('463680831', 'Muayene', STR_TO_DATE('15/08/2023 14:00', '%d/%m/%Y %H:%i'), '74178125087', '89550695972');
INSERT INTO randevu VALUES ('809575462', 'Muayene', STR_TO_DATE('20/01/2023 08:00', '%d/%m/%Y %H:%i'), '28736442829', '88980718382');
INSERT INTO randevu VALUES ('499575031', 'Kontrol', STR_TO_DATE('13/02/2023 13:00', '%d/%m/%Y %H:%i'), '84664908116', '97191216638');
INSERT INTO randevu VALUES ('504091686', 'Ameliyat', STR_TO_DATE('21/02/2022 15:00', '%d/%m/%Y %H:%i'), '38795613880', '59139914579');
INSERT INTO randevu VALUES ('168424319', 'Kontrol', STR_TO_DATE('01/01/2023 13:00', '%d/%m/%Y %H:%i'), '31851798645', '30649847367');
INSERT INTO randevu VALUES ('342937458', 'Ameliyat', STR_TO_DATE('21/03/2023 10:00', '%d/%m/%Y %H:%i'), '45975768364', '89550695972');
INSERT INTO randevu VALUES ('944084587', 'Ameliyat', STR_TO_DATE('27/09/2022 11:00', '%d/%m/%Y %H:%i'), '81134226193', '77940153040');
INSERT INTO randevu VALUES ('661231455', 'Ameliyat', STR_TO_DATE('12/04/2023 09:00', '%d/%m/%Y %H:%i'), '17109833198', '14571236820');
INSERT INTO randevu VALUES ('921062280', 'Kontrol', STR_TO_DATE('01/06/2023 08:00', '%d/%m/%Y %H:%i'), '61508338872', '49135090241');
INSERT INTO randevu VALUES ('586319759', 'Kontrol', STR_TO_DATE('11/12/2022 09:00', '%d/%m/%Y %H:%i'), '74178125087', '72073256248');
INSERT INTO randevu VALUES ('609863108', 'Kontrol', STR_TO_DATE('21/10/2022 09:00', '%d/%m/%Y %H:%i'), '89289766384', '56122147278');
INSERT INTO randevu VALUES ('157440317', 'Kontrol', STR_TO_DATE('14/05/2023 13:00', '%d/%m/%Y %H:%i'), '17413370883', '37065429570');
INSERT INTO randevu VALUES ('661965663', 'Muayene', STR_TO_DATE('21/07/2023 14:00', '%d/%m/%Y %H:%i'), '17109833198', '28903803514');
INSERT INTO randevu VALUES ('712993026', 'Kontrol', STR_TO_DATE('01/04/2023 10:00', '%d/%m/%Y %H:%i'), '88186364924', '89679718226');
INSERT INTO randevu VALUES ('851725019', 'Kontrol', STR_TO_DATE('01/09/2023 15:00', '%d/%m/%Y %H:%i'), '17413370883', '95911774449');
INSERT INTO randevu VALUES ('587161233', 'Kontrol', STR_TO_DATE('18/03/2023 12:00', '%d/%m/%Y %H:%i'), '38795613880', '89246551529');
INSERT INTO randevu VALUES ('184198526', 'Ameliyat', STR_TO_DATE('04/06/2022 12:00', '%d/%m/%Y %H:%i'), '30463896965', '27402188548');
INSERT INTO randevu VALUES ('217942627', 'Kontrol', STR_TO_DATE('15/10/2022 10:00', '%d/%m/%Y %H:%i'), '31851798645', '98247313827');
INSERT INTO randevu VALUES ('668755792', 'Muayene', STR_TO_DATE('19/12/2023 08:00', '%d/%m/%Y %H:%i'), '93891544998', '87426716475');
INSERT INTO randevu VALUES ('451731725', 'Muayene', STR_TO_DATE('12/12/2022 11:00', '%d/%m/%Y %H:%i'), '70628026464', '55142528929');
INSERT INTO randevu VALUES ('158921195', 'Kontrol', STR_TO_DATE('22/11/2023 09:00', '%d/%m/%Y %H:%i'), '89040435466', '89481768451');
INSERT INTO randevu VALUES ('625934326', 'Kontrol', STR_TO_DATE('05/07/2022 15:00', '%d/%m/%Y %H:%i'), '35719873116', '77787630278');
INSERT INTO randevu VALUES ('458027668', 'Ameliyat', STR_TO_DATE('13/01/2023 09:00', '%d/%m/%Y %H:%i'), '93891544998', '31303695723');
INSERT INTO randevu VALUES ('713487013', 'Ameliyat', STR_TO_DATE('26/12/2023 12:00', '%d/%m/%Y %H:%i'), '89040435466', '42323593192');
INSERT INTO randevu VALUES ('422370077', 'Muayene', STR_TO_DATE('17/09/2023 10:00', '%d/%m/%Y %H:%i'), '93891544998', '77380887850');
INSERT INTO randevu VALUES ('482165285', 'Muayene', STR_TO_DATE('09/01/2022 12:00', '%d/%m/%Y %H:%i'), '45975768364', '38789129840');
INSERT INTO randevu VALUES ('577034959', 'Muayene', STR_TO_DATE('14/11/2023 09:00', '%d/%m/%Y %H:%i'), '31851798645', '86243945670');
INSERT INTO randevu VALUES ('745462982', 'Kontrol', STR_TO_DATE('14/12/2022 09:00', '%d/%m/%Y %H:%i'), '36389931650', '27850654819');
INSERT INTO randevu VALUES ('162785348', 'Ameliyat', STR_TO_DATE('15/05/2022 15:00', '%d/%m/%Y %H:%i'), '17109833198', '43250844831');
INSERT INTO randevu VALUES ('139490380', 'Muayene', STR_TO_DATE('13/11/2023 11:00', '%d/%m/%Y %H:%i'), '52277121319', '32399096966');
INSERT INTO randevu VALUES ('843642699', 'Kontrol', STR_TO_DATE('07/05/2022 11:00', '%d/%m/%Y %H:%i'), '53612407012', '41956840557');
INSERT INTO randevu VALUES ('978740012', 'Ameliyat', STR_TO_DATE('16/01/2023 11:00', '%d/%m/%Y %H:%i'), '34999329190', '83128368177');
INSERT INTO randevu VALUES ('791143469', 'Muayene', STR_TO_DATE('16/01/2023 13:00', '%d/%m/%Y %H:%i'), '28736442829', '34351169486');
INSERT INTO randevu VALUES ('593451421', 'Kontrol', STR_TO_DATE('16/06/2023 13:00', '%d/%m/%Y %H:%i'), '32621106810', '57482828436');
INSERT INTO randevu VALUES ('469997731', 'Ameliyat', STR_TO_DATE('03/12/2022 09:00', '%d/%m/%Y %H:%i'), '32908805898', '95071116896');
INSERT INTO randevu VALUES ('969391173', 'Ameliyat', STR_TO_DATE('13/12/2022 09:00', '%d/%m/%Y %H:%i'), '70628026464', '17819824966');
INSERT INTO randevu VALUES ('885117743', 'Muayene', STR_TO_DATE('05/02/2023 15:00', '%d/%m/%Y %H:%i'), '34999329190', '82349551631');
INSERT INTO randevu VALUES ('681300915', 'Kontrol', STR_TO_DATE('07/09/2023 10:00', '%d/%m/%Y %H:%i'), '37868299925', '35124464823');
INSERT INTO randevu VALUES ('966316798', 'Muayene', STR_TO_DATE('14/01/2023 08:00', '%d/%m/%Y %H:%i'), '45975768364', '65291064605');
INSERT INTO randevu VALUES ('647285635', 'Kontrol', STR_TO_DATE('01/04/2022 08:00', '%d/%m/%Y %H:%i'), '30463896965', '48612638203');
INSERT INTO randevu VALUES ('344925306', 'Ameliyat', STR_TO_DATE('17/09/2022 12:00', '%d/%m/%Y %H:%i'), '56270251034', '10946770361');
INSERT INTO randevu VALUES ('811447662', 'Muayene', STR_TO_DATE('10/07/2022 15:00', '%d/%m/%Y %H:%i'), '70351730642', '98526864690');
INSERT INTO randevu VALUES ('446697736', 'Ameliyat', STR_TO_DATE('03/10/2023 10:00', '%d/%m/%Y %H:%i'), '28736442829', '33690559737');
INSERT INTO randevu VALUES ('674519445', 'Kontrol', STR_TO_DATE('23/10/2022 08:00', '%d/%m/%Y %H:%i'), '88186364924', '60070878285');
INSERT INTO randevu VALUES ('715365942', 'Ameliyat', STR_TO_DATE('26/04/2023 08:00', '%d/%m/%Y %H:%i'), '81134226193', '15214284976');
INSERT INTO randevu VALUES ('218424443', 'Kontrol', STR_TO_DATE('25/02/2023 13:00', '%d/%m/%Y %H:%i'), '17109833198', '41956840557');
INSERT INTO randevu VALUES ('934162983', 'Muayene', STR_TO_DATE('12/04/2023 10:00', '%d/%m/%Y %H:%i'), '34999329190', '92314719852');
INSERT INTO randevu VALUES ('791225864', 'Ameliyat', STR_TO_DATE('03/01/2023 12:00', '%d/%m/%Y %H:%i'), '70587348136', '30657415453');
INSERT INTO randevu VALUES ('454968611', 'Kontrol', STR_TO_DATE('15/05/2023 14:00', '%d/%m/%Y %H:%i'), '93891544998', '71771879804');
INSERT INTO randevu VALUES ('504048228', 'Muayene', STR_TO_DATE('13/02/2023 08:00', '%d/%m/%Y %H:%i'), '89040435466', '44937771115');
INSERT INTO randevu VALUES ('542572639', 'Kontrol', STR_TO_DATE('19/04/2022 12:00', '%d/%m/%Y %H:%i'), '70628026464', '30237598502');
INSERT INTO randevu VALUES ('965488047', 'Muayene', STR_TO_DATE('22/08/2023 10:00', '%d/%m/%Y %H:%i'), '81134226193', '13326675533');
INSERT INTO randevu VALUES ('702945720', 'Ameliyat', STR_TO_DATE('16/11/2023 15:00', '%d/%m/%Y %H:%i'), '30463896965', '44987198748');
INSERT INTO randevu VALUES ('924669311', 'Ameliyat', STR_TO_DATE('19/01/2022 08:00', '%d/%m/%Y %H:%i'), '70351730642', '23384604379');
INSERT INTO randevu VALUES ('700075762', 'Muayene', STR_TO_DATE('09/12/2022 14:00', '%d/%m/%Y %H:%i'), '56270251034', '93981681676');
INSERT INTO randevu VALUES ('949429068', 'Muayene', STR_TO_DATE('24/05/2023 15:00', '%d/%m/%Y %H:%i'), '53612407012', '87334542044');
INSERT INTO randevu VALUES ('832305106', 'Muayene', STR_TO_DATE('21/03/2023 09:00', '%d/%m/%Y %H:%i'), '32908805898', '56797582863');
INSERT INTO randevu VALUES ('913838024', 'Kontrol', STR_TO_DATE('03/01/2023 09:00', '%d/%m/%Y %H:%i'), '32621106810', '38853986866');
INSERT INTO randevu VALUES ('361267978', 'Ameliyat', STR_TO_DATE('13/08/2022 09:00', '%d/%m/%Y %H:%i'), '56270251034', '87715478174');
INSERT INTO randevu VALUES ('116663771', 'Kontrol', STR_TO_DATE('09/01/2022 10:00', '%d/%m/%Y %H:%i'), '74178125087', '52853052441');
INSERT INTO randevu VALUES ('419923748', 'Muayene', STR_TO_DATE('01/12/2023 08:00', '%d/%m/%Y %H:%i'), '70351730642', '24623026543');
INSERT INTO randevu VALUES ('857794360', 'Muayene', STR_TO_DATE('28/07/2023 13:00', '%d/%m/%Y %H:%i'), '34999329190', '10774550458');
INSERT INTO randevu VALUES ('693541895', 'Muayene', STR_TO_DATE('22/06/2023 09:00', '%d/%m/%Y %H:%i'), '93891544998', '26214553953');
INSERT INTO randevu VALUES ('975674274', 'Kontrol', STR_TO_DATE('09/09/2023 15:00', '%d/%m/%Y %H:%i'), '89289766384', '86694342936');
INSERT INTO randevu VALUES ('737314871', 'Kontrol', STR_TO_DATE('24/01/2023 09:00', '%d/%m/%Y %H:%i'), '74178125087', '65478236526');
INSERT INTO randevu VALUES ('996788700', 'Muayene', STR_TO_DATE('29/05/2023 09:00', '%d/%m/%Y %H:%i'), '25174945577', '33690559737');
INSERT INTO randevu VALUES ('759581783', 'Ameliyat', STR_TO_DATE('28/12/2023 11:00', '%d/%m/%Y %H:%i'), '37436692498', '91328013430');
INSERT INTO randevu VALUES ('436239742', 'Muayene', STR_TO_DATE('07/01/2022 14:00', '%d/%m/%Y %H:%i'), '52277121319', '21798992332');
INSERT INTO randevu VALUES ('424801088', 'Kontrol', STR_TO_DATE('02/05/2023 15:00', '%d/%m/%Y %H:%i'), '89007066006', '26214553953');
INSERT INTO randevu VALUES ('968864326', 'Muayene', STR_TO_DATE('02/08/2022 08:00', '%d/%m/%Y %H:%i'), '70587348136', '81382705650');
INSERT INTO randevu VALUES ('655717313', 'Kontrol', STR_TO_DATE('06/03/2022 09:00', '%d/%m/%Y %H:%i'), '32908805898', '55863160886');
INSERT INTO randevu VALUES ('332323727', 'Ameliyat', STR_TO_DATE('05/09/2022 08:00', '%d/%m/%Y %H:%i'), '96038056716', '47923532292');
INSERT INTO randevu VALUES ('415836814', 'Ameliyat', STR_TO_DATE('24/10/2023 11:00', '%d/%m/%Y %H:%i'), '42828458631', '44088213678');
INSERT INTO randevu VALUES ('881405903', 'Ameliyat', STR_TO_DATE('10/01/2022 09:00', '%d/%m/%Y %H:%i'), '17413370883', '30242871928');
INSERT INTO randevu VALUES ('410120323', 'Muayene', STR_TO_DATE('06/11/2023 08:00', '%d/%m/%Y %H:%i'), '25918133588', '23602768050');
INSERT INTO randevu VALUES ('344336035', 'Ameliyat', STR_TO_DATE('01/11/2023 14:00', '%d/%m/%Y %H:%i'), '70628026464', '38530370941');
INSERT INTO randevu VALUES ('265409677', 'Kontrol', STR_TO_DATE('08/07/2023 14:00', '%d/%m/%Y %H:%i'), '38795613880', '32399096966');
INSERT INTO randevu VALUES ('994617491', 'Kontrol', STR_TO_DATE('12/11/2022 10:00', '%d/%m/%Y %H:%i'), '17109833198', '96282010585');
INSERT INTO randevu VALUES ('207678546', 'Muayene', STR_TO_DATE('15/03/2023 14:00', '%d/%m/%Y %H:%i'), '89040435466', '95911774449');
INSERT INTO randevu VALUES ('359676347', 'Ameliyat', STR_TO_DATE('03/04/2023 12:00', '%d/%m/%Y %H:%i'), '74624082172', '51609586645');
INSERT INTO randevu VALUES ('571873324', 'Muayene', STR_TO_DATE('05/03/2022 09:00', '%d/%m/%Y %H:%i'), '37436692498', '85342346623');
INSERT INTO randevu VALUES ('385987560', 'Ameliyat', STR_TO_DATE('25/06/2023 14:00', '%d/%m/%Y %H:%i'), '53612407012', '32098104479');
INSERT INTO randevu VALUES ('490464589', 'Kontrol', STR_TO_DATE('26/02/2022 09:00', '%d/%m/%Y %H:%i'), '52277121319', '10197075426');
INSERT INTO randevu VALUES ('681410620', 'Ameliyat', STR_TO_DATE('29/01/2022 13:00', '%d/%m/%Y %H:%i'), '56270251034', '96282010585');
INSERT INTO randevu VALUES ('976037497', 'Kontrol', STR_TO_DATE('03/01/2022 13:00', '%d/%m/%Y %H:%i'), '61231886113', '16878950234');
INSERT INTO randevu VALUES ('686407199', 'Muayene', STR_TO_DATE('08/03/2023 15:00', '%d/%m/%Y %H:%i'), '32621106810', '91553309396');
INSERT INTO randevu VALUES ('113713469', 'Kontrol', STR_TO_DATE('13/04/2023 08:00', '%d/%m/%Y %H:%i'), '93891544998', '36815860350');
INSERT INTO randevu VALUES ('802849503', 'Ameliyat', STR_TO_DATE('03/03/2023 11:00', '%d/%m/%Y %H:%i'), '88186364924', '34075769993');
INSERT INTO randevu VALUES ('919272485', 'Ameliyat', STR_TO_DATE('20/04/2022 11:00', '%d/%m/%Y %H:%i'), '81134226193', '58414883272');
INSERT INTO randevu VALUES ('335099547', 'Kontrol', STR_TO_DATE('22/10/2023 10:00', '%d/%m/%Y %H:%i'), '74178125087', '57954938490');
INSERT INTO randevu VALUES ('427359364', 'Ameliyat', STR_TO_DATE('06/11/2022 15:00', '%d/%m/%Y %H:%i'), '93891544998', '38108937727');
INSERT INTO randevu VALUES ('200526227', 'Ameliyat', STR_TO_DATE('29/07/2023 13:00', '%d/%m/%Y %H:%i'), '37868299925', '81331609402');
INSERT INTO randevu VALUES ('522300850', 'Ameliyat', STR_TO_DATE('27/02/2023 13:00', '%d/%m/%Y %H:%i'), '31851798645', '57482828436');
INSERT INTO randevu VALUES ('839129914', 'Muayene', STR_TO_DATE('01/07/2022 08:00', '%d/%m/%Y %H:%i'), '37436692498', '43442148865');
INSERT INTO randevu VALUES ('416189995', 'Kontrol', STR_TO_DATE('01/12/2023 15:00', '%d/%m/%Y %H:%i'), '89040435466', '76761589684');
INSERT INTO randevu VALUES ('434628091', 'Kontrol', STR_TO_DATE('13/01/2022 09:00', '%d/%m/%Y %H:%i'), '32908805898', '13882417920');
INSERT INTO randevu VALUES ('820664773', 'Kontrol', STR_TO_DATE('13/11/2022 13:00', '%d/%m/%Y %H:%i'), '30463896965', '93428407877');
INSERT INTO randevu VALUES ('617767313', 'Muayene', STR_TO_DATE('22/05/2022 11:00', '%d/%m/%Y %H:%i'), '37173169418', '51656009409');
INSERT INTO randevu VALUES ('727457360', 'Kontrol', STR_TO_DATE('04/02/2023 14:00', '%d/%m/%Y %H:%i'), '32908805898', '30155065182');
INSERT INTO randevu VALUES ('176615001', 'Ameliyat', STR_TO_DATE('26/11/2022 13:00', '%d/%m/%Y %H:%i'), '37868299925', '91647738305');
INSERT INTO randevu VALUES ('613355935', 'Muayene', STR_TO_DATE('27/07/2023 14:00', '%d/%m/%Y %H:%i'), '45975768364', '17757253485');
INSERT INTO randevu VALUES ('173987639', 'Muayene', STR_TO_DATE('28/01/2023 08:00', '%d/%m/%Y %H:%i'), '25174945577', '34212606723');
INSERT INTO randevu VALUES ('750854680', 'Muayene', STR_TO_DATE('10/04/2022 14:00', '%d/%m/%Y %H:%i'), '81134226193', '99090235712');
INSERT INTO randevu VALUES ('555631166', 'Kontrol', STR_TO_DATE('17/12/2023 12:00', '%d/%m/%Y %H:%i'), '81134226193', '18702321118');
INSERT INTO randevu VALUES ('933999462', 'Muayene', STR_TO_DATE('02/08/2022 12:00', '%d/%m/%Y %H:%i'), '56270251034', '20787088642');
INSERT INTO randevu VALUES ('137196423', 'Ameliyat', STR_TO_DATE('02/11/2023 10:00', '%d/%m/%Y %H:%i'), '53612407012', '72163861023');
INSERT INTO randevu VALUES ('949376044', 'Ameliyat', STR_TO_DATE('07/07/2023 08:00', '%d/%m/%Y %H:%i'), '19380414577', '80302423630');
INSERT INTO randevu VALUES ('366213757', 'Muayene', STR_TO_DATE('03/06/2022 11:00', '%d/%m/%Y %H:%i'), '30463896965', '94452076102');
INSERT INTO randevu VALUES ('971713343', 'Kontrol', STR_TO_DATE('06/05/2022 12:00', '%d/%m/%Y %H:%i'), '37173169418', '91404927385');
INSERT INTO randevu VALUES ('891805235', 'Ameliyat', STR_TO_DATE('14/10/2022 10:00', '%d/%m/%Y %H:%i'), '30463896965', '97315929171');
INSERT INTO randevu VALUES ('188227209', 'Ameliyat', STR_TO_DATE('18/04/2022 08:00', '%d/%m/%Y %H:%i'), '19380414577', '78671143060');
INSERT INTO randevu VALUES ('740367557', 'Ameliyat', STR_TO_DATE('10/04/2023 12:00', '%d/%m/%Y %H:%i'), '42828458631', '62468981872');
INSERT INTO randevu VALUES ('185514342', 'Ameliyat', STR_TO_DATE('12/06/2022 15:00', '%d/%m/%Y %H:%i'), '41610607115', '55805415562');
INSERT INTO randevu VALUES ('979171766', 'Muayene', STR_TO_DATE('14/09/2023 12:00', '%d/%m/%Y %H:%i'), '89040435466', '30237598502');
INSERT INTO randevu VALUES ('521639769', 'Kontrol', STR_TO_DATE('19/08/2023 11:00', '%d/%m/%Y %H:%i'), '32908805898', '98520576855');
INSERT INTO randevu VALUES ('689966174', 'Ameliyat', STR_TO_DATE('28/07/2022 11:00', '%d/%m/%Y %H:%i'), '53612407012', '21491236664');
INSERT INTO randevu VALUES ('861245229', 'Kontrol', STR_TO_DATE('24/04/2023 13:00', '%d/%m/%Y %H:%i'), '31851798645', '80489869435');
INSERT INTO randevu VALUES ('791135908', 'Ameliyat', STR_TO_DATE('26/02/2022 08:00', '%d/%m/%Y %H:%i'), '17413370883', '62489901236');
INSERT INTO randevu VALUES ('568638001', 'Ameliyat', STR_TO_DATE('05/09/2022 09:00', '%d/%m/%Y %H:%i'), '38795613880', '15984650755');
INSERT INTO randevu VALUES ('144027393', 'Ameliyat', STR_TO_DATE('19/02/2022 10:00', '%d/%m/%Y %H:%i'), '70628026464', '54242036570');
INSERT INTO randevu VALUES ('283109854', 'Kontrol', STR_TO_DATE('24/01/2023 11:00', '%d/%m/%Y %H:%i'), '84664908116', '89818576015');
INSERT INTO randevu VALUES ('207734916', 'Muayene', STR_TO_DATE('04/09/2022 10:00', '%d/%m/%Y %H:%i'), '32908805898', '60475019914');
INSERT INTO randevu VALUES ('393223783', 'Ameliyat', STR_TO_DATE('03/05/2022 10:00', '%d/%m/%Y %H:%i'), '37173169418', '94328565271');
INSERT INTO randevu VALUES ('245785231', 'Kontrol', STR_TO_DATE('12/05/2022 14:00', '%d/%m/%Y %H:%i'), '53612407012', '27402188548');
INSERT INTO randevu VALUES ('461381481', 'Kontrol', STR_TO_DATE('16/06/2022 13:00', '%d/%m/%Y %H:%i'), '35719873116', '59309243367');
INSERT INTO randevu VALUES ('147940359', 'Muayene', STR_TO_DATE('17/05/2023 13:00', '%d/%m/%Y %H:%i'), '52277121319', '97577221088');
INSERT INTO randevu VALUES ('832858322', 'Kontrol', STR_TO_DATE('16/11/2023 12:00', '%d/%m/%Y %H:%i'), '93891544998', '48231617856');
INSERT INTO randevu VALUES ('457576489', 'Muayene', STR_TO_DATE('24/05/2023 10:00', '%d/%m/%Y %H:%i'), '19380414577', '32230803078');
INSERT INTO randevu VALUES ('810903967', 'Muayene', STR_TO_DATE('28/02/2023 13:00', '%d/%m/%Y %H:%i'), '52277121319', '74024074662');
INSERT INTO randevu VALUES ('996200561', 'Kontrol', STR_TO_DATE('23/07/2023 11:00', '%d/%m/%Y %H:%i'), '70628026464', '32387965802');
INSERT INTO randevu VALUES ('704324023', 'Muayene', STR_TO_DATE('04/12/2023 14:00', '%d/%m/%Y %H:%i'), '70351730642', '22933954138');
INSERT INTO randevu VALUES ('258997693', 'Muayene', STR_TO_DATE('07/10/2022 12:00', '%d/%m/%Y %H:%i'), '32621106810', '52008796145');
INSERT INTO randevu VALUES ('684808551', 'Kontrol', STR_TO_DATE('04/06/2023 14:00', '%d/%m/%Y %H:%i'), '37868299925', '72119246211');
INSERT INTO randevu VALUES ('126629072', 'Muayene', STR_TO_DATE('25/02/2023 10:00', '%d/%m/%Y %H:%i'), '53612407012', '10197075426');
INSERT INTO randevu VALUES ('361305154', 'Kontrol', STR_TO_DATE('10/11/2022 10:00', '%d/%m/%Y %H:%i'), '74624082172', '67918674042');
INSERT INTO randevu VALUES ('956818708', 'Ameliyat', STR_TO_DATE('08/12/2022 09:00', '%d/%m/%Y %H:%i'), '88186364924', '25618385508');
INSERT INTO randevu VALUES ('638513230', 'Ameliyat', STR_TO_DATE('23/06/2023 08:00', '%d/%m/%Y %H:%i'), '45975768364', '37981724550');
INSERT INTO randevu VALUES ('988758618', 'Ameliyat', STR_TO_DATE('19/03/2022 15:00', '%d/%m/%Y %H:%i'), '25174945577', '69186702157');
INSERT INTO randevu VALUES ('695082588', 'Kontrol', STR_TO_DATE('21/08/2022 12:00', '%d/%m/%Y %H:%i'), '19380414577', '39585881233');
INSERT INTO randevu VALUES ('171128194', 'Ameliyat', STR_TO_DATE('28/10/2022 10:00', '%d/%m/%Y %H:%i'), '61231886113', '95370398798');
INSERT INTO randevu VALUES ('364760146', 'Ameliyat', STR_TO_DATE('06/04/2023 11:00', '%d/%m/%Y %H:%i'), '93891544998', '97698458110');
INSERT INTO randevu VALUES ('289375907', 'Ameliyat', STR_TO_DATE('02/10/2023 09:00', '%d/%m/%Y %H:%i'), '36389931650', '10931026109');
INSERT INTO randevu VALUES ('919393656', 'Kontrol', STR_TO_DATE('07/08/2023 15:00', '%d/%m/%Y %H:%i'), '28736442829', '65756768356');
INSERT INTO randevu VALUES ('276420031', 'Kontrol', STR_TO_DATE('26/04/2023 15:00', '%d/%m/%Y %H:%i'), '32621106810', '85834967322');
INSERT INTO randevu VALUES ('888906997', 'Kontrol', STR_TO_DATE('24/10/2023 14:00', '%d/%m/%Y %H:%i'), '88186364924', '44117952974');
INSERT INTO randevu VALUES ('327353251', 'Ameliyat', STR_TO_DATE('13/10/2023 10:00', '%d/%m/%Y %H:%i'), '84664908116', '80112647152');
INSERT INTO randevu VALUES ('627840918', 'Muayene', STR_TO_DATE('15/01/2023 13:00', '%d/%m/%Y %H:%i'), '61231886113', '50576787158');
INSERT INTO randevu VALUES ('340299562', 'Muayene', STR_TO_DATE('22/11/2023 12:00', '%d/%m/%Y %H:%i'), '37173169418', '27098369239');
INSERT INTO randevu VALUES ('868851373', 'Ameliyat', STR_TO_DATE('07/08/2023 11:00', '%d/%m/%Y %H:%i'), '36389931650', '36920936579');
INSERT INTO randevu VALUES ('391736128', 'Ameliyat', STR_TO_DATE('18/03/2022 13:00', '%d/%m/%Y %H:%i'), '45975768364', '50897744090');
INSERT INTO randevu VALUES ('845612271', 'Ameliyat', STR_TO_DATE('03/08/2022 11:00', '%d/%m/%Y %H:%i'), '88186364924', '46910353781');
INSERT INTO randevu VALUES ('527781215', 'Kontrol', STR_TO_DATE('16/01/2023 12:00', '%d/%m/%Y %H:%i'), '74624082172', '44088213678');
INSERT INTO randevu VALUES ('576593604', 'Ameliyat', STR_TO_DATE('24/08/2023 08:00', '%d/%m/%Y %H:%i'), '52277121319', '62489901236');
INSERT INTO randevu VALUES ('342313718', 'Kontrol', STR_TO_DATE('11/04/2023 15:00', '%d/%m/%Y %H:%i'), '84664908116', '36347995627');
INSERT INTO randevu VALUES ('643130864', 'Ameliyat', STR_TO_DATE('25/01/2022 11:00', '%d/%m/%Y %H:%i'), '89007066006', '25576326805');
INSERT INTO randevu VALUES ('855298487', 'Ameliyat', STR_TO_DATE('21/10/2022 10:00', '%d/%m/%Y %H:%i'), '84664908116', '88388369331');
INSERT INTO randevu VALUES ('779953827', 'Kontrol', STR_TO_DATE('17/06/2023 15:00', '%d/%m/%Y %H:%i'), '89040435466', '34637888253');
INSERT INTO randevu VALUES ('764742007', 'Ameliyat', STR_TO_DATE('23/01/2023 08:00', '%d/%m/%Y %H:%i'), '17109833198', '60475019914');
INSERT INTO randevu VALUES ('406964890', 'Kontrol', STR_TO_DATE('29/04/2022 08:00', '%d/%m/%Y %H:%i'), '25918133588', '70277822152');
INSERT INTO randevu VALUES ('757842185', 'Ameliyat', STR_TO_DATE('17/05/2022 13:00', '%d/%m/%Y %H:%i'), '89289766384', '39489634444');
INSERT INTO randevu VALUES ('401368805', 'Kontrol', STR_TO_DATE('27/09/2023 08:00', '%d/%m/%Y %H:%i'), '89289766384', '38885609096');
INSERT INTO randevu VALUES ('987050713', 'Muayene', STR_TO_DATE('07/12/2023 11:00', '%d/%m/%Y %H:%i'), '32621106810', '36970228375');
INSERT INTO randevu VALUES ('593768619', 'Ameliyat', STR_TO_DATE('19/08/2023 15:00', '%d/%m/%Y %H:%i'), '45975768364', '87334542044');
INSERT INTO randevu VALUES ('475641571', 'Ameliyat', STR_TO_DATE('17/09/2023 13:00', '%d/%m/%Y %H:%i'), '25918133588', '55954837537');
INSERT INTO randevu VALUES ('110553813', 'Ameliyat', STR_TO_DATE('14/03/2023 13:00', '%d/%m/%Y %H:%i'), '70587348136', '82886102195');
INSERT INTO randevu VALUES ('451182137', 'Ameliyat', STR_TO_DATE('29/04/2023 12:00', '%d/%m/%Y %H:%i'), '28736442829', '55176544451');
INSERT INTO randevu VALUES ('693174710', 'Ameliyat', STR_TO_DATE('28/08/2022 15:00', '%d/%m/%Y %H:%i'), '53612407012', '81331609402');
INSERT INTO randevu VALUES ('711795554', 'Kontrol', STR_TO_DATE('14/09/2022 15:00', '%d/%m/%Y %H:%i'), '53612407012', '73882597075');
INSERT INTO randevu VALUES ('546238501', 'Ameliyat', STR_TO_DATE('21/08/2023 10:00', '%d/%m/%Y %H:%i'), '70587348136', '15980645905');
INSERT INTO randevu VALUES ('620721063', 'Kontrol', STR_TO_DATE('06/01/2023 13:00', '%d/%m/%Y %H:%i'), '38795613880', '27098369239');
INSERT INTO randevu VALUES ('152616555', 'Ameliyat', STR_TO_DATE('12/01/2022 13:00', '%d/%m/%Y %H:%i'), '74178125087', '58112189895');
INSERT INTO randevu VALUES ('302249470', 'Muayene', STR_TO_DATE('24/02/2023 09:00', '%d/%m/%Y %H:%i'), '53612407012', '59531355986');
INSERT INTO randevu VALUES ('747550413', 'Kontrol', STR_TO_DATE('01/01/2023 11:00', '%d/%m/%Y %H:%i'), '52277121319', '33402668534');
INSERT INTO randevu VALUES ('252132107', 'Ameliyat', STR_TO_DATE('15/11/2022 11:00', '%d/%m/%Y %H:%i'), '89007066006', '77723924998');
INSERT INTO randevu VALUES ('943313452', 'Ameliyat', STR_TO_DATE('06/05/2022 10:00', '%d/%m/%Y %H:%i'), '32621106810', '92527885576');
INSERT INTO randevu VALUES ('680274920', 'Kontrol', STR_TO_DATE('01/01/2023 08:00', '%d/%m/%Y %H:%i'), '52277121319', '97523190350');
INSERT INTO randevu VALUES ('853394253', 'Ameliyat', STR_TO_DATE('04/01/2023 14:00', '%d/%m/%Y %H:%i'), '38795613880', '97987327048');
INSERT INTO randevu VALUES ('293768503', 'Muayene', STR_TO_DATE('01/01/2022 12:00', '%d/%m/%Y %H:%i'), '32908805898', '58916197511');
INSERT INTO randevu VALUES ('354762807', 'Kontrol', STR_TO_DATE('10/01/2023 08:00', '%d/%m/%Y %H:%i'), '42828458631', '85601724477');
INSERT INTO randevu VALUES ('570082859', 'Muayene', STR_TO_DATE('22/12/2023 09:00', '%d/%m/%Y %H:%i'), '70628026464', '44088213678');
INSERT INTO randevu VALUES ('523160939', 'Ameliyat', STR_TO_DATE('07/03/2023 13:00', '%d/%m/%Y %H:%i'), '61508338872', '76997285287');
INSERT INTO randevu VALUES ('911401232', 'Kontrol', STR_TO_DATE('22/12/2022 14:00', '%d/%m/%Y %H:%i'), '37173169418', '85788484887');
INSERT INTO randevu VALUES ('760996856', 'Kontrol', STR_TO_DATE('04/01/2023 12:00', '%d/%m/%Y %H:%i'), '61508338872', '66686456192');
INSERT INTO randevu VALUES ('534854461', 'Kontrol', STR_TO_DATE('05/01/2022 10:00', '%d/%m/%Y %H:%i'), '30463896965', '80491673146');
INSERT INTO randevu VALUES ('134317150', 'Muayene', STR_TO_DATE('13/07/2023 08:00', '%d/%m/%Y %H:%i'), '37868299925', '33990567110');
INSERT INTO randevu VALUES ('585496679', 'Muayene', STR_TO_DATE('27/06/2023 09:00', '%d/%m/%Y %H:%i'), '28736442829', '82227542320');
INSERT INTO randevu VALUES ('371268301', 'Ameliyat', STR_TO_DATE('08/01/2022 13:00', '%d/%m/%Y %H:%i'), '93891544998', '71914177000');
INSERT INTO randevu VALUES ('805255120', 'Ameliyat', STR_TO_DATE('09/04/2023 08:00', '%d/%m/%Y %H:%i'), '34999329190', '72119246211');
INSERT INTO randevu VALUES ('960904438', 'Kontrol', STR_TO_DATE('29/10/2022 15:00', '%d/%m/%Y %H:%i'), '93891544998', '42156767485');
INSERT INTO randevu VALUES ('694345692', 'Ameliyat', STR_TO_DATE('02/08/2022 08:00', '%d/%m/%Y %H:%i'), '30463896965', '63954874404');
INSERT INTO randevu VALUES ('301037267', 'Muayene', STR_TO_DATE('07/11/2023 11:00', '%d/%m/%Y %H:%i'), '89007066006', '15214284976');
INSERT INTO randevu VALUES ('888875452', 'Ameliyat', STR_TO_DATE('06/10/2022 08:00', '%d/%m/%Y %H:%i'), '25918133588', '54242036570');
INSERT INTO randevu VALUES ('918996841', 'Kontrol', STR_TO_DATE('10/08/2023 14:00', '%d/%m/%Y %H:%i'), '17413370883', '58414883272');
INSERT INTO randevu VALUES ('564284526', 'Muayene', STR_TO_DATE('17/12/2022 15:00', '%d/%m/%Y %H:%i'), '74624082172', '68950693164');
INSERT INTO randevu VALUES ('971754903', 'Muayene', STR_TO_DATE('17/01/2023 11:00', '%d/%m/%Y %H:%i'), '24613271145', '20571887213');
INSERT INTO randevu VALUES ('554551032', 'Kontrol', STR_TO_DATE('10/09/2022 11:00', '%d/%m/%Y %H:%i'), '88186364924', '38408074820');
INSERT INTO randevu VALUES ('596196602', 'Ameliyat', STR_TO_DATE('27/03/2022 10:00', '%d/%m/%Y %H:%i'), '25174945577', '10755767189');
INSERT INTO randevu VALUES ('624789529', 'Ameliyat', STR_TO_DATE('24/04/2022 11:00', '%d/%m/%Y %H:%i'), '45975768364', '44117952974');
INSERT INTO randevu VALUES ('151612265', 'Kontrol', STR_TO_DATE('03/09/2022 12:00', '%d/%m/%Y %H:%i'), '32908805898', '35991877305');
INSERT INTO randevu VALUES ('324305714', 'Ameliyat', STR_TO_DATE('20/09/2023 15:00', '%d/%m/%Y %H:%i'), '37436692498', '27546672416');
INSERT INTO randevu VALUES ('651008811', 'Kontrol', STR_TO_DATE('26/11/2023 15:00', '%d/%m/%Y %H:%i'), '56270251034', '52395424727');
INSERT INTO randevu VALUES ('218787319', 'Muayene', STR_TO_DATE('09/02/2022 08:00', '%d/%m/%Y %H:%i'), '89289766384', '30643061023');
INSERT INTO randevu VALUES ('527552180', 'Kontrol', STR_TO_DATE('10/05/2023 15:00', '%d/%m/%Y %H:%i'), '25174945577', '76506436368');
INSERT INTO randevu VALUES ('767758931', 'Muayene', STR_TO_DATE('08/02/2023 15:00', '%d/%m/%Y %H:%i'), '25174945577', '57333085309');
INSERT INTO randevu VALUES ('169174896', 'Kontrol', STR_TO_DATE('22/04/2023 09:00', '%d/%m/%Y %H:%i'), '27132327289', '12451379861');
INSERT INTO randevu VALUES ('738908822', 'Muayene', STR_TO_DATE('09/03/2022 15:00', '%d/%m/%Y %H:%i'), '96038056716', '75988234315');
INSERT INTO randevu VALUES ('689136777', 'Kontrol', STR_TO_DATE('16/04/2023 12:00', '%d/%m/%Y %H:%i'), '61508338872', '23602768050');
INSERT INTO randevu VALUES ('620366786', 'Kontrol', STR_TO_DATE('09/03/2022 14:00', '%d/%m/%Y %H:%i'), '38795613880', '95053137098');
INSERT INTO randevu VALUES ('528956076', 'Muayene', STR_TO_DATE('14/09/2022 09:00', '%d/%m/%Y %H:%i'), '19380414577', '21935041535');
INSERT INTO randevu VALUES ('796314493', 'Kontrol', STR_TO_DATE('24/01/2022 08:00', '%d/%m/%Y %H:%i'), '36389931650', '36347995627');
INSERT INTO randevu VALUES ('877473621', 'Ameliyat', STR_TO_DATE('06/04/2022 11:00', '%d/%m/%Y %H:%i'), '37436692498', '59139914579');
INSERT INTO randevu VALUES ('116143454', 'Ameliyat', STR_TO_DATE('13/12/2023 09:00', '%d/%m/%Y %H:%i'), '17109833198', '25904094398');
INSERT INTO randevu VALUES ('763886707', 'Muayene', STR_TO_DATE('27/07/2023 11:00', '%d/%m/%Y %H:%i'), '37436692498', '81378300479');
INSERT INTO randevu VALUES ('447898346', 'Kontrol', STR_TO_DATE('28/02/2023 15:00', '%d/%m/%Y %H:%i'), '32908805898', '81701495533');
INSERT INTO randevu VALUES ('581716167', 'Muayene', STR_TO_DATE('09/01/2023 11:00', '%d/%m/%Y %H:%i'), '84664908116', '60300336958');
INSERT INTO randevu VALUES ('585401374', 'Kontrol', STR_TO_DATE('04/11/2022 14:00', '%d/%m/%Y %H:%i'), '96038056716', '18702321118');
INSERT INTO randevu VALUES ('264346939', 'Muayene', STR_TO_DATE('28/09/2023 09:00', '%d/%m/%Y %H:%i'), '42828458631', '75929514055');
INSERT INTO randevu VALUES ('363656433', 'Muayene', STR_TO_DATE('09/05/2023 08:00', '%d/%m/%Y %H:%i'), '74624082172', '59884338179');
INSERT INTO randevu VALUES ('516492667', 'Kontrol', STR_TO_DATE('15/08/2023 14:00', '%d/%m/%Y %H:%i'), '93891544998', '13326675533');
INSERT INTO randevu VALUES ('102189818', 'Ameliyat', STR_TO_DATE('25/07/2022 15:00', '%d/%m/%Y %H:%i'), '17109833198', '77661744823');
INSERT INTO randevu VALUES ('213778967', 'Kontrol', STR_TO_DATE('24/09/2023 08:00', '%d/%m/%Y %H:%i'), '37173169418', '59139914579');
INSERT INTO randevu VALUES ('385970099', 'Kontrol', STR_TO_DATE('02/06/2023 13:00', '%d/%m/%Y %H:%i'), '89040435466', '42217430048');
INSERT INTO randevu VALUES ('327237813', 'Muayene', STR_TO_DATE('14/01/2022 10:00', '%d/%m/%Y %H:%i'), '37436692498', '50897744090');
INSERT INTO randevu VALUES ('409255773', 'Muayene', STR_TO_DATE('12/07/2023 09:00', '%d/%m/%Y %H:%i'), '30463896965', '95911774449');
INSERT INTO randevu VALUES ('878595683', 'Kontrol', STR_TO_DATE('13/04/2022 10:00', '%d/%m/%Y %H:%i'), '89007066006', '68139937052');
INSERT INTO randevu VALUES ('167282113', 'Ameliyat', STR_TO_DATE('15/04/2023 13:00', '%d/%m/%Y %H:%i'), '93891544998', '62693912899');
INSERT INTO randevu VALUES ('314390219', 'Muayene', STR_TO_DATE('05/01/2023 11:00', '%d/%m/%Y %H:%i'), '70351730642', '80112647152');
INSERT INTO randevu VALUES ('643545685', 'Muayene', STR_TO_DATE('06/01/2022 11:00', '%d/%m/%Y %H:%i'), '61508338872', '30851678273');
INSERT INTO randevu VALUES ('931383441', 'Kontrol', STR_TO_DATE('19/01/2023 13:00', '%d/%m/%Y %H:%i'), '70628026464', '77661744823');
INSERT INTO randevu VALUES ('514179453', 'Ameliyat', STR_TO_DATE('02/01/2022 09:00', '%d/%m/%Y %H:%i'), '52277121319', '13508618382');
INSERT INTO randevu VALUES ('524188051', 'Kontrol', STR_TO_DATE('04/04/2022 09:00', '%d/%m/%Y %H:%i'), '93891544998', '72169353311');
INSERT INTO randevu VALUES ('324945833', 'Kontrol', STR_TO_DATE('18/05/2022 13:00', '%d/%m/%Y %H:%i'), '74178125087', '60475019914');
INSERT INTO randevu VALUES ('752927909', 'Ameliyat', STR_TO_DATE('15/12/2023 15:00', '%d/%m/%Y %H:%i'), '31851798645', '32783730077');
INSERT INTO randevu VALUES ('812732618', 'Muayene', STR_TO_DATE('21/12/2023 15:00', '%d/%m/%Y %H:%i'), '36389931650', '43651442233');
INSERT INTO randevu VALUES ('948513637', 'Muayene', STR_TO_DATE('22/11/2023 10:00', '%d/%m/%Y %H:%i'), '89007066006', '96476722705');
INSERT INTO randevu VALUES ('635208269', 'Muayene', STR_TO_DATE('03/10/2023 15:00', '%d/%m/%Y %H:%i'), '25174945577', '28558457410');
INSERT INTO randevu VALUES ('306994979', 'Kontrol', STR_TO_DATE('17/07/2022 09:00', '%d/%m/%Y %H:%i'), '88186364924', '16162597514');
INSERT INTO randevu VALUES ('666146928', 'Ameliyat', STR_TO_DATE('08/06/2022 14:00', '%d/%m/%Y %H:%i'), '56270251034', '95791469994');
INSERT INTO randevu VALUES ('924706082', 'Kontrol', STR_TO_DATE('16/02/2023 10:00', '%d/%m/%Y %H:%i'), '27132327289', '14162069221');
INSERT INTO randevu VALUES ('775689834', 'Ameliyat', STR_TO_DATE('17/04/2023 09:00', '%d/%m/%Y %H:%i'), '35719873116', '17795338030');
INSERT INTO randevu VALUES ('362674085', 'Kontrol', STR_TO_DATE('04/01/2023 10:00', '%d/%m/%Y %H:%i'), '61231886113', '98846621804');
INSERT INTO randevu VALUES ('644881232', 'Muayene', STR_TO_DATE('18/06/2022 11:00', '%d/%m/%Y %H:%i'), '32621106810', '55863160886');
INSERT INTO randevu VALUES ('486303606', 'Muayene', STR_TO_DATE('12/03/2022 10:00', '%d/%m/%Y %H:%i'), '34999329190', '56394193108');
INSERT INTO randevu VALUES ('426801986', 'Muayene', STR_TO_DATE('22/04/2022 15:00', '%d/%m/%Y %H:%i'), '89040435466', '62790107049');
INSERT INTO randevu VALUES ('526179522', 'Kontrol', STR_TO_DATE('17/05/2023 14:00', '%d/%m/%Y %H:%i'), '31851798645', '88304434344');
INSERT INTO randevu VALUES ('680763307', 'Muayene', STR_TO_DATE('01/01/2023 13:00', '%d/%m/%Y %H:%i'), '89289766384', '98809597720');
INSERT INTO randevu VALUES ('366649364', 'Kontrol', STR_TO_DATE('01/01/2022 09:00', '%d/%m/%Y %H:%i'), '30463896965', '34212606723');
INSERT INTO randevu VALUES ('427128409', 'Ameliyat', STR_TO_DATE('09/12/2023 12:00', '%d/%m/%Y %H:%i'), '61231886113', '74591791369');
INSERT INTO randevu VALUES ('655965901', 'Ameliyat', STR_TO_DATE('18/01/2023 11:00', '%d/%m/%Y %H:%i'), '37868299925', '91879410827');
INSERT INTO randevu VALUES ('177221250', 'Kontrol', STR_TO_DATE('14/04/2023 09:00', '%d/%m/%Y %H:%i'), '88186364924', '27850654819');
INSERT INTO randevu VALUES ('418377910', 'Kontrol', STR_TO_DATE('29/09/2022 13:00', '%d/%m/%Y %H:%i'), '25918133588', '38957930454');
INSERT INTO randevu VALUES ('967714013', 'Ameliyat', STR_TO_DATE('06/09/2023 12:00', '%d/%m/%Y %H:%i'), '37173169418', '51709391008');
INSERT INTO randevu VALUES ('308808207', 'Muayene', STR_TO_DATE('15/05/2022 08:00', '%d/%m/%Y %H:%i'), '32621106810', '36361063317');
INSERT INTO randevu VALUES ('869811627', 'Ameliyat', STR_TO_DATE('22/03/2022 15:00', '%d/%m/%Y %H:%i'), '30463896965', '50731001414');
INSERT INTO randevu VALUES ('303527140', 'Ameliyat', STR_TO_DATE('04/01/2022 09:00', '%d/%m/%Y %H:%i'), '96038056716', '69652020350');
INSERT INTO randevu VALUES ('911144954', 'Kontrol', STR_TO_DATE('01/12/2022 10:00', '%d/%m/%Y %H:%i'), '28736442829', '52678201951');
INSERT INTO randevu VALUES ('854850132', 'Ameliyat', STR_TO_DATE('17/03/2022 09:00', '%d/%m/%Y %H:%i'), '74178125087', '75392367641');
INSERT INTO randevu VALUES ('295785796', 'Kontrol', STR_TO_DATE('29/11/2023 14:00', '%d/%m/%Y %H:%i'), '96038056716', '53771253472');
INSERT INTO randevu VALUES ('114128165', 'Muayene', STR_TO_DATE('26/02/2022 10:00', '%d/%m/%Y %H:%i'), '37436692498', '97987327048');
INSERT INTO randevu VALUES ('213975052', 'Muayene', STR_TO_DATE('06/04/2023 12:00', '%d/%m/%Y %H:%i'), '74178125087', '85917118538');
INSERT INTO randevu VALUES ('685465374', 'Kontrol', STR_TO_DATE('04/09/2022 09:00', '%d/%m/%Y %H:%i'), '38795613880', '55578940819');
INSERT INTO randevu VALUES ('350330970', 'Muayene', STR_TO_DATE('22/09/2023 14:00', '%d/%m/%Y %H:%i'), '30463896965', '80508282399');
INSERT INTO randevu VALUES ('863569630', 'Ameliyat', STR_TO_DATE('13/12/2023 08:00', '%d/%m/%Y %H:%i'), '93891544998', '69186702157');
INSERT INTO randevu VALUES ('562192789', 'Ameliyat', STR_TO_DATE('08/08/2023 15:00', '%d/%m/%Y %H:%i'), '74624082172', '41013542895');
INSERT INTO randevu VALUES ('451393744', 'Ameliyat', STR_TO_DATE('03/01/2023 11:00', '%d/%m/%Y %H:%i'), '34999329190', '94000517189');
INSERT INTO randevu VALUES ('301092153', 'Muayene', STR_TO_DATE('12/09/2022 10:00', '%d/%m/%Y %H:%i'), '32621106810', '44441390487');
INSERT INTO randevu VALUES ('176746606', 'Muayene', STR_TO_DATE('05/06/2023 13:00', '%d/%m/%Y %H:%i'), '35719873116', '16355358268');
INSERT INTO randevu VALUES ('455636935', 'Ameliyat', STR_TO_DATE('08/01/2022 12:00', '%d/%m/%Y %H:%i'), '28736442829', '44937771115');
INSERT INTO randevu VALUES ('762766947', 'Ameliyat', STR_TO_DATE('02/01/2022 10:00', '%d/%m/%Y %H:%i'), '27132327289', '97146718834');
INSERT INTO randevu VALUES ('906130726', 'Muayene', STR_TO_DATE('12/04/2022 11:00', '%d/%m/%Y %H:%i'), '96038056716', '49195705809');
INSERT INTO randevu VALUES ('721315600', 'Ameliyat', STR_TO_DATE('22/01/2023 11:00', '%d/%m/%Y %H:%i'), '84664908116', '91553309396');
INSERT INTO randevu VALUES ('157247281', 'Muayene', STR_TO_DATE('26/06/2022 10:00', '%d/%m/%Y %H:%i'), '24613271145', '56741451773');
INSERT INTO randevu VALUES ('137361401', 'Muayene', STR_TO_DATE('20/11/2023 14:00', '%d/%m/%Y %H:%i'), '52277121319', '34212606723');
INSERT INTO randevu VALUES ('488914166', 'Muayene', STR_TO_DATE('15/06/2023 08:00', '%d/%m/%Y %H:%i'), '32621106810', '51913766189');
INSERT INTO randevu VALUES ('783003571', 'Ameliyat', STR_TO_DATE('16/01/2023 09:00', '%d/%m/%Y %H:%i'), '74178125087', '38867599562');
INSERT INTO randevu VALUES ('793438108', 'Muayene', STR_TO_DATE('21/09/2023 14:00', '%d/%m/%Y %H:%i'), '74624082172', '59884338179');
INSERT INTO randevu VALUES ('245091541', 'Kontrol', STR_TO_DATE('25/10/2022 10:00', '%d/%m/%Y %H:%i'), '41610607115', '61534466412');
INSERT INTO randevu VALUES ('851289765', 'Ameliyat', STR_TO_DATE('03/08/2022 15:00', '%d/%m/%Y %H:%i'), '84664908116', '28654884786');
INSERT INTO randevu VALUES ('909696212', 'Kontrol', STR_TO_DATE('26/10/2023 08:00', '%d/%m/%Y %H:%i'), '41610607115', '77953837407');
INSERT INTO randevu VALUES ('905516825', 'Ameliyat', STR_TO_DATE('23/05/2023 11:00', '%d/%m/%Y %H:%i'), '37868299925', '86694342936');
INSERT INTO randevu VALUES ('150604456', 'Ameliyat', STR_TO_DATE('02/11/2022 15:00', '%d/%m/%Y %H:%i'), '37436692498', '85612323600');
INSERT INTO randevu VALUES ('518429638', 'Ameliyat', STR_TO_DATE('15/11/2022 10:00', '%d/%m/%Y %H:%i'), '74624082172', '75010277952');
INSERT INTO randevu VALUES ('839241150', 'Ameliyat', STR_TO_DATE('09/01/2022 10:00', '%d/%m/%Y %H:%i'), '25174945577', '13154436848');
INSERT INTO randevu VALUES ('913919858', 'Ameliyat', STR_TO_DATE('16/11/2023 11:00', '%d/%m/%Y %H:%i'), '89289766384', '81544202688');
INSERT INTO randevu VALUES ('938972677', 'Kontrol', STR_TO_DATE('23/05/2022 09:00', '%d/%m/%Y %H:%i'), '74178125087', '26214553953');
INSERT INTO randevu VALUES ('647555687', 'Kontrol', STR_TO_DATE('06/11/2022 12:00', '%d/%m/%Y %H:%i'), '61508338872', '89679718226');
INSERT INTO randevu VALUES ('592423683', 'Kontrol', STR_TO_DATE('26/01/2023 09:00', '%d/%m/%Y %H:%i'), '34999329190', '93981681676');
INSERT INTO randevu VALUES ('736799735', 'Kontrol', STR_TO_DATE('08/06/2023 13:00', '%d/%m/%Y %H:%i'), '25918133588', '31727537227');
INSERT INTO randevu VALUES ('746924759', 'Muayene', STR_TO_DATE('14/05/2023 09:00', '%d/%m/%Y %H:%i'), '70351730642', '35124110942');
INSERT INTO randevu VALUES ('632428612', 'Kontrol', STR_TO_DATE('04/11/2022 12:00', '%d/%m/%Y %H:%i'), '36389931650', '35643857056');
INSERT INTO randevu VALUES ('805803221', 'Ameliyat', STR_TO_DATE('11/07/2022 14:00', '%d/%m/%Y %H:%i'), '42828458631', '13663571658');
INSERT INTO randevu VALUES ('576302135', 'Muayene', STR_TO_DATE('14/04/2022 09:00', '%d/%m/%Y %H:%i'), '96038056716', '69632362443');
INSERT INTO randevu VALUES ('913525681', 'Muayene', STR_TO_DATE('04/02/2023 12:00', '%d/%m/%Y %H:%i'), '52277121319', '97380345583');
INSERT INTO randevu VALUES ('268446681', 'Ameliyat', STR_TO_DATE('02/10/2023 10:00', '%d/%m/%Y %H:%i'), '17413370883', '49160568900');
INSERT INTO randevu VALUES ('301668788', 'Kontrol', STR_TO_DATE('24/05/2023 13:00', '%d/%m/%Y %H:%i'), '88186364924', '63048523032');
INSERT INTO randevu VALUES ('123688459', 'Muayene', STR_TO_DATE('28/08/2022 12:00', '%d/%m/%Y %H:%i'), '70628026464', '88443000868');
INSERT INTO randevu VALUES ('611977741', 'Muayene', STR_TO_DATE('13/10/2022 14:00', '%d/%m/%Y %H:%i'), '38795613880', '77380887850');
INSERT INTO randevu VALUES ('511827533', 'Muayene', STR_TO_DATE('20/03/2023 13:00', '%d/%m/%Y %H:%i'), '56270251034', '71362438236');
INSERT INTO randevu VALUES ('615201706', 'Ameliyat', STR_TO_DATE('11/02/2023 11:00', '%d/%m/%Y %H:%i'), '24613271145', '42278838561');
INSERT INTO randevu VALUES ('684030373', 'Kontrol', STR_TO_DATE('03/03/2022 12:00', '%d/%m/%Y %H:%i'), '61508338872', '96118076999');
INSERT INTO randevu VALUES ('979379238', 'Ameliyat', STR_TO_DATE('01/08/2022 15:00', '%d/%m/%Y %H:%i'), '28736442829', '92504369288');
INSERT INTO randevu VALUES ('363678957', 'Muayene', STR_TO_DATE('01/10/2023 11:00', '%d/%m/%Y %H:%i'), '42828458631', '47937625554');
INSERT INTO randevu VALUES ('444703698', 'Ameliyat', STR_TO_DATE('29/04/2023 14:00', '%d/%m/%Y %H:%i'), '17413370883', '27052867604');
INSERT INTO randevu VALUES ('689465887', 'Ameliyat', STR_TO_DATE('14/05/2023 14:00', '%d/%m/%Y %H:%i'), '38795613880', '39489634444');
INSERT INTO randevu VALUES ('947184479', 'Kontrol', STR_TO_DATE('27/01/2023 14:00', '%d/%m/%Y %H:%i'), '41610607115', '69752373730');
INSERT INTO randevu VALUES ('995676742', 'Ameliyat', STR_TO_DATE('25/03/2022 10:00', '%d/%m/%Y %H:%i'), '28736442829', '47579563705');
INSERT INTO randevu VALUES ('533230117', 'Ameliyat', STR_TO_DATE('12/03/2022 14:00', '%d/%m/%Y %H:%i'), '24613271145', '23602768050');
INSERT INTO randevu VALUES ('821518375', 'Kontrol', STR_TO_DATE('20/01/2023 15:00', '%d/%m/%Y %H:%i'), '93891544998', '80912919940');
INSERT INTO randevu VALUES ('406155152', 'Muayene', STR_TO_DATE('16/12/2022 14:00', '%d/%m/%Y %H:%i'), '52277121319', '54002787899');
INSERT INTO randevu VALUES ('406578135', 'Kontrol', STR_TO_DATE('16/10/2022 08:00', '%d/%m/%Y %H:%i'), '52277121319', '66757232935');
INSERT INTO randevu VALUES ('124781527', 'Ameliyat', STR_TO_DATE('22/01/2022 14:00', '%d/%m/%Y %H:%i'), '93891544998', '15608022251');
INSERT INTO randevu VALUES ('623426531', 'Muayene', STR_TO_DATE('28/05/2023 12:00', '%d/%m/%Y %H:%i'), '42828458631', '13797239967');
INSERT INTO randevu VALUES ('714024780', 'Ameliyat', STR_TO_DATE('06/10/2023 11:00', '%d/%m/%Y %H:%i'), '17413370883', '77619063204');
INSERT INTO randevu VALUES ('703920294', 'Muayene', STR_TO_DATE('25/12/2023 10:00', '%d/%m/%Y %H:%i'), '34999329190', '59133335556');
INSERT INTO randevu VALUES ('773584917', 'Kontrol', STR_TO_DATE('11/01/2022 11:00', '%d/%m/%Y %H:%i'), '74624082172', '84138970906');
INSERT INTO randevu VALUES ('844973369', 'Ameliyat', STR_TO_DATE('07/07/2023 11:00', '%d/%m/%Y %H:%i'), '74624082172', '51656009409');
INSERT INTO randevu VALUES ('667208316', 'Kontrol', STR_TO_DATE('13/09/2022 13:00', '%d/%m/%Y %H:%i'), '61231886113', '32230803078');
INSERT INTO randevu VALUES ('205110922', 'Muayene', STR_TO_DATE('26/06/2022 09:00', '%d/%m/%Y %H:%i'), '32908805898', '66831815907');
INSERT INTO randevu VALUES ('350654480', 'Ameliyat', STR_TO_DATE('17/03/2023 10:00', '%d/%m/%Y %H:%i'), '45975768364', '49160568900');
INSERT INTO randevu VALUES ('129627575', 'Muayene', STR_TO_DATE('18/01/2022 08:00', '%d/%m/%Y %H:%i'), '74624082172', '16878950234');
INSERT INTO randevu VALUES ('752035681', 'Muayene', STR_TO_DATE('01/11/2023 11:00', '%d/%m/%Y %H:%i'), '34999329190', '28793978576');
INSERT INTO randevu VALUES ('464677641', 'Kontrol', STR_TO_DATE('14/08/2022 10:00', '%d/%m/%Y %H:%i'), '32908805898', '48620174571');
INSERT INTO randevu VALUES ('741319560', 'Kontrol', STR_TO_DATE('19/01/2023 15:00', '%d/%m/%Y %H:%i'), '61508338872', '49786725996');
INSERT INTO randevu VALUES ('739434483', 'Kontrol', STR_TO_DATE('15/01/2023 12:00', '%d/%m/%Y %H:%i'), '28736442829', '65116066704');
INSERT INTO randevu VALUES ('720488640', 'Muayene', STR_TO_DATE('16/11/2023 11:00', '%d/%m/%Y %H:%i'), '42828458631', '13663571658');
INSERT INTO randevu VALUES ('922850260', 'Ameliyat', STR_TO_DATE('14/12/2022 08:00', '%d/%m/%Y %H:%i'), '74178125087', '69731002817');
INSERT INTO randevu VALUES ('465819423', 'Kontrol', STR_TO_DATE('05/08/2023 14:00', '%d/%m/%Y %H:%i'), '88186364924', '96192266969');
INSERT INTO randevu VALUES ('382676047', 'Muayene', STR_TO_DATE('01/07/2022 14:00', '%d/%m/%Y %H:%i'), '61231886113', '38957930454');
INSERT INTO randevu VALUES ('899403224', 'Muayene', STR_TO_DATE('13/07/2022 12:00', '%d/%m/%Y %H:%i'), '32908805898', '50576787158');
INSERT INTO randevu VALUES ('687090476', 'Muayene', STR_TO_DATE('01/08/2023 10:00', '%d/%m/%Y %H:%i'), '74624082172', '21707875153');
INSERT INTO randevu VALUES ('542788062', 'Muayene', STR_TO_DATE('10/04/2023 15:00', '%d/%m/%Y %H:%i'), '74624082172', '98461682753');
INSERT INTO randevu VALUES ('207581521', 'Ameliyat', STR_TO_DATE('03/01/2022 15:00', '%d/%m/%Y %H:%i'), '61231886113', '63168849087');
INSERT INTO ilac VALUES ('Lyrica', 'Agizdan alinir (Tablet)');
INSERT INTO ilac VALUES ('Kevzara', 'Agizdan alinir (surup)');
INSERT INTO ilac VALUES ('Hydroxychloroquine', 'Deriye surulur (Losyon)');
INSERT INTO ilac VALUES ('Cephalexin', 'Damar yoluyla (Igne)');
INSERT INTO ilac VALUES ('Lexapro', 'Agizdan alinir (Kapsul)');
INSERT INTO ilac VALUES ('Invokana', 'Agizdan alinir (Kapsul)');
INSERT INTO ilac VALUES ('Farxiga', 'Damar yoluyla (Igne)');
INSERT INTO ilac VALUES ('Clindamycin', 'Agizdan alinir (Sivi)');
INSERT INTO ilac VALUES ('Melatonin', 'Agizdan alinir (Kapsul)');
INSERT INTO ilac VALUES ('Azithromycin', 'Deriye surulur (Losyon)');
INSERT INTO ilac VALUES ('Naltrexone', 'Agizdan alinir (Tablet)');
INSERT INTO ilac VALUES ('Methotrexate', 'Agizdan alinir (Tablet)');
INSERT INTO ilac VALUES ('Amoxicillin', 'Damar yoluyla (Igne)');
INSERT INTO ilac VALUES ('Metoprolol', 'Agizdan alinir (Kapsul)');
INSERT INTO ilac VALUES ('Lisinopril', 'Damar yoluyla (Igne)');
INSERT INTO ilac VALUES ('Imbruvica', 'Damar yoluyla (Igne)');
INSERT INTO ilac VALUES ('Ozempic', 'Damar yoluyla (Igne)');
INSERT INTO ilac VALUES ('Zubsolv', 'Deriye surulur (Losyon)');
INSERT INTO ilac VALUES ('Brilinta', 'Agizdan alinir (Sivi)');
INSERT INTO ilac VALUES ('Januvia', 'Agizdan alinir (Sivi)');
INSERT INTO rapor VALUES ('84993909','445174676','048:00:00','Rapor verildi.','Ilac raporu');
INSERT INTO rapor VALUES ('79065210','308343990','312:00:00','Rapor verildi.','Ehliyet raporu');
INSERT INTO rapor VALUES ('18941908','911887805','024:00:00','Rapor verildi.','Ilac raporu');
INSERT INTO rapor VALUES ('79137951','534595973','168:00:00','Rapor verildi.','Evlilik raporu');
INSERT INTO rapor VALUES ('85982001','445174676','048:00:00','Rapor verildi.','Ehliyet raporu');
INSERT INTO rapor VALUES ('28053275','225799263','312:00:00','Rapor verildi.','Ise giris raporu');
INSERT INTO rapor VALUES ('65251948','739434483','096:00:00','Rapor verildi.','Ise giris raporu');
INSERT INTO rapor VALUES ('68958973','932246334','096:00:00','Rapor verildi.','Ilac raporu');
INSERT INTO rapor VALUES ('21217641','668803418','048:00:00','Rapor verildi.','Is raporu');
INSERT INTO rapor VALUES ('83280693','531416256','240:00:00','Rapor verildi.','Ise giris raporu');
INSERT INTO rapor VALUES ('96688318','218424443','024:00:00','Rapor verildi.','Is raporu');
INSERT INTO rapor VALUES ('14072944','680763307','096:00:00','Rapor verildi.','Ilac raporu');
INSERT INTO rapor VALUES ('12529143','566235840','072:00:00','Rapor verildi.','Ilac raporu');
INSERT INTO rapor VALUES ('68890831','576593604','240:00:00','Rapor verildi.','Evlilik raporu');
INSERT INTO rapor VALUES ('16541017','537025890','240:00:00','Rapor verildi.','Evlilik raporu');
INSERT INTO rapor VALUES ('43753466','510807155','288:00:00','Rapor verildi.','Ise giris raporu');
INSERT INTO rapor VALUES ('89845955','445174676','216:00:00','Rapor verildi.','Is raporu');
INSERT INTO rapor VALUES ('54800287','791225864','264:00:00','Rapor verildi.','Evlilik raporu');
INSERT INTO rapor VALUES ('98119141','767758931','120:00:00','Rapor verildi.','Ise giris raporu');
INSERT INTO rapor VALUES ('44328863','183926939','168:00:00','Rapor verildi.','Evlilik raporu');
INSERT INTO rapor VALUES ('27192457','643548654','288:00:00','Rapor verildi.','Is raporu');
INSERT INTO rapor VALUES ('30318659','158921195','192:00:00','Rapor verildi.','Is raporu');
INSERT INTO rapor VALUES ('53440882','745250376','192:00:00','Rapor verildi.','Evlilik raporu');
INSERT INTO rapor VALUES ('21398962','741319560','144:00:00','Rapor verildi.','Evlilik raporu');
INSERT INTO rapor VALUES ('86029711','283109854','264:00:00','Rapor verildi.','Evlilik raporu');
INSERT INTO rapor VALUES ('39517503','627840918','312:00:00','Rapor verildi.','Is raporu');
INSERT INTO rapor VALUES ('54094328','295785796','048:00:00','Rapor verildi.','Ehliyet raporu');
INSERT INTO rapor VALUES ('61385364','752411571','048:00:00','Rapor verildi.','Ise giris raporu');
INSERT INTO rapor VALUES ('89754171','540831854','192:00:00','Rapor verildi.','Evlilik raporu');
INSERT INTO rapor VALUES ('70259788','812732618','288:00:00','Rapor verildi.','Is raporu');
INSERT INTO rapor VALUES ('42390721','993061298','096:00:00','Rapor verildi.','Evlilik raporu');
INSERT INTO rapor VALUES ('53040543','668028671','120:00:00','Rapor verildi.','Ehliyet raporu');
INSERT INTO rapor VALUES ('51237439','207678546','024:00:00','Rapor verildi.','Ehliyet raporu');
INSERT INTO rapor VALUES ('78406045','570082859','048:00:00','Rapor verildi.','Evlilik raporu');
INSERT INTO rapor VALUES ('57013589','101393054','024:00:00','Rapor verildi.','Ehliyet raporu');
INSERT INTO rapor VALUES ('93450303','635442234','096:00:00','Rapor verildi.','Is raporu');
INSERT INTO rapor VALUES ('51686044','913525681','024:00:00','Rapor verildi.','Ehliyet raporu');
INSERT INTO rapor VALUES ('38711790','713487013','264:00:00','Rapor verildi.','Is raporu');
INSERT INTO rapor VALUES ('33608360','327353251','240:00:00','Rapor verildi.','Is raporu');
INSERT INTO rapor VALUES ('27732179','419923748','240:00:00','Rapor verildi.','Evlilik raporu');
INSERT INTO hastalik VALUES ('28584019', '906130726', 'Prostat kanseri', 'Bas Donmesi', 'Akciger Hastaligi');
INSERT INTO hastalik VALUES ('73655010', '611530488', 'Felc', 'Burun Tikanikligi', 'Eklem Hastaligi');
INSERT INTO hastalik VALUES ('11211822', '609863108', 'Kalbin hizli atmasi', 'Burun Tikanikligi', 'Bagirsak Hastaligi');
INSERT INTO hastalik VALUES ('16059622', '524410310', 'Ari sokmasi', 'Yorgunluk', 'Burun Hastaligi');
INSERT INTO hastalik VALUES ('35417221', '914017650', 'Diyabet', 'Bas Agrisi', 'Cilt Hastaligi');
INSERT INTO hastalik VALUES ('82508189', '738908822', 'Zollinger Ellison Sendromu', 'Bogaz Gicikligi', 'Karaciger Hastaligi');
INSERT INTO hastalik VALUES ('87543799', '262566480', 'Zollinger Ellison Sendromu', 'Kasinti', 'Goz Hastaligi');
INSERT INTO hastalik VALUES ('67505020', '975674274', 'Panik atak', 'Eklem Agrisi', 'Burun Hastaligi');
INSERT INTO hastalik VALUES ('81988775', '617129179', 'Bel gevsekligi', 'Kulak Cinlamasi', 'Eklem Hastaligi');
INSERT INTO hastalik VALUES ('94274060', '905516825', 'Kiriklar', 'Bas Agrisi', 'Burun Hastaligi');
INSERT INTO hastalik VALUES ('38020836', '896272864', 'Ates', 'Bogaz Gicikligi', 'Cilt Hastaligi');
INSERT INTO hastalik VALUES ('80628069', '999340394', 'Idrar tutuklugu', 'Yorgunluk', 'Eklem Hastaligi');
INSERT INTO hastalik VALUES ('92501303', '327353251', 'Kanser', 'Kulak Cinlamasi', 'Goz Hastaligi');
INSERT INTO hastalik VALUES ('51057523', '805803221', 'Kloroz', 'Burun Tikanikligi', 'Cilt Hastaligi');
INSERT INTO hastalik VALUES ('97038116', '752411571', 'Safra taslari', 'Bogaz Gicikligi', 'Cilt Hastaligi');
INSERT INTO hastalik VALUES ('34165368', '659818514', 'Bogaz agrisi', 'Bogaz Gicikligi', 'Sac Hastaligi');
INSERT INTO hastalik VALUES ('17551822', '428739930', 'Prostat iltihabi', 'Kulak Cinlamasi', 'Akciger Hastaligi');
INSERT INTO hastalik VALUES ('66130475', '527552180', 'Ayak terlemesi', 'Yanma Hissi', 'Kalp Hastaligi');
INSERT INTO hastalik VALUES ('81694321', '791135908', 'Frengi', 'Bas Agrisi', 'Bagirsak Hastaligi');
INSERT INTO hastalik VALUES ('32932775', '684030373', 'Kanda kolestrol', 'Bas Agrisi', 'Kalp Hastaligi');
INSERT INTO tahlil VALUES('67782286', '970112529', './loading.gif', 'Tahlil sonucunda gerekli recete verilmistir.', 'Mikroskopi Tahlili');
INSERT INTO tahlil VALUES('67779957', '447898346', './loading.gif', 'Tahlil sonucunda gerekli recete verilmistir.', 'Kan Tahlili');
INSERT INTO tahlil VALUES('69568056', '167282113', './loading.gif', 'Tahlil sonucunda gerekli recete verilmistir.', 'Mikroskopi Tahlili');
INSERT INTO tahlil VALUES('74234873', '176746606', './loading.gif', 'Tahlil sonucunda gerekli recete verilmistir.', 'Radyolojik Tahlili');
INSERT INTO tahlil VALUES('90385205', '746703826', './loading.gif', 'Tahlil sonucunda gerekli recete verilmistir.', 'Mikroskopi Tahlili');
INSERT INTO tahlil VALUES('71941830', '463680831', './loading.gif', 'Tahlil sonucunda gerekli recete verilmistir.', 'Kan Tahlili');
INSERT INTO tahlil VALUES('73541689', '389002973', './loading.gif', 'Tahlil sonucunda gerekli recete verilmistir.', 'Mikroskopi Tahlili');
INSERT INTO tahlil VALUES('12577226', '918363326', './loading.gif', 'Tahlil sonucunda gerekli recete verilmistir.', 'Mikroskopi Tahlili');
INSERT INTO tahlil VALUES('10979365', '295085515', './loading.gif', 'Tahlil sonucunda gerekli recete verilmistir.', 'Radyolojik Tahlili');
INSERT INTO tahlil VALUES('38925662', '763886707', './loading.gif', 'Tahlil sonucunda gerekli recete verilmistir.', 'Idrar Tahlili');
INSERT INTO recete VALUES ('54922859', '837350818', 'Cephalexin', 'Boyuna Surulecek', 'Kirmizi', 'Gunde 2', '2 Kez');
INSERT INTO recete VALUES ('67288002', '415836814', 'Farxiga', 'Yuze Surulecek', 'Kirmizi', 'Gunde 3', '4 Kez');
INSERT INTO recete VALUES ('31417084', '689406035', 'Naltrexone', 'Goze Sikilacak', 'Mor', 'Gunde 2', '2 Kez');
INSERT INTO recete VALUES ('59810276', '681300915', 'Azithromycin', 'Goze Sikilacak', 'Mor', 'Gunde 2', '1 Kez');
INSERT INTO recete VALUES ('31360776', '752927909', 'Azithromycin', 'Buruna Sikilacak', 'Kirmizi', 'Gunde 2', '1 Kez');
INSERT INTO recete VALUES ('91189511', '355259564', 'Methotrexate', 'Kola Surulecek', 'Yesil', 'Gunde 1', '4 Kez');
INSERT INTO recete VALUES ('33767009', '286512876', 'Brilinta', 'Yuze Surulecek', 'Kirmizi', 'Gunde 1', '2 Kez');
INSERT INTO recete VALUES ('13959184', '800131464', 'Brilinta', 'Igneyle Alinacak', 'Kirmizi', 'Gunde 3', '4 Kez');
INSERT INTO recete VALUES ('85599130', '586347278', 'Imbruvica', 'Dize Surulecek', 'Mor', 'Gunde 1', '4 Kez');
INSERT INTO recete VALUES ('21343752', '971268105', 'Lisinopril', 'Kola Surulecek', 'Yesil', 'Gunde 1', '3 Kez');
