INSERT INTO hasta VALUES ('23278473281', 'Ilksen', 'Kunter', 'A Rh-', 'E', 166, 90, STR_TO_DATE('07/02/1997', '%d/%m/%Y'));
INSERT INTO hasta VALUES ('59966867825', 'Cagatay', 'Ayverdi', 'B Rh-', 'E', 187, 54, STR_TO_DATE('01/04/1953', '%d/%m/%Y'));
INSERT INTO hasta VALUES ('35460074535', 'Gongor', 'Ayverdi', 'B Rh+', 'E', 184, 69, STR_TO_DATE('12/02/1975', '%d/%m/%Y'));
INSERT INTO hasta VALUES ('98771149275', 'Kiymet', 'Kunter', 'A Rh-', 'E', 175, 58, STR_TO_DATE('28/04/1959', '%d/%m/%Y'));
INSERT INTO hasta VALUES ('75042017032', 'Hafid', 'Ayverdi', 'AB Rh-', 'E', 197, 71, STR_TO_DATE('01/04/1993', '%d/%m/%Y'));
INSERT INTO hasta VALUES ('56656161799', 'Aykal', 'Oraloglu', 'B Rh+', 'E', 178, 89, STR_TO_DATE('17/01/1973', '%d/%m/%Y'));
INSERT INTO hasta VALUES ('59874762979', 'Keles', 'Tunceri', 'AB Rh-', 'E', 163, 102, STR_TO_DATE('15/09/1931', '%d/%m/%Y'));
INSERT INTO hasta VALUES ('20216142009', 'Sadullah', 'Kunter', 'AB Rh-', 'E', 177, 65, STR_TO_DATE('15/11/1940', '%d/%m/%Y'));
INSERT INTO hasta VALUES ('39454506994', 'Berkay', 'Kucukler', 'A Rh+', 'E', 179, 50, STR_TO_DATE('05/04/1983', '%d/%m/%Y'));
INSERT INTO hasta VALUES ('77020872361', 'Nazli', 'Kunter', 'AB Rh+', 'K', 187, 50, STR_TO_DATE('08/10/1991', '%d/%m/%Y'));
INSERT INTO hasta VALUES ('39096518486', 'Altin', 'Tunceri', 'A Rh-', 'K', 178, 96, STR_TO_DATE('02/09/1987', '%d/%m/%Y'));
INSERT INTO hasta VALUES ('74181689979', 'Turkay', 'Tunceri', 'B Rh+', 'K', 166, 60, STR_TO_DATE('04/10/1956', '%d/%m/%Y'));
INSERT INTO hasta VALUES ('25548628199', 'Edhem', 'Kocoglu', 'AB Rh+', 'K', 191, 87, STR_TO_DATE('21/10/1996', '%d/%m/%Y'));
INSERT INTO hasta VALUES ('36198692885', 'Sergen', 'Kocoglu', 'AB Rh+', 'K', 181, 84, STR_TO_DATE('28/05/1916', '%d/%m/%Y'));
INSERT INTO hasta VALUES ('24537614393', 'Furuzan', 'Kunter', 'AB Rh+', 'E', 185, 57, STR_TO_DATE('14/06/1950', '%d/%m/%Y'));
INSERT INTO hasta VALUES ('87033810894', 'Ilker', 'Kunter', 'B Rh-', 'E', 155, 94, STR_TO_DATE('16/03/1951', '%d/%m/%Y'));
INSERT INTO hasta VALUES ('87288410127', 'Hilmi', 'Ayverdi', 'A Rh-', 'E', 169, 73, STR_TO_DATE('01/06/1998', '%d/%m/%Y'));
INSERT INTO hasta VALUES ('75522760328', 'Rahime', 'Kucukler', 'AB Rh-', 'E', 181, 107, STR_TO_DATE('02/12/1960', '%d/%m/%Y'));
INSERT INTO hasta VALUES ('28691660462', 'Siir', 'Tunceri', 'A Rh-', 'K', 181, 79, STR_TO_DATE('22/07/1961', '%d/%m/%Y'));
INSERT INTO hasta VALUES ('74491980231', 'Feda', 'Kucukler', 'B Rh+', 'E', 170, 69, STR_TO_DATE('11/05/1943', '%d/%m/%Y'));
INSERT INTO hasta VALUES ('59506783490', 'Cuneyt', 'Ayverdi', 'AB Rh+', 'E', 195, 108, STR_TO_DATE('22/07/1940', '%d/%m/%Y'));
INSERT INTO hasta VALUES ('38896976412', 'Seyma', 'Kunter', 'AB Rh-', 'E', 157, 61, STR_TO_DATE('08/07/1975', '%d/%m/%Y'));
INSERT INTO hasta VALUES ('16139716902', 'Nizamettin', 'Ayverdi', 'AB Rh-', 'E', 196, 58, STR_TO_DATE('17/07/1921', '%d/%m/%Y'));
INSERT INTO hasta VALUES ('81783942628', 'Melda', 'Kocoglu', 'B Rh-', 'E', 187, 83, STR_TO_DATE('06/11/1923', '%d/%m/%Y'));
INSERT INTO hasta VALUES ('95614049339', 'Nursel', 'Kucukler', 'A Rh+', 'E', 168, 91, STR_TO_DATE('13/12/1917', '%d/%m/%Y'));
INSERT INTO hasta VALUES ('82872175637', 'Doganer', 'Oraloglu', 'AB Rh+', 'E', 178, 82, STR_TO_DATE('29/07/1971', '%d/%m/%Y'));
INSERT INTO hasta VALUES ('43939957670', 'Isil', 'Kocoglu', 'A Rh+', 'E', 159, 100, STR_TO_DATE('25/01/1954', '%d/%m/%Y'));
INSERT INTO hasta VALUES ('38526466845', 'Derin', 'Kucukler', 'AB Rh-', 'E', 160, 99, STR_TO_DATE('01/08/1959', '%d/%m/%Y'));
INSERT INTO hasta VALUES ('80917645063', 'Vesile', 'Kunter', 'A Rh+', 'E', 168, 63, STR_TO_DATE('11/09/1998', '%d/%m/%Y'));
INSERT INTO hasta VALUES ('12886854399', 'Baha', 'Kocoglu', 'B Rh+', 'E', 167, 80, STR_TO_DATE('22/02/1963', '%d/%m/%Y'));
INSERT INTO hasta VALUES ('98709559009', 'Ulku', 'Tunceri', 'A Rh+', 'E', 158, 52, STR_TO_DATE('21/08/1965', '%d/%m/%Y'));
INSERT INTO hasta VALUES ('37654345115', 'Sabri', 'Kunter', 'A Rh-', 'K', 165, 65, STR_TO_DATE('28/04/1952', '%d/%m/%Y'));
INSERT INTO hasta VALUES ('85054922658', 'Latife', 'Oraloglu', 'A Rh-', 'K', 196, 63, STR_TO_DATE('29/09/1978', '%d/%m/%Y'));
INSERT INTO hasta VALUES ('75876827247', 'Dilara', 'Kucukler', 'B Rh-', 'K', 182, 66, STR_TO_DATE('07/03/2009', '%d/%m/%Y'));
INSERT INTO hasta VALUES ('48830973237', 'Afitap', 'Tunceri', 'A Rh+', 'K', 184, 85, STR_TO_DATE('10/05/1947', '%d/%m/%Y'));
INSERT INTO hasta VALUES ('13707506410', 'Latife', 'Kocoglu', 'B Rh-', 'K', 171, 80, STR_TO_DATE('23/06/2007', '%d/%m/%Y'));
INSERT INTO hasta VALUES ('91060603031', 'Giray', 'Oraloglu', 'A Rh-', 'E', 162, 77, STR_TO_DATE('08/02/1999', '%d/%m/%Y'));
INSERT INTO hasta VALUES ('78860964170', 'Funda', 'Kocoglu', 'AB Rh-', 'K', 166, 73, STR_TO_DATE('08/01/1968', '%d/%m/%Y'));
INSERT INTO hasta VALUES ('53432892466', 'Salih', 'Kucukler', 'A Rh-', 'K', 169, 107, STR_TO_DATE('17/06/1977', '%d/%m/%Y'));
INSERT INTO hasta VALUES ('15684977102', 'Dincer', 'Kocoglu', 'B Rh+', 'K', 197, 98, STR_TO_DATE('17/09/1952', '%d/%m/%Y'));
INSERT INTO hastane VALUES ('Medicana Ankara', '08504603521', 'Ankara', 'Cankaya', 'Sogutozu, 2176. Sk. No: 3, 06510 Cankaya/Ankara');
INSERT INTO hastane VALUES ('TOBB ETU Hastanesi', '03127472689', 'Ankara', 'Yenimahalle', 'Bestepe, Yasam Cd. No:5, 06560 Yenimahalle/Ankara');
INSERT INTO hastane VALUES ('Bestepe Devlet Hastanesi', '03126483587', 'Ankara', 'Cankaya', 'Bestepe, Bestepeler Mh, Alparslan Turkes Cd. No:57, 06560 Cankaya/Ankara');
INSERT INTO hastane VALUES ('Acibadem Bursa', '03129749724', 'Bursa', 'Nilufer', 'Fatih Sultan Mehmet Bulvari, Sumer Sk. No:1, 16110 Nilufer/Bursa');
INSERT INTO hastane VALUES ('Ozel Doruk Bursa Hastanesi', '03126547612', 'Bursa', 'Osmangazi', 'Dikkaldirim Mah Cekirge Zubeydehanim Cad. No:5, 16080 Osmangazi/Bursa');
INSERT INTO doktor VALUES ('87872381484', 'Guher', 'Kucukler', 'Balikesir Universitesi Tip Fakultesi', 'Op.', 'Uroloji', 'Ozel Doruk Bursa Hastanesi');
INSERT INTO doktor VALUES ('24734367219', 'Emrullah', 'Oraloglu', 'Hacettepe Universitesi Tip Fakultesi', 'Doc.', 'Acil Tip', 'Medicana Ankara');
INSERT INTO doktor VALUES ('94008397426', 'Yeliz', 'Ayverdi', 'Kirikkale Universitesi Tip Fakultesi', 'Prt.', 'Fiziksel Tip ve Rehabilitasyon', 'Medicana Ankara');
INSERT INTO doktor VALUES ('14567755480', 'Guher', 'Tunceri', 'Trakya Universitesi Tip Fakultesi', 'Op.', 'Anatomi', 'Bestepe Devlet Hastanesi');
INSERT INTO doktor VALUES ('64097659077', 'Ziyad', 'Kocoglu', 'Akdeniz Universitesi Tip Fakultesi', 'Yrd. Doc.', 'Immunoloji', 'Acibadem Bursa');
INSERT INTO doktor VALUES ('37816006144', 'Ilgin', 'Oraloglu', 'Ataturk Universitesi Tip Fakultesi', 'Op.', 'Anatomi', 'Bestepe Devlet Hastanesi');
INSERT INTO doktor VALUES ('54868427646', 'Firdevs', 'Kunter', 'Hacettepe Universitesi Tip Fakultesi', 'Uzm.', 'Anatomi', 'Ozel Doruk Bursa Hastanesi');
INSERT INTO doktor VALUES ('78799628796', 'Oktay', 'Kucukler', 'Trakya Universitesi Tip Fakultesi', 'Doc.', 'Tibbi Mikrobiyoloji', 'Acibadem Bursa');
INSERT INTO doktor VALUES ('18148906713', 'Cigil', 'Tunceri', 'Ataturk Universitesi Tip Fakultesi', 'Yrd. Doc.', 'Halk Sagligi', 'TOBB ETU Hastanesi');
INSERT INTO doktor VALUES ('89887678720', 'Fikriye', 'Kunter', 'Gaziantep Universitesi Tip Fakultesi', 'Op.', 'Tibbi Mikrobiyoloji', 'Ozel Doruk Bursa Hastanesi');
INSERT INTO doktor VALUES ('38079511732', 'Amara', 'Kocoglu', 'Sakarya Universitesi Tip Fakultesi', 'Doc.', 'Fiziksel Tip ve Rehabilitasyon', 'TOBB ETU Hastanesi');
INSERT INTO doktor VALUES ('40266954390', 'Salih', 'Ayverdi', 'Mersin Universitesi Tip Fakultesi', 'Op.', 'Dermatoloji', 'Bestepe Devlet Hastanesi');
INSERT INTO doktor VALUES ('36129902805', 'Sâkip', 'Kunter', 'Ataturk Universitesi Tip Fakultesi', 'Yrd. Doc.', 'Radyoloji', 'Ozel Doruk Bursa Hastanesi');
INSERT INTO doktor VALUES ('48148058281', 'Nisa', 'Oraloglu', 'Harran Universitesi Tip Fakultesi', 'Prt.', 'Histoloji ve Embriyoloji', 'Medicana Ankara');
INSERT INTO doktor VALUES ('13312667207', 'Ezrak', 'Ayverdi', 'Adiyaman Universitesi Tip Fakultesi', 'Uzm.', 'Ortopedi ve Travmatoloji', 'Ozel Doruk Bursa Hastanesi');
INSERT INTO doktor VALUES ('83128311514', 'Ismet', 'Oraloglu', 'Duzce Universitesi Tip Fakultesi', 'Prt.', 'Kardiyoloji', 'Ozel Doruk Bursa Hastanesi');
INSERT INTO doktor VALUES ('13409791543', 'Seren', 'Kocoglu', 'Dicle Universitesi Tip Fakultesi', 'Prt.', 'Adli Tip', 'Bestepe Devlet Hastanesi');
INSERT INTO doktor VALUES ('25672225802', 'Irfan', 'Tunceri', 'Sakarya Universitesi Tip Fakultesi', 'Doc.', 'Cocuk Cerrahisi', 'Bestepe Devlet Hastanesi');
INSERT INTO doktor VALUES ('80530688652', 'Cagri', 'Kucukler', 'Siirt Universitesi Tip Fakultesi', 'Prof.', 'Acil Tip', 'TOBB ETU Hastanesi');
INSERT INTO doktor VALUES ('18104290556', 'Kadir', 'Kocoglu', 'Siirt Universitesi Tip Fakultesi', 'Uzm.', 'Tip Egitimi', 'Ozel Doruk Bursa Hastanesi');
INSERT INTO doktor VALUES ('68062506641', 'Zihnî', 'Ayverdi', 'Gaziantep Universitesi Tip Fakultesi', 'Op.', 'Kulak Burun Bogaz', 'Bestepe Devlet Hastanesi');
INSERT INTO doktor VALUES ('27578292843', 'Ilayda', 'Tunceri', 'Balikesir Universitesi Tip Fakultesi', 'Prt.', 'Histoloji ve Embriyoloji', 'Ozel Doruk Bursa Hastanesi');
INSERT INTO doktor VALUES ('21220947582', 'Hâtem', 'Kunter', 'Bursa Uludag Universitesi Tip Fakultesi', 'Doc.', 'Uroloji', 'Medicana Ankara');
INSERT INTO doktor VALUES ('92039539132', 'Talay', 'Kunter', 'Kirklareli Universitesi Tip Fakultesi', 'Yrd. Doc.', 'Gogus Hastaliklari', 'TOBB ETU Hastanesi');
INSERT INTO doktor VALUES ('42022243365', 'Yaprak', 'Tunceri', 'Kafkas Universitesi Tip Fakultesi', 'Prof.', 'Gogus Cerrahisi', 'TOBB ETU Hastanesi');
INSERT INTO doktor VALUES ('58982061579', 'Guven', 'Kocoglu', 'Dicle Universitesi Tip Fakultesi', 'Yrd. Doc.', 'Dermatoloji', 'Ozel Doruk Bursa Hastanesi');
INSERT INTO doktor VALUES ('16416302090', 'Rezzan', 'Kunter', 'Erciyes Universitesi Tip Fakultesi', 'Doc.', 'Tibbi Genetik', 'Medicana Ankara');
INSERT INTO doktor VALUES ('83398387733', 'Guher', 'Kucukler', 'Siirt Universitesi Tip Fakultesi', 'Prof.', 'Dermatoloji', 'Ozel Doruk Bursa Hastanesi');
INSERT INTO doktor VALUES ('87522944802', 'Hilmi', 'Kocoglu', 'Kirikkale Universitesi Tip Fakultesi', 'Doc.', 'Ic Hastaliklari', 'Bestepe Devlet Hastanesi');
INSERT INTO doktor VALUES ('26054445946', 'Huccet', 'Tunceri', 'Kafkas Universitesi Tip Fakultesi', 'Uzm.', 'Kalp ve Damar Cerrahisi', 'Acibadem Bursa');
INSERT INTO doktor VALUES ('34250163921', 'Atakan', 'Kocoglu', 'Sakarya Universitesi Tip Fakultesi', 'Uzm.', 'Tip Bilisimi', 'TOBB ETU Hastanesi');
INSERT INTO doktor VALUES ('20215892193', 'Kismet', 'Tunceri', 'Ordu Universitesi Tip Fakultesi', 'Uzm.', 'Radyoloji', 'Ozel Doruk Bursa Hastanesi');
INSERT INTO doktor VALUES ('77441087339', 'Nevra', 'Oraloglu', 'Ege Universitesi Tip Fakultesi', 'Doc.', 'Dermatoloji', 'Bestepe Devlet Hastanesi');
INSERT INTO doktor VALUES ('73484628750', 'Feramuz', 'Ayverdi', 'Hacettepe Universitesi Tip Fakultesi', 'Uzm.', 'Enfeksiyon Hastaliklari', 'TOBB ETU Hastanesi');
INSERT INTO doktor VALUES ('60825009816', 'Iffet', 'Tunceri', 'Kirklareli Universitesi Tip Fakultesi', 'Yrd. Doc.', 'Kalp ve Damar Cerrahisi', 'TOBB ETU Hastanesi');
INSERT INTO doktor VALUES ('42453172899', 'Kiraz', 'Kocoglu', 'Dokuz Eylul Universitesi Tip Fakultesi', 'Doc.', 'Gogus Cerrahisi', 'Bestepe Devlet Hastanesi');
INSERT INTO doktor VALUES ('51928030124', 'Yetkin', 'Kucukler', 'Selcuk Universitesi Tip Fakultesi', 'Yrd. Doc.', 'Nukleer Tip', 'Bestepe Devlet Hastanesi');
INSERT INTO doktor VALUES ('97971162178', 'Bagdagul', 'Kucukler', 'Aksaray Universitesi Tip Fakultesi', 'Uzm.', 'Fiziksel Tip ve Rehabilitasyon', 'Medicana Ankara');
INSERT INTO doktor VALUES ('87194280407', 'Seyfi', 'Kunter', 'Amasya Universitesi Tip Fakultesi', 'Uzm.', 'Psikiyatri', 'Bestepe Devlet Hastanesi');
INSERT INTO doktor VALUES ('92758142519', 'Gulgun', 'Ayverdi', 'Karabuk Universitesi Tip Fakultesi', 'Prt.', 'Biyofizik', 'Acibadem Bursa');
INSERT INTO randevu VALUES ('343828920', 'Muayene', STR_TO_DATE('02/08/2022 12:00', '%d/%m/%Y %H:%i'), '21220947582', '12886854399');
INSERT INTO randevu VALUES ('298924875', 'Kontrol', STR_TO_DATE('11/10/2022 13:00', '%d/%m/%Y %H:%i'), '37816006144', '87288410127');
INSERT INTO randevu VALUES ('996494670', 'Muayene', STR_TO_DATE('23/11/2022 08:00', '%d/%m/%Y %H:%i'), '26054445946', '56656161799');
INSERT INTO randevu VALUES ('519061742', 'Muayene', STR_TO_DATE('10/11/2022 13:00', '%d/%m/%Y %H:%i'), '58982061579', '75876827247');
INSERT INTO randevu VALUES ('941586651', 'Muayene', STR_TO_DATE('06/10/2022 15:00', '%d/%m/%Y %H:%i'), '24734367219', '75522760328');
INSERT INTO randevu VALUES ('882244155', 'Muayene', STR_TO_DATE('10/12/2022 15:00', '%d/%m/%Y %H:%i'), '24734367219', '95614049339');
INSERT INTO randevu VALUES ('167900880', 'Ameliyat', STR_TO_DATE('12/12/2022 09:00', '%d/%m/%Y %H:%i'), '26054445946', '59506783490');
INSERT INTO randevu VALUES ('371274652', 'Muayene', STR_TO_DATE('16/09/2022 09:00', '%d/%m/%Y %H:%i'), '18104290556', '75876827247');
INSERT INTO randevu VALUES ('747841316', 'Muayene', STR_TO_DATE('07/12/2022 11:00', '%d/%m/%Y %H:%i'), '18104290556', '20216142009');
INSERT INTO randevu VALUES ('268572691', 'Kontrol', STR_TO_DATE('17/09/2022 15:00', '%d/%m/%Y %H:%i'), '34250163921', '38526466845');
INSERT INTO randevu VALUES ('473911598', 'Ameliyat', STR_TO_DATE('05/07/2022 08:00', '%d/%m/%Y %H:%i'), '77441087339', '16139716902');
INSERT INTO randevu VALUES ('969340072', 'Muayene', STR_TO_DATE('21/12/2022 15:00', '%d/%m/%Y %H:%i'), '36129902805', '20216142009');
INSERT INTO randevu VALUES ('425476235', 'Ameliyat', STR_TO_DATE('21/09/2022 11:00', '%d/%m/%Y %H:%i'), '16416302090', '15684977102');
INSERT INTO randevu VALUES ('458231242', 'Ameliyat', STR_TO_DATE('05/08/2022 13:00', '%d/%m/%Y %H:%i'), '18104290556', '59966867825');
INSERT INTO randevu VALUES ('607199668', 'Ameliyat', STR_TO_DATE('11/07/2022 08:00', '%d/%m/%Y %H:%i'), '26054445946', '25548628199');
INSERT INTO randevu VALUES ('161666602', 'Ameliyat', STR_TO_DATE('10/07/2022 14:00', '%d/%m/%Y %H:%i'), '40266954390', '16139716902');
INSERT INTO randevu VALUES ('152166182', 'Kontrol', STR_TO_DATE('08/09/2022 11:00', '%d/%m/%Y %H:%i'), '87522944802', '75876827247');
INSERT INTO randevu VALUES ('510457994', 'Ameliyat', STR_TO_DATE('21/08/2022 12:00', '%d/%m/%Y %H:%i'), '16416302090', '75042017032');
INSERT INTO randevu VALUES ('348665983', 'Kontrol', STR_TO_DATE('08/08/2022 08:00', '%d/%m/%Y %H:%i'), '20215892193', '39454506994');
INSERT INTO randevu VALUES ('567804685', 'Kontrol', STR_TO_DATE('07/09/2022 08:00', '%d/%m/%Y %H:%i'), '94008397426', '12886854399');
INSERT INTO randevu VALUES ('569910830', 'Kontrol', STR_TO_DATE('01/08/2022 15:00', '%d/%m/%Y %H:%i'), '58982061579', '28691660462');
INSERT INTO randevu VALUES ('550168661', 'Ameliyat', STR_TO_DATE('08/07/2022 12:00', '%d/%m/%Y %H:%i'), '87522944802', '74181689979');
INSERT INTO randevu VALUES ('705459022', 'Muayene', STR_TO_DATE('20/07/2022 12:00', '%d/%m/%Y %H:%i'), '87872381484', '13707506410');
INSERT INTO randevu VALUES ('491266617', 'Ameliyat', STR_TO_DATE('10/07/2022 15:00', '%d/%m/%Y %H:%i'), '36129902805', '74181689979');
INSERT INTO randevu VALUES ('428036139', 'Muayene', STR_TO_DATE('02/10/2022 13:00', '%d/%m/%Y %H:%i'), '97971162178', '38526466845');
INSERT INTO randevu VALUES ('928877076', 'Muayene', STR_TO_DATE('06/12/2022 11:00', '%d/%m/%Y %H:%i'), '73484628750', '35460074535');
INSERT INTO randevu VALUES ('357490837', 'Kontrol', STR_TO_DATE('20/11/2022 08:00', '%d/%m/%Y %H:%i'), '83398387733', '59506783490');
INSERT INTO randevu VALUES ('123190207', 'Muayene', STR_TO_DATE('13/07/2022 15:00', '%d/%m/%Y %H:%i'), '87194280407', '20216142009');
INSERT INTO randevu VALUES ('255332325', 'Ameliyat', STR_TO_DATE('22/11/2022 09:00', '%d/%m/%Y %H:%i'), '87194280407', '74491980231');
INSERT INTO randevu VALUES ('487375538', 'Ameliyat', STR_TO_DATE('13/10/2022 12:00', '%d/%m/%Y %H:%i'), '42453172899', '53432892466');
INSERT INTO randevu VALUES ('801766774', 'Ameliyat', STR_TO_DATE('11/10/2022 13:00', '%d/%m/%Y %H:%i'), '60825009816', '24537614393');
INSERT INTO randevu VALUES ('157627293', 'Muayene', STR_TO_DATE('14/08/2022 11:00', '%d/%m/%Y %H:%i'), '87194280407', '59506783490');
INSERT INTO randevu VALUES ('196661120', 'Kontrol', STR_TO_DATE('17/09/2022 09:00', '%d/%m/%Y %H:%i'), '58982061579', '36198692885');
INSERT INTO randevu VALUES ('842678997', 'Muayene', STR_TO_DATE('05/07/2022 09:00', '%d/%m/%Y %H:%i'), '92039539132', '82872175637');
INSERT INTO randevu VALUES ('509730558', 'Kontrol', STR_TO_DATE('19/10/2022 15:00', '%d/%m/%Y %H:%i'), '58982061579', '74491980231');
INSERT INTO randevu VALUES ('177195081', 'Muayene', STR_TO_DATE('11/09/2022 08:00', '%d/%m/%Y %H:%i'), '77441087339', '59966867825');
INSERT INTO randevu VALUES ('484803114', 'Ameliyat', STR_TO_DATE('06/12/2022 08:00', '%d/%m/%Y %H:%i'), '92039539132', '74181689979');
INSERT INTO randevu VALUES ('576191008', 'Kontrol', STR_TO_DATE('14/08/2022 12:00', '%d/%m/%Y %H:%i'), '26054445946', '15684977102');
INSERT INTO randevu VALUES ('453087016', 'Muayene', STR_TO_DATE('27/07/2022 14:00', '%d/%m/%Y %H:%i'), '26054445946', '38526466845');
INSERT INTO randevu VALUES ('665641731', 'Muayene', STR_TO_DATE('16/09/2022 12:00', '%d/%m/%Y %H:%i'), '16416302090', '35460074535');
INSERT INTO randevu VALUES ('493668844', 'Muayene', STR_TO_DATE('11/11/2022 10:00', '%d/%m/%Y %H:%i'), '83398387733', '12886854399');
INSERT INTO randevu VALUES ('519305901', 'Kontrol', STR_TO_DATE('16/11/2022 09:00', '%d/%m/%Y %H:%i'), '73484628750', '98709559009');
INSERT INTO randevu VALUES ('429746976', 'Ameliyat', STR_TO_DATE('15/09/2022 13:00', '%d/%m/%Y %H:%i'), '54868427646', '38896976412');
INSERT INTO randevu VALUES ('427208667', 'Ameliyat', STR_TO_DATE('29/09/2022 15:00', '%d/%m/%Y %H:%i'), '25672225802', '77020872361');
INSERT INTO randevu VALUES ('516693284', 'Kontrol', STR_TO_DATE('09/09/2022 15:00', '%d/%m/%Y %H:%i'), '36129902805', '39454506994');
INSERT INTO randevu VALUES ('258727365', 'Kontrol', STR_TO_DATE('28/12/2022 08:00', '%d/%m/%Y %H:%i'), '83398387733', '59966867825');
INSERT INTO randevu VALUES ('849422794', 'Kontrol', STR_TO_DATE('01/07/2022 11:00', '%d/%m/%Y %H:%i'), '48148058281', '87033810894');
INSERT INTO randevu VALUES ('517528995', 'Kontrol', STR_TO_DATE('04/07/2022 13:00', '%d/%m/%Y %H:%i'), '94008397426', '35460074535');
INSERT INTO randevu VALUES ('719844961', 'Ameliyat', STR_TO_DATE('16/11/2022 12:00', '%d/%m/%Y %H:%i'), '18148906713', '56656161799');
INSERT INTO randevu VALUES ('684846489', 'Ameliyat', STR_TO_DATE('07/11/2022 13:00', '%d/%m/%Y %H:%i'), '97971162178', '13707506410');
INSERT INTO randevu VALUES ('645491702', 'Muayene', STR_TO_DATE('15/10/2022 11:00', '%d/%m/%Y %H:%i'), '54868427646', '23278473281');
INSERT INTO randevu VALUES ('764503232', 'Muayene', STR_TO_DATE('06/10/2022 12:00', '%d/%m/%Y %H:%i'), '37816006144', '75522760328');
INSERT INTO randevu VALUES ('124701791', 'Muayene', STR_TO_DATE('17/09/2022 14:00', '%d/%m/%Y %H:%i'), '38079511732', '87033810894');
INSERT INTO randevu VALUES ('585215011', 'Kontrol', STR_TO_DATE('14/07/2022 11:00', '%d/%m/%Y %H:%i'), '68062506641', '13707506410');
INSERT INTO randevu VALUES ('340695191', 'Muayene', STR_TO_DATE('27/08/2022 09:00', '%d/%m/%Y %H:%i'), '97971162178', '75876827247');
INSERT INTO randevu VALUES ('864904477', 'Muayene', STR_TO_DATE('18/09/2022 10:00', '%d/%m/%Y %H:%i'), '24734367219', '25548628199');
INSERT INTO randevu VALUES ('375124319', 'Ameliyat', STR_TO_DATE('05/07/2022 14:00', '%d/%m/%Y %H:%i'), '64097659077', '43939957670');
INSERT INTO randevu VALUES ('555255441', 'Muayene', STR_TO_DATE('14/11/2022 15:00', '%d/%m/%Y %H:%i'), '26054445946', '87288410127');
INSERT INTO randevu VALUES ('889442031', 'Muayene', STR_TO_DATE('24/08/2022 11:00', '%d/%m/%Y %H:%i'), '20215892193', '43939957670');
INSERT INTO randevu VALUES ('604983439', 'Muayene', STR_TO_DATE('28/09/2022 12:00', '%d/%m/%Y %H:%i'), '54868427646', '82872175637');
INSERT INTO randevu VALUES ('437758327', 'Muayene', STR_TO_DATE('07/12/2022 14:00', '%d/%m/%Y %H:%i'), '34250163921', '13707506410');
INSERT INTO randevu VALUES ('822350137', 'Kontrol', STR_TO_DATE('12/10/2022 14:00', '%d/%m/%Y %H:%i'), '64097659077', '56656161799');
INSERT INTO randevu VALUES ('518039402', 'Kontrol', STR_TO_DATE('24/10/2022 08:00', '%d/%m/%Y %H:%i'), '13409791543', '56656161799');
INSERT INTO randevu VALUES ('311598854', 'Muayene', STR_TO_DATE('13/11/2022 11:00', '%d/%m/%Y %H:%i'), '21220947582', '59966867825');
INSERT INTO randevu VALUES ('693055195', 'Kontrol', STR_TO_DATE('12/07/2022 09:00', '%d/%m/%Y %H:%i'), '68062506641', '85054922658');
INSERT INTO randevu VALUES ('637349490', 'Ameliyat', STR_TO_DATE('21/12/2022 10:00', '%d/%m/%Y %H:%i'), '14567755480', '36198692885');
INSERT INTO randevu VALUES ('349474406', 'Muayene', STR_TO_DATE('27/10/2022 10:00', '%d/%m/%Y %H:%i'), '77441087339', '12886854399');
INSERT INTO randevu VALUES ('210081941', 'Ameliyat', STR_TO_DATE('16/11/2022 12:00', '%d/%m/%Y %H:%i'), '78799628796', '53432892466');
INSERT INTO randevu VALUES ('857507263', 'Muayene', STR_TO_DATE('09/08/2022 10:00', '%d/%m/%Y %H:%i'), '73484628750', '78860964170');
INSERT INTO randevu VALUES ('432856105', 'Muayene', STR_TO_DATE('07/12/2022 09:00', '%d/%m/%Y %H:%i'), '94008397426', '38896976412');
INSERT INTO randevu VALUES ('456335224', 'Ameliyat', STR_TO_DATE('28/07/2022 10:00', '%d/%m/%Y %H:%i'), '40266954390', '43939957670');
INSERT INTO randevu VALUES ('809883309', 'Muayene', STR_TO_DATE('04/12/2022 09:00', '%d/%m/%Y %H:%i'), '78799628796', '12886854399');
INSERT INTO randevu VALUES ('521106109', 'Ameliyat', STR_TO_DATE('23/08/2022 08:00', '%d/%m/%Y %H:%i'), '87522944802', '13707506410');
INSERT INTO randevu VALUES ('712224375', 'Kontrol', STR_TO_DATE('10/11/2022 12:00', '%d/%m/%Y %H:%i'), '37816006144', '91060603031');
INSERT INTO randevu VALUES ('471677720', 'Kontrol', STR_TO_DATE('04/07/2022 14:00', '%d/%m/%Y %H:%i'), '37816006144', '59506783490');
INSERT INTO randevu VALUES ('848193021', 'Kontrol', STR_TO_DATE('04/10/2022 10:00', '%d/%m/%Y %H:%i'), '40266954390', '20216142009');
INSERT INTO randevu VALUES ('713174929', 'Kontrol', STR_TO_DATE('28/10/2022 15:00', '%d/%m/%Y %H:%i'), '27578292843', '28691660462');
INSERT INTO randevu VALUES ('545671630', 'Ameliyat', STR_TO_DATE('25/12/2022 13:00', '%d/%m/%Y %H:%i'), '24734367219', '23278473281');
INSERT INTO randevu VALUES ('700962538', 'Kontrol', STR_TO_DATE('16/11/2022 13:00', '%d/%m/%Y %H:%i'), '25672225802', '85054922658');
INSERT INTO randevu VALUES ('407019407', 'Ameliyat', STR_TO_DATE('04/12/2022 15:00', '%d/%m/%Y %H:%i'), '92039539132', '75042017032');
INSERT INTO randevu VALUES ('510356131', 'Kontrol', STR_TO_DATE('20/08/2022 08:00', '%d/%m/%Y %H:%i'), '87194280407', '25548628199');
INSERT INTO randevu VALUES ('151347324', 'Muayene', STR_TO_DATE('27/08/2022 15:00', '%d/%m/%Y %H:%i'), '73484628750', '78860964170');
INSERT INTO randevu VALUES ('665035969', 'Ameliyat', STR_TO_DATE('18/07/2022 11:00', '%d/%m/%Y %H:%i'), '83128311514', '36198692885');
INSERT INTO randevu VALUES ('322102808', 'Kontrol', STR_TO_DATE('05/11/2022 09:00', '%d/%m/%Y %H:%i'), '54868427646', '56656161799');
INSERT INTO randevu VALUES ('885093109', 'Ameliyat', STR_TO_DATE('01/11/2022 12:00', '%d/%m/%Y %H:%i'), '80530688652', '59506783490');
INSERT INTO randevu VALUES ('522122671', 'Ameliyat', STR_TO_DATE('22/10/2022 09:00', '%d/%m/%Y %H:%i'), '92758142519', '39454506994');
INSERT INTO randevu VALUES ('145344490', 'Kontrol', STR_TO_DATE('11/09/2022 09:00', '%d/%m/%Y %H:%i'), '13312667207', '12886854399');
INSERT INTO randevu VALUES ('601863838', 'Kontrol', STR_TO_DATE('06/07/2022 09:00', '%d/%m/%Y %H:%i'), '24734367219', '77020872361');
INSERT INTO randevu VALUES ('648247980', 'Muayene', STR_TO_DATE('04/12/2022 08:00', '%d/%m/%Y %H:%i'), '34250163921', '53432892466');
INSERT INTO randevu VALUES ('327790866', 'Kontrol', STR_TO_DATE('01/12/2022 14:00', '%d/%m/%Y %H:%i'), '73484628750', '39454506994');
INSERT INTO randevu VALUES ('608134181', 'Ameliyat', STR_TO_DATE('26/09/2022 13:00', '%d/%m/%Y %H:%i'), '87194280407', '95614049339');
INSERT INTO randevu VALUES ('689265273', 'Ameliyat', STR_TO_DATE('02/12/2022 12:00', '%d/%m/%Y %H:%i'), '37816006144', '78860964170');
INSERT INTO randevu VALUES ('923686023', 'Muayene', STR_TO_DATE('20/09/2022 13:00', '%d/%m/%Y %H:%i'), '34250163921', '16139716902');
INSERT INTO randevu VALUES ('745204458', 'Kontrol', STR_TO_DATE('22/10/2022 13:00', '%d/%m/%Y %H:%i'), '87194280407', '75042017032');
INSERT INTO randevu VALUES ('776295475', 'Muayene', STR_TO_DATE('24/07/2022 14:00', '%d/%m/%Y %H:%i'), '87522944802', '91060603031');
INSERT INTO randevu VALUES ('789567494', 'Kontrol', STR_TO_DATE('05/09/2022 15:00', '%d/%m/%Y %H:%i'), '48148058281', '59966867825');
INSERT INTO randevu VALUES ('621125392', 'Kontrol', STR_TO_DATE('20/10/2022 12:00', '%d/%m/%Y %H:%i'), '25672225802', '77020872361');
INSERT INTO randevu VALUES ('630937267', 'Kontrol', STR_TO_DATE('11/09/2022 11:00', '%d/%m/%Y %H:%i'), '36129902805', '74491980231');
INSERT INTO randevu VALUES ('549985992', 'Ameliyat', STR_TO_DATE('14/08/2022 14:00', '%d/%m/%Y %H:%i'), '64097659077', '39454506994');
INSERT INTO randevu VALUES ('423251000', 'Kontrol', STR_TO_DATE('20/07/2022 11:00', '%d/%m/%Y %H:%i'), '60825009816', '35460074535');
INSERT INTO randevu VALUES ('904255140', 'Kontrol', STR_TO_DATE('09/09/2022 12:00', '%d/%m/%Y %H:%i'), '18148906713', '35460074535');
INSERT INTO randevu VALUES ('156581040', 'Muayene', STR_TO_DATE('20/10/2022 08:00', '%d/%m/%Y %H:%i'), '87194280407', '20216142009');
INSERT INTO randevu VALUES ('504681471', 'Ameliyat', STR_TO_DATE('07/12/2022 08:00', '%d/%m/%Y %H:%i'), '27578292843', '37654345115');
INSERT INTO randevu VALUES ('417624543', 'Ameliyat', STR_TO_DATE('29/09/2022 14:00', '%d/%m/%Y %H:%i'), '80530688652', '23278473281');
INSERT INTO randevu VALUES ('135473077', 'Ameliyat', STR_TO_DATE('27/09/2022 15:00', '%d/%m/%Y %H:%i'), '34250163921', '16139716902');
INSERT INTO randevu VALUES ('708251652', 'Ameliyat', STR_TO_DATE('04/10/2022 10:00', '%d/%m/%Y %H:%i'), '77441087339', '25548628199');
INSERT INTO randevu VALUES ('485804837', 'Muayene', STR_TO_DATE('15/11/2022 14:00', '%d/%m/%Y %H:%i'), '83128311514', '98771149275');
INSERT INTO randevu VALUES ('574254862', 'Muayene', STR_TO_DATE('23/12/2022 13:00', '%d/%m/%Y %H:%i'), '87194280407', '38896976412');
INSERT INTO randevu VALUES ('534142191', 'Kontrol', STR_TO_DATE('17/11/2022 12:00', '%d/%m/%Y %H:%i'), '73484628750', '48830973237');
INSERT INTO randevu VALUES ('258866901', 'Kontrol', STR_TO_DATE('07/09/2022 12:00', '%d/%m/%Y %H:%i'), '87872381484', '43939957670');
INSERT INTO randevu VALUES ('286704539', 'Ameliyat', STR_TO_DATE('15/12/2022 12:00', '%d/%m/%Y %H:%i'), '64097659077', '35460074535');
INSERT INTO randevu VALUES ('469020013', 'Ameliyat', STR_TO_DATE('23/07/2022 12:00', '%d/%m/%Y %H:%i'), '78799628796', '91060603031');
INSERT INTO randevu VALUES ('692801322', 'Kontrol', STR_TO_DATE('05/08/2022 14:00', '%d/%m/%Y %H:%i'), '87872381484', '75522760328');
INSERT INTO randevu VALUES ('240695642', 'Kontrol', STR_TO_DATE('17/12/2022 15:00', '%d/%m/%Y %H:%i'), '60825009816', '74181689979');
INSERT INTO randevu VALUES ('828697046', 'Muayene', STR_TO_DATE('17/12/2022 10:00', '%d/%m/%Y %H:%i'), '94008397426', '87288410127');
INSERT INTO randevu VALUES ('594952485', 'Ameliyat', STR_TO_DATE('17/09/2022 10:00', '%d/%m/%Y %H:%i'), '27578292843', '77020872361');
INSERT INTO randevu VALUES ('480791669', 'Ameliyat', STR_TO_DATE('06/07/2022 09:00', '%d/%m/%Y %H:%i'), '77441087339', '74491980231');
INSERT INTO randevu VALUES ('663358014', 'Muayene', STR_TO_DATE('28/10/2022 14:00', '%d/%m/%Y %H:%i'), '13409791543', '74491980231');
INSERT INTO randevu VALUES ('663296704', 'Muayene', STR_TO_DATE('27/12/2022 11:00', '%d/%m/%Y %H:%i'), '58982061579', '56656161799');
INSERT INTO randevu VALUES ('614405740', 'Kontrol', STR_TO_DATE('29/07/2022 09:00', '%d/%m/%Y %H:%i'), '20215892193', '81783942628');
INSERT INTO randevu VALUES ('212874081', 'Kontrol', STR_TO_DATE('26/10/2022 12:00', '%d/%m/%Y %H:%i'), '25672225802', '35460074535');
INSERT INTO randevu VALUES ('807614165', 'Kontrol', STR_TO_DATE('25/11/2022 13:00', '%d/%m/%Y %H:%i'), '94008397426', '77020872361');
INSERT INTO randevu VALUES ('601377252', 'Kontrol', STR_TO_DATE('07/10/2022 12:00', '%d/%m/%Y %H:%i'), '37816006144', '87033810894');
INSERT INTO randevu VALUES ('774921794', 'Muayene', STR_TO_DATE('28/08/2022 09:00', '%d/%m/%Y %H:%i'), '68062506641', '56656161799');
INSERT INTO randevu VALUES ('101954700', 'Ameliyat', STR_TO_DATE('04/10/2022 14:00', '%d/%m/%Y %H:%i'), '94008397426', '43939957670');
INSERT INTO randevu VALUES ('193630385', 'Kontrol', STR_TO_DATE('25/09/2022 14:00', '%d/%m/%Y %H:%i'), '87872381484', '16139716902');
INSERT INTO randevu VALUES ('915147549', 'Muayene', STR_TO_DATE('27/09/2022 10:00', '%d/%m/%Y %H:%i'), '26054445946', '59966867825');
INSERT INTO randevu VALUES ('396831725', 'Ameliyat', STR_TO_DATE('17/11/2022 15:00', '%d/%m/%Y %H:%i'), '16416302090', '39096518486');
INSERT INTO randevu VALUES ('358841794', 'Ameliyat', STR_TO_DATE('18/12/2022 14:00', '%d/%m/%Y %H:%i'), '20215892193', '87033810894');
INSERT INTO randevu VALUES ('390272239', 'Ameliyat', STR_TO_DATE('01/11/2022 13:00', '%d/%m/%Y %H:%i'), '73484628750', '24537614393');
INSERT INTO randevu VALUES ('241228206', 'Ameliyat', STR_TO_DATE('06/08/2022 12:00', '%d/%m/%Y %H:%i'), '92758142519', '24537614393');
INSERT INTO randevu VALUES ('251369823', 'Ameliyat', STR_TO_DATE('08/12/2022 12:00', '%d/%m/%Y %H:%i'), '36129902805', '75042017032');
INSERT INTO randevu VALUES ('921920941', 'Muayene', STR_TO_DATE('09/07/2022 11:00', '%d/%m/%Y %H:%i'), '94008397426', '75522760328');
INSERT INTO randevu VALUES ('630473350', 'Muayene', STR_TO_DATE('17/11/2022 14:00', '%d/%m/%Y %H:%i'), '16416302090', '12886854399');
INSERT INTO randevu VALUES ('571660434', 'Ameliyat', STR_TO_DATE('06/10/2022 15:00', '%d/%m/%Y %H:%i'), '64097659077', '36198692885');
INSERT INTO randevu VALUES ('212460546', 'Ameliyat', STR_TO_DATE('01/10/2022 14:00', '%d/%m/%Y %H:%i'), '92758142519', '59966867825');
INSERT INTO randevu VALUES ('168756055', 'Kontrol', STR_TO_DATE('13/12/2022 08:00', '%d/%m/%Y %H:%i'), '40266954390', '35460074535');
INSERT INTO randevu VALUES ('416680171', 'Muayene', STR_TO_DATE('12/11/2022 12:00', '%d/%m/%Y %H:%i'), '94008397426', '87288410127');
INSERT INTO randevu VALUES ('547983032', 'Kontrol', STR_TO_DATE('13/07/2022 12:00', '%d/%m/%Y %H:%i'), '42453172899', '20216142009');
INSERT INTO randevu VALUES ('806636010', 'Ameliyat', STR_TO_DATE('24/10/2022 14:00', '%d/%m/%Y %H:%i'), '38079511732', '48830973237');
INSERT INTO randevu VALUES ('333286320', 'Ameliyat', STR_TO_DATE('10/09/2022 09:00', '%d/%m/%Y %H:%i'), '42453172899', '95614049339');
INSERT INTO randevu VALUES ('706938226', 'Ameliyat', STR_TO_DATE('16/11/2022 11:00', '%d/%m/%Y %H:%i'), '42022243365', '24537614393');
INSERT INTO randevu VALUES ('953943676', 'Muayene', STR_TO_DATE('07/07/2022 11:00', '%d/%m/%Y %H:%i'), '13409791543', '43939957670');
INSERT INTO randevu VALUES ('316468038', 'Kontrol', STR_TO_DATE('05/07/2022 10:00', '%d/%m/%Y %H:%i'), '27578292843', '59874762979');
INSERT INTO randevu VALUES ('701663312', 'Muayene', STR_TO_DATE('11/07/2022 15:00', '%d/%m/%Y %H:%i'), '48148058281', '37654345115');
INSERT INTO randevu VALUES ('529679077', 'Ameliyat', STR_TO_DATE('13/10/2022 13:00', '%d/%m/%Y %H:%i'), '13409791543', '82872175637');
INSERT INTO randevu VALUES ('142337408', 'Muayene', STR_TO_DATE('12/12/2022 08:00', '%d/%m/%Y %H:%i'), '24734367219', '43939957670');
INSERT INTO randevu VALUES ('110842224', 'Muayene', STR_TO_DATE('18/08/2022 09:00', '%d/%m/%Y %H:%i'), '21220947582', '87288410127');
INSERT INTO randevu VALUES ('458311513', 'Kontrol', STR_TO_DATE('01/09/2022 15:00', '%d/%m/%Y %H:%i'), '51928030124', '38896976412');
INSERT INTO randevu VALUES ('663390985', 'Kontrol', STR_TO_DATE('21/11/2022 08:00', '%d/%m/%Y %H:%i'), '64097659077', '74181689979');
INSERT INTO randevu VALUES ('463411824', 'Kontrol', STR_TO_DATE('17/12/2022 12:00', '%d/%m/%Y %H:%i'), '94008397426', '56656161799');
INSERT INTO randevu VALUES ('784994598', 'Muayene', STR_TO_DATE('16/07/2022 08:00', '%d/%m/%Y %H:%i'), '58982061579', '82872175637');
INSERT INTO randevu VALUES ('657427375', 'Ameliyat', STR_TO_DATE('06/12/2022 13:00', '%d/%m/%Y %H:%i'), '26054445946', '28691660462');
INSERT INTO randevu VALUES ('105238038', 'Muayene', STR_TO_DATE('21/12/2022 11:00', '%d/%m/%Y %H:%i'), '97971162178', '38526466845');
INSERT INTO randevu VALUES ('413002603', 'Muayene', STR_TO_DATE('04/11/2022 12:00', '%d/%m/%Y %H:%i'), '25672225802', '98709559009');
INSERT INTO randevu VALUES ('353147487', 'Muayene', STR_TO_DATE('06/12/2022 13:00', '%d/%m/%Y %H:%i'), '64097659077', '43939957670');
INSERT INTO randevu VALUES ('922483993', 'Ameliyat', STR_TO_DATE('28/07/2022 12:00', '%d/%m/%Y %H:%i'), '21220947582', '38526466845');
INSERT INTO randevu VALUES ('175998139', 'Kontrol', STR_TO_DATE('05/12/2022 15:00', '%d/%m/%Y %H:%i'), '27578292843', '98771149275');
INSERT INTO randevu VALUES ('512044536', 'Ameliyat', STR_TO_DATE('17/08/2022 08:00', '%d/%m/%Y %H:%i'), '94008397426', '23278473281');
INSERT INTO randevu VALUES ('685959946', 'Muayene', STR_TO_DATE('27/08/2022 08:00', '%d/%m/%Y %H:%i'), '42453172899', '59874762979');
INSERT INTO randevu VALUES ('659551039', 'Ameliyat', STR_TO_DATE('26/11/2022 13:00', '%d/%m/%Y %H:%i'), '40266954390', '48830973237');
INSERT INTO randevu VALUES ('753247678', 'Muayene', STR_TO_DATE('05/07/2022 12:00', '%d/%m/%Y %H:%i'), '38079511732', '13707506410');
INSERT INTO randevu VALUES ('229021773', 'Ameliyat', STR_TO_DATE('25/08/2022 08:00', '%d/%m/%Y %H:%i'), '89887678720', '75876827247');
INSERT INTO randevu VALUES ('704245435', 'Muayene', STR_TO_DATE('05/12/2022 09:00', '%d/%m/%Y %H:%i'), '89887678720', '74491980231');
INSERT INTO randevu VALUES ('589493888', 'Kontrol', STR_TO_DATE('23/12/2022 15:00', '%d/%m/%Y %H:%i'), '83128311514', '78860964170');
INSERT INTO randevu VALUES ('533388023', 'Ameliyat', STR_TO_DATE('13/12/2022 11:00', '%d/%m/%Y %H:%i'), '64097659077', '75522760328');
INSERT INTO randevu VALUES ('721459967', 'Kontrol', STR_TO_DATE('11/10/2022 09:00', '%d/%m/%Y %H:%i'), '58982061579', '80917645063');
INSERT INTO randevu VALUES ('903581568', 'Muayene', STR_TO_DATE('10/11/2022 13:00', '%d/%m/%Y %H:%i'), '87522944802', '20216142009');
INSERT INTO randevu VALUES ('531207097', 'Muayene', STR_TO_DATE('19/12/2022 08:00', '%d/%m/%Y %H:%i'), '92758142519', '75522760328');
INSERT INTO randevu VALUES ('720242960', 'Muayene', STR_TO_DATE('21/10/2022 09:00', '%d/%m/%Y %H:%i'), '48148058281', '48830973237');
INSERT INTO randevu VALUES ('610633678', 'Kontrol', STR_TO_DATE('24/07/2022 13:00', '%d/%m/%Y %H:%i'), '54868427646', '98771149275');
INSERT INTO randevu VALUES ('565769665', 'Kontrol', STR_TO_DATE('28/07/2022 12:00', '%d/%m/%Y %H:%i'), '77441087339', '53432892466');
INSERT INTO randevu VALUES ('723054210', 'Ameliyat', STR_TO_DATE('19/09/2022 10:00', '%d/%m/%Y %H:%i'), '25672225802', '91060603031');
INSERT INTO randevu VALUES ('890453254', 'Ameliyat', STR_TO_DATE('02/09/2022 12:00', '%d/%m/%Y %H:%i'), '34250163921', '59874762979');
INSERT INTO randevu VALUES ('793054367', 'Kontrol', STR_TO_DATE('09/11/2022 09:00', '%d/%m/%Y %H:%i'), '18148906713', '87033810894');
INSERT INTO randevu VALUES ('437952844', 'Muayene', STR_TO_DATE('01/07/2022 08:00', '%d/%m/%Y %H:%i'), '78799628796', '59966867825');
INSERT INTO randevu VALUES ('298998482', 'Ameliyat', STR_TO_DATE('18/10/2022 11:00', '%d/%m/%Y %H:%i'), '48148058281', '56656161799');
INSERT INTO randevu VALUES ('834553344', 'Ameliyat', STR_TO_DATE('01/10/2022 14:00', '%d/%m/%Y %H:%i'), '54868427646', '80917645063');
INSERT INTO randevu VALUES ('245993876', 'Kontrol', STR_TO_DATE('24/09/2022 10:00', '%d/%m/%Y %H:%i'), '87194280407', '48830973237');
INSERT INTO randevu VALUES ('724943366', 'Kontrol', STR_TO_DATE('03/07/2022 09:00', '%d/%m/%Y %H:%i'), '37816006144', '59966867825');
INSERT INTO randevu VALUES ('316620684', 'Ameliyat', STR_TO_DATE('24/10/2022 13:00', '%d/%m/%Y %H:%i'), '14567755480', '36198692885');
INSERT INTO randevu VALUES ('561768916', 'Ameliyat', STR_TO_DATE('02/10/2022 13:00', '%d/%m/%Y %H:%i'), '26054445946', '75042017032');
INSERT INTO randevu VALUES ('495214462', 'Kontrol', STR_TO_DATE('18/08/2022 09:00', '%d/%m/%Y %H:%i'), '13409791543', '87288410127');
INSERT INTO randevu VALUES ('828266837', 'Ameliyat', STR_TO_DATE('03/11/2022 15:00', '%d/%m/%Y %H:%i'), '14567755480', '53432892466');
INSERT INTO randevu VALUES ('838100679', 'Muayene', STR_TO_DATE('03/12/2022 15:00', '%d/%m/%Y %H:%i'), '89887678720', '35460074535');
INSERT INTO randevu VALUES ('225908517', 'Muayene', STR_TO_DATE('02/12/2022 15:00', '%d/%m/%Y %H:%i'), '87872381484', '35460074535');
INSERT INTO randevu VALUES ('254237839', 'Ameliyat', STR_TO_DATE('04/10/2022 11:00', '%d/%m/%Y %H:%i'), '48148058281', '82872175637');
INSERT INTO randevu VALUES ('927430816', 'Ameliyat', STR_TO_DATE('25/08/2022 11:00', '%d/%m/%Y %H:%i'), '94008397426', '74491980231');
INSERT INTO randevu VALUES ('157508822', 'Kontrol', STR_TO_DATE('17/10/2022 15:00', '%d/%m/%Y %H:%i'), '48148058281', '80917645063');
INSERT INTO randevu VALUES ('301288637', 'Kontrol', STR_TO_DATE('11/09/2022 15:00', '%d/%m/%Y %H:%i'), '51928030124', '74181689979');
INSERT INTO randevu VALUES ('469350569', 'Kontrol', STR_TO_DATE('28/07/2022 14:00', '%d/%m/%Y %H:%i'), '87194280407', '12886854399');
INSERT INTO randevu VALUES ('888424414', 'Kontrol', STR_TO_DATE('28/12/2022 12:00', '%d/%m/%Y %H:%i'), '78799628796', '37654345115');
INSERT INTO randevu VALUES ('361550301', 'Ameliyat', STR_TO_DATE('01/09/2022 08:00', '%d/%m/%Y %H:%i'), '58982061579', '81783942628');
INSERT INTO randevu VALUES ('986407575', 'Ameliyat', STR_TO_DATE('29/11/2022 08:00', '%d/%m/%Y %H:%i'), '16416302090', '35460074535');
INSERT INTO randevu VALUES ('990713244', 'Ameliyat', STR_TO_DATE('23/12/2022 13:00', '%d/%m/%Y %H:%i'), '26054445946', '13707506410');
INSERT INTO randevu VALUES ('558263867', 'Muayene', STR_TO_DATE('22/09/2022 15:00', '%d/%m/%Y %H:%i'), '87522944802', '59966867825');
INSERT INTO randevu VALUES ('167359548', 'Kontrol', STR_TO_DATE('07/08/2022 08:00', '%d/%m/%Y %H:%i'), '27578292843', '74181689979');
INSERT INTO randevu VALUES ('988152833', 'Ameliyat', STR_TO_DATE('06/12/2022 12:00', '%d/%m/%Y %H:%i'), '36129902805', '16139716902');
INSERT INTO randevu VALUES ('101967118', 'Ameliyat', STR_TO_DATE('14/09/2022 11:00', '%d/%m/%Y %H:%i'), '18148906713', '81783942628');
INSERT INTO randevu VALUES ('828573972', 'Muayene', STR_TO_DATE('14/11/2022 14:00', '%d/%m/%Y %H:%i'), '26054445946', '38896976412');
INSERT INTO ilac VALUES ('Hydrochlorothiazide', 'Agizdan alinir (surup)');
INSERT INTO ilac VALUES ('Fentanyl Patch', 'Agizdan alinir (surup)');
INSERT INTO ilac VALUES ('Methotrexate', 'Deriye surulur (Merhem)');
INSERT INTO ilac VALUES ('Viagra', 'Damar yoluyla (Igne)');
INSERT INTO ilac VALUES ('Tramadol', 'Agizdan alinir (Sivi)');
INSERT INTO ilac VALUES ('Metoprolol', 'Agizdan alinir (Sivi)');
INSERT INTO ilac VALUES ('Sublocade', 'Damar yoluyla (Igne)');
INSERT INTO ilac VALUES ('Rybelsus', 'Agizdan alinir (Kapsul)');
INSERT INTO ilac VALUES ('Ozempic', 'Agizdan alinir (Tablet)');
INSERT INTO ilac VALUES ('Xanax', 'Agizdan alinir (Tablet)');
INSERT INTO ilac VALUES ('Acetaminophen', 'Agizdan alinir (Sivi)');
INSERT INTO ilac VALUES ('Benzonatate', 'Damar yoluyla (Igne)');
INSERT INTO ilac VALUES ('Naproxen', 'Deriye surulur (Losyon)');
INSERT INTO ilac VALUES ('Melatonin', 'Damar yoluyla (Igne)');
INSERT INTO ilac VALUES ('Trazodone', 'Deriye surulur (Losyon)');
INSERT INTO ilac VALUES ('Brilinta', 'Deriye surulur (Losyon)');
INSERT INTO ilac VALUES ('Entyvio', 'Agizdan alinir (Kapsul)');
INSERT INTO ilac VALUES ('Fentanyl', 'Agizdan alinir (Sivi)');
INSERT INTO ilac VALUES ('Januvia', 'Agizdan alinir (Tablet)');
INSERT INTO ilac VALUES ('Methadone', 'Agizdan alinir (Tablet)');
INSERT INTO ilac VALUES ('Loratadine', 'Damar yoluyla (Igne)');
INSERT INTO ilac VALUES ('Doxycycline', 'Agizdan alinir (Kapsul)');
INSERT INTO ilac VALUES ('Otezla', 'Deriye surulur (Merhem)');
INSERT INTO ilac VALUES ('Cephalexin', 'Deriye surulur (Losyon)');
INSERT INTO ilac VALUES ('Amlodipine', 'Agizdan alinir (surup)');
INSERT INTO ilac VALUES ('Atorvastatin', 'Agizdan alinir (Kapsul)');
INSERT INTO ilac VALUES ('Hydroxychloroquine', 'Agizdan alinir (Tablet)');
INSERT INTO ilac VALUES ('Farxiga', 'Agizdan alinir (Sivi)');
INSERT INTO ilac VALUES ('Clindamycin', 'Agizdan alinir (Kapsul)');
INSERT INTO ilac VALUES ('Kevzara', 'Deriye surulur (Merhem)');
INSERT INTO ilac VALUES ('Ibuprofen', 'Agizdan alinir (Sivi)');
INSERT INTO ilac VALUES ('Azithromycin', 'Damar yoluyla (Igne)');
INSERT INTO ilac VALUES ('Citalopram', 'Damar yoluyla (Igne)');
INSERT INTO ilac VALUES ('Entresto', 'Agizdan alinir (surup)');
INSERT INTO ilac VALUES ('Buprenorphine', 'Agizdan alinir (surup)');
INSERT INTO ilac VALUES ('Naltrexone', 'Agizdan alinir (Sivi)');
INSERT INTO ilac VALUES ('Cymbalta', 'Agizdan alinir (Kapsul)');
INSERT INTO ilac VALUES ('Prednisone', 'Deriye surulur (Merhem)');
INSERT INTO ilac VALUES ('Metformin', 'Agizdan alinir (surup)');
INSERT INTO ilac VALUES ('Jardiance', 'Agizdan alinir (Tablet)');
INSERT INTO ilac VALUES ('Gabapentin', 'Deriye surulur (Merhem)');
INSERT INTO ilac VALUES ('Lexapro', 'Agizdan alinir (Tablet)');
INSERT INTO ilac VALUES ('Imbruvica', 'Deriye surulur (Merhem)');
INSERT INTO ilac VALUES ('Clonazepam', 'Agizdan alinir (surup)');
INSERT INTO ilac VALUES ('Adderall', 'Agizdan alinir (Sivi)');
INSERT INTO ilac VALUES ('Cyclobenzaprine', 'Agizdan alinir (Kapsul)');
INSERT INTO ilac VALUES ('Wellbutrin', 'Deriye surulur (Merhem)');
INSERT INTO ilac VALUES ('Omeprazole', 'Agizdan alinir (Tablet)');
INSERT INTO ilac VALUES ('Bunavail', 'Agizdan alinir (Kapsul)');
INSERT INTO ilac VALUES ('Humira', 'Deriye surulur (Merhem)');
INSERT INTO ilac VALUES ('Invokana', 'Agizdan alinir (Sivi)');
INSERT INTO ilac VALUES ('Meloxicam', 'Deriye surulur (Merhem)');
INSERT INTO ilac VALUES ('Lisinopril', 'Agizdan alinir (Tablet)');
INSERT INTO ilac VALUES ('Secukinumab', 'Damar yoluyla (Igne)');
INSERT INTO ilac VALUES ('Ativan', 'Agizdan alinir (Sivi)');
INSERT INTO ilac VALUES ('Gilenya', 'Agizdan alinir (Kapsul)');
INSERT INTO ilac VALUES ('Lyrica', 'Damar yoluyla (Igne)');
INSERT INTO ilac VALUES ('Ciprofloxacin', 'Damar yoluyla (Igne)');
INSERT INTO ilac VALUES ('Amoxicillin', 'Agizdan alinir (surup)');
INSERT INTO ilac VALUES ('Pantoprazole', 'Agizdan alinir (surup)');
INSERT INTO rapor VALUES ('30314764','990713244','288:00:00','Rapor verildi.','Ise giris raporu');
INSERT INTO rapor VALUES ('77201018','258727365','240:00:00','Rapor verildi.','Is raporu');
INSERT INTO rapor VALUES ('52934639','574254862','192:00:00','Rapor verildi.','Ehliyet raporu');
INSERT INTO rapor VALUES ('35047872','358841794','168:00:00','Rapor verildi.','Is raporu');
INSERT INTO rapor VALUES ('72420624','574254862','288:00:00','Rapor verildi.','Is raporu');
INSERT INTO rapor VALUES ('33821969','589493888','024:00:00','Rapor verildi.','Ilac raporu');
INSERT INTO rapor VALUES ('13308005','663296704','336:00:00','Rapor verildi.','Ise giris raporu');
INSERT INTO rapor VALUES ('46192014','574254862','096:00:00','Rapor verildi.','Ilac raporu');
INSERT INTO rapor VALUES ('35401781','663296704','120:00:00','Rapor verildi.','Ise giris raporu');
INSERT INTO rapor VALUES ('70345773','888424414','216:00:00','Rapor verildi.','Evlilik raporu');
INSERT INTO rapor VALUES ('98133496','888424414','072:00:00','Rapor verildi.','Ehliyet raporu');
INSERT INTO rapor VALUES ('27590322','358841794','192:00:00','Rapor verildi.','Ehliyet raporu');
INSERT INTO rapor VALUES ('25863348','888424414','240:00:00','Rapor verildi.','Is raporu');
INSERT INTO rapor VALUES ('34007722','663296704','048:00:00','Rapor verildi.','Ehliyet raporu');
INSERT INTO rapor VALUES ('83546425','637349490','240:00:00','Rapor verildi.','Evlilik raporu');
INSERT INTO rapor VALUES ('32518628','258727365','048:00:00','Rapor verildi.','Ise giris raporu');
INSERT INTO rapor VALUES ('76672429','258727365','240:00:00','Rapor verildi.','Evlilik raporu');
INSERT INTO rapor VALUES ('12085183','574254862','264:00:00','Rapor verildi.','Ise giris raporu');
INSERT INTO rapor VALUES ('21908816','258727365','144:00:00','Rapor verildi.','Ilac raporu');
INSERT INTO rapor VALUES ('47161768','531207097','336:00:00','Rapor verildi.','Ilac raporu');
INSERT INTO rapor VALUES ('10257427','589493888','072:00:00','Rapor verildi.','Ilac raporu');
INSERT INTO rapor VALUES ('30308548','545671630','264:00:00','Rapor verildi.','Evlilik raporu');
INSERT INTO rapor VALUES ('89942210','258727365','336:00:00','Rapor verildi.','Is raporu');
INSERT INTO rapor VALUES ('73744136','969340072','024:00:00','Rapor verildi.','Ise giris raporu');
INSERT INTO rapor VALUES ('60924680','637349490','096:00:00','Rapor verildi.','Is raporu');
INSERT INTO rapor VALUES ('52886168','637349490','096:00:00','Rapor verildi.','Ehliyet raporu');
INSERT INTO rapor VALUES ('74304097','888424414','024:00:00','Rapor verildi.','Ilac raporu');
INSERT INTO rapor VALUES ('40065344','663296704','120:00:00','Rapor verildi.','Is raporu');
INSERT INTO rapor VALUES ('62610836','531207097','312:00:00','Rapor verildi.','Is raporu');
INSERT INTO rapor VALUES ('87231143','258727365','288:00:00','Rapor verildi.','Evlilik raporu');
INSERT INTO rapor VALUES ('39189510','990713244','072:00:00','Rapor verildi.','Ise giris raporu');
INSERT INTO rapor VALUES ('53047524','358841794','312:00:00','Rapor verildi.','Evlilik raporu');
INSERT INTO rapor VALUES ('35322506','888424414','168:00:00','Rapor verildi.','Is raporu');
INSERT INTO rapor VALUES ('69426407','531207097','168:00:00','Rapor verildi.','Ise giris raporu');
INSERT INTO rapor VALUES ('57559588','990713244','072:00:00','Rapor verildi.','Ise giris raporu');
INSERT INTO rapor VALUES ('56342862','888424414','288:00:00','Rapor verildi.','Ehliyet raporu');
INSERT INTO rapor VALUES ('39334920','531207097','240:00:00','Rapor verildi.','Evlilik raporu');
INSERT INTO rapor VALUES ('24052059','545671630','264:00:00','Rapor verildi.','Ilac raporu');
INSERT INTO rapor VALUES ('79505713','531207097','168:00:00','Rapor verildi.','Ilac raporu');
INSERT INTO rapor VALUES ('72478654','545671630','024:00:00','Rapor verildi.','Ehliyet raporu');
INSERT INTO rapor VALUES ('97963863','637349490','072:00:00','Rapor verildi.','Ise giris raporu');
INSERT INTO rapor VALUES ('59635816','589493888','024:00:00','Rapor verildi.','Ilac raporu');
INSERT INTO rapor VALUES ('60375146','990713244','024:00:00','Rapor verildi.','Evlilik raporu');
INSERT INTO rapor VALUES ('58902641','358841794','264:00:00','Rapor verildi.','Ise giris raporu');
INSERT INTO rapor VALUES ('57113632','258727365','240:00:00','Rapor verildi.','Is raporu');
INSERT INTO rapor VALUES ('26363985','358841794','312:00:00','Rapor verildi.','Is raporu');
INSERT INTO rapor VALUES ('95852090','663296704','312:00:00','Rapor verildi.','Ehliyet raporu');
INSERT INTO rapor VALUES ('72949757','888424414','216:00:00','Rapor verildi.','Ilac raporu');
INSERT INTO rapor VALUES ('22610810','545671630','024:00:00','Rapor verildi.','Is raporu');
INSERT INTO rapor VALUES ('36479430','258727365','096:00:00','Rapor verildi.','Ilac raporu');
INSERT INTO rapor VALUES ('99531662','663296704','048:00:00','Rapor verildi.','Evlilik raporu');
INSERT INTO rapor VALUES ('71405342','888424414','096:00:00','Rapor verildi.','Ilac raporu');
INSERT INTO rapor VALUES ('19455240','545671630','168:00:00','Rapor verildi.','Ehliyet raporu');
INSERT INTO rapor VALUES ('10570332','637349490','024:00:00','Rapor verildi.','Ilac raporu');
INSERT INTO rapor VALUES ('34280924','637349490','336:00:00','Rapor verildi.','Ilac raporu');
INSERT INTO rapor VALUES ('54342313','531207097','120:00:00','Rapor verildi.','Ise giris raporu');
INSERT INTO rapor VALUES ('34409969','888424414','216:00:00','Rapor verildi.','Evlilik raporu');
INSERT INTO rapor VALUES ('24434844','888424414','024:00:00','Rapor verildi.','Ise giris raporu');
INSERT INTO rapor VALUES ('85344267','105238038','336:00:00','Rapor verildi.','Ilac raporu');
INSERT INTO rapor VALUES ('97370672','589493888','096:00:00','Rapor verildi.','Is raporu');
INSERT INTO rapor VALUES ('83400669','258727365','096:00:00','Rapor verildi.','Ehliyet raporu');
INSERT INTO rapor VALUES ('21694498','358841794','120:00:00','Rapor verildi.','Ilac raporu');
INSERT INTO rapor VALUES ('47272082','637349490','168:00:00','Rapor verildi.','Evlilik raporu');
INSERT INTO rapor VALUES ('70583679','574254862','192:00:00','Rapor verildi.','Ilac raporu');
INSERT INTO rapor VALUES ('71886119','258727365','216:00:00','Rapor verildi.','Ise giris raporu');
INSERT INTO rapor VALUES ('53372410','531207097','096:00:00','Rapor verildi.','Ilac raporu');
INSERT INTO rapor VALUES ('32277598','545671630','264:00:00','Rapor verildi.','Ise giris raporu');
INSERT INTO rapor VALUES ('72261802','990713244','336:00:00','Rapor verildi.','Evlilik raporu');
INSERT INTO rapor VALUES ('74092529','358841794','048:00:00','Rapor verildi.','Evlilik raporu');
INSERT INTO rapor VALUES ('33996922','969340072','192:00:00','Rapor verildi.','Is raporu');
INSERT INTO rapor VALUES ('94990636','574254862','072:00:00','Rapor verildi.','Ilac raporu');
INSERT INTO rapor VALUES ('93749810','969340072','168:00:00','Rapor verildi.','Evlilik raporu');
INSERT INTO rapor VALUES ('66038260','531207097','216:00:00','Rapor verildi.','Is raporu');
INSERT INTO rapor VALUES ('27419273','105238038','312:00:00','Rapor verildi.','Ehliyet raporu');
INSERT INTO rapor VALUES ('98972812','589493888','120:00:00','Rapor verildi.','Ilac raporu');
INSERT INTO rapor VALUES ('24921963','105238038','096:00:00','Rapor verildi.','Ise giris raporu');
INSERT INTO rapor VALUES ('78944063','545671630','240:00:00','Rapor verildi.','Ise giris raporu');
INSERT INTO rapor VALUES ('32538529','589493888','096:00:00','Rapor verildi.','Evlilik raporu');
INSERT INTO rapor VALUES ('93078720','105238038','120:00:00','Rapor verildi.','Ise giris raporu');
INSERT INTO rapor VALUES ('77696638','574254862','264:00:00','Rapor verildi.','Evlilik raporu');
INSERT INTO rapor VALUES ('78296970','105238038','192:00:00','Rapor verildi.','Ilac raporu');
INSERT INTO rapor VALUES ('88649035','990713244','072:00:00','Rapor verildi.','Evlilik raporu');
INSERT INTO rapor VALUES ('89535454','545671630','240:00:00','Rapor verildi.','Ise giris raporu');
INSERT INTO rapor VALUES ('76781929','990713244','144:00:00','Rapor verildi.','Is raporu');
INSERT INTO rapor VALUES ('14547317','531207097','144:00:00','Rapor verildi.','Is raporu');
INSERT INTO rapor VALUES ('46463786','545671630','024:00:00','Rapor verildi.','Ilac raporu');
INSERT INTO rapor VALUES ('24375716','969340072','192:00:00','Rapor verildi.','Ise giris raporu');
INSERT INTO rapor VALUES ('19776103','545671630','024:00:00','Rapor verildi.','Ilac raporu');
INSERT INTO rapor VALUES ('97973994','531207097','048:00:00','Rapor verildi.','Ise giris raporu');
INSERT INTO rapor VALUES ('77741023','258727365','120:00:00','Rapor verildi.','Is raporu');
INSERT INTO rapor VALUES ('34490003','888424414','168:00:00','Rapor verildi.','Ilac raporu');
INSERT INTO rapor VALUES ('51239415','969340072','168:00:00','Rapor verildi.','Ilac raporu');
INSERT INTO rapor VALUES ('11938142','637349490','120:00:00','Rapor verildi.','Ehliyet raporu');
INSERT INTO rapor VALUES ('41783035','545671630','072:00:00','Rapor verildi.','Ehliyet raporu');
INSERT INTO rapor VALUES ('68043172','969340072','336:00:00','Rapor verildi.','Ehliyet raporu');
INSERT INTO rapor VALUES ('10165414','545671630','120:00:00','Rapor verildi.','Is raporu');
INSERT INTO rapor VALUES ('96196975','888424414','168:00:00','Rapor verildi.','Evlilik raporu');
INSERT INTO rapor VALUES ('50500538','637349490','192:00:00','Rapor verildi.','Ehliyet raporu');
INSERT INTO rapor VALUES ('22966250','574254862','312:00:00','Rapor verildi.','Ise giris raporu');
INSERT INTO rapor VALUES ('30670956','990713244','168:00:00','Rapor verildi.','Is raporu');
INSERT INTO rapor VALUES ('31786618','589493888','048:00:00','Rapor verildi.','Ilac raporu');
INSERT INTO rapor VALUES ('26380312','990713244','096:00:00','Rapor verildi.','Ise giris raporu');
INSERT INTO rapor VALUES ('84665165','637349490','240:00:00','Rapor verildi.','Ehliyet raporu');
INSERT INTO rapor VALUES ('50810675','589493888','312:00:00','Rapor verildi.','Evlilik raporu');
INSERT INTO rapor VALUES ('58047371','637349490','096:00:00','Rapor verildi.','Ise giris raporu');
INSERT INTO rapor VALUES ('82275379','888424414','240:00:00','Rapor verildi.','Ise giris raporu');
INSERT INTO rapor VALUES ('57538410','545671630','072:00:00','Rapor verildi.','Evlilik raporu');
INSERT INTO rapor VALUES ('88381883','105238038','216:00:00','Rapor verildi.','Ehliyet raporu');
INSERT INTO rapor VALUES ('51833330','531207097','312:00:00','Rapor verildi.','Ise giris raporu');
INSERT INTO rapor VALUES ('17817810','888424414','264:00:00','Rapor verildi.','Evlilik raporu');
INSERT INTO rapor VALUES ('23847303','969340072','240:00:00','Rapor verildi.','Evlilik raporu');
INSERT INTO rapor VALUES ('99392835','888424414','216:00:00','Rapor verildi.','Ilac raporu');
INSERT INTO rapor VALUES ('21696440','663296704','048:00:00','Rapor verildi.','Ise giris raporu');
INSERT INTO rapor VALUES ('71788375','888424414','072:00:00','Rapor verildi.','Ise giris raporu');
INSERT INTO rapor VALUES ('94651734','531207097','096:00:00','Rapor verildi.','Ilac raporu');
INSERT INTO rapor VALUES ('91407850','990713244','336:00:00','Rapor verildi.','Ilac raporu');
INSERT INTO rapor VALUES ('88389118','663296704','336:00:00','Rapor verildi.','Evlilik raporu');
INSERT INTO rapor VALUES ('71966074','531207097','288:00:00','Rapor verildi.','Is raporu');
INSERT INTO rapor VALUES ('59329864','589493888','144:00:00','Rapor verildi.','Ehliyet raporu');
INSERT INTO rapor VALUES ('52580135','358841794','240:00:00','Rapor verildi.','Evlilik raporu');
INSERT INTO rapor VALUES ('59224012','589493888','312:00:00','Rapor verildi.','Is raporu');
INSERT INTO rapor VALUES ('80486352','589493888','240:00:00','Rapor verildi.','Ilac raporu');
INSERT INTO rapor VALUES ('90331645','990713244','048:00:00','Rapor verildi.','Ilac raporu');
INSERT INTO rapor VALUES ('52745092','990713244','240:00:00','Rapor verildi.','Evlilik raporu');
INSERT INTO rapor VALUES ('35414332','105238038','024:00:00','Rapor verildi.','Evlilik raporu');
INSERT INTO rapor VALUES ('52023793','663296704','144:00:00','Rapor verildi.','Ilac raporu');
INSERT INTO rapor VALUES ('12679312','258727365','072:00:00','Rapor verildi.','Evlilik raporu');
INSERT INTO rapor VALUES ('69468719','531207097','144:00:00','Rapor verildi.','Evlilik raporu');
INSERT INTO rapor VALUES ('39521039','589493888','216:00:00','Rapor verildi.','Ilac raporu');
INSERT INTO rapor VALUES ('71264905','105238038','288:00:00','Rapor verildi.','Ehliyet raporu');
INSERT INTO rapor VALUES ('74554508','969340072','216:00:00','Rapor verildi.','Ilac raporu');
INSERT INTO rapor VALUES ('83341760','545671630','264:00:00','Rapor verildi.','Evlilik raporu');
INSERT INTO rapor VALUES ('47874151','589493888','336:00:00','Rapor verildi.','Evlilik raporu');
INSERT INTO rapor VALUES ('83468049','663296704','216:00:00','Rapor verildi.','Ehliyet raporu');
INSERT INTO rapor VALUES ('24951524','589493888','024:00:00','Rapor verildi.','Ilac raporu');
INSERT INTO rapor VALUES ('53122694','888424414','072:00:00','Rapor verildi.','Ise giris raporu');
INSERT INTO rapor VALUES ('87262386','888424414','096:00:00','Rapor verildi.','Ehliyet raporu');
INSERT INTO rapor VALUES ('72195535','358841794','240:00:00','Rapor verildi.','Evlilik raporu');
INSERT INTO rapor VALUES ('41454557','531207097','120:00:00','Rapor verildi.','Ise giris raporu');
INSERT INTO rapor VALUES ('15122037','531207097','072:00:00','Rapor verildi.','Ehliyet raporu');
INSERT INTO rapor VALUES ('97138007','589493888','144:00:00','Rapor verildi.','Ilac raporu');
INSERT INTO rapor VALUES ('53992207','531207097','312:00:00','Rapor verildi.','Ehliyet raporu');
INSERT INTO rapor VALUES ('76588799','545671630','096:00:00','Rapor verildi.','Evlilik raporu');
INSERT INTO rapor VALUES ('79982901','888424414','144:00:00','Rapor verildi.','Ilac raporu');
INSERT INTO rapor VALUES ('30505435','531207097','288:00:00','Rapor verildi.','Ise giris raporu');
INSERT INTO rapor VALUES ('20185695','574254862','096:00:00','Rapor verildi.','Evlilik raporu');
INSERT INTO rapor VALUES ('89181221','888424414','216:00:00','Rapor verildi.','Ilac raporu');
INSERT INTO rapor VALUES ('74297440','105238038','048:00:00','Rapor verildi.','Is raporu');
INSERT INTO rapor VALUES ('71567871','105238038','072:00:00','Rapor verildi.','Ehliyet raporu');
INSERT INTO rapor VALUES ('88518386','531207097','072:00:00','Rapor verildi.','Is raporu');
INSERT INTO rapor VALUES ('13355260','545671630','336:00:00','Rapor verildi.','Ilac raporu');
INSERT INTO rapor VALUES ('43891939','888424414','216:00:00','Rapor verildi.','Is raporu');
INSERT INTO rapor VALUES ('91108677','969340072','072:00:00','Rapor verildi.','Ise giris raporu');
INSERT INTO rapor VALUES ('88430365','574254862','336:00:00','Rapor verildi.','Ise giris raporu');
INSERT INTO rapor VALUES ('47892362','574254862','336:00:00','Rapor verildi.','Ehliyet raporu');
INSERT INTO rapor VALUES ('34011043','589493888','312:00:00','Rapor verildi.','Ise giris raporu');
INSERT INTO rapor VALUES ('61881850','105238038','144:00:00','Rapor verildi.','Ise giris raporu');
INSERT INTO rapor VALUES ('49332193','637349490','312:00:00','Rapor verildi.','Evlilik raporu');
INSERT INTO rapor VALUES ('43296089','888424414','336:00:00','Rapor verildi.','Ilac raporu');
INSERT INTO rapor VALUES ('75355829','663296704','120:00:00','Rapor verildi.','Ehliyet raporu');
INSERT INTO rapor VALUES ('39046287','574254862','048:00:00','Rapor verildi.','Is raporu');
INSERT INTO rapor VALUES ('46013550','574254862','288:00:00','Rapor verildi.','Ise giris raporu');
INSERT INTO rapor VALUES ('23226480','969340072','048:00:00','Rapor verildi.','Ise giris raporu');
INSERT INTO rapor VALUES ('98682812','969340072','096:00:00','Rapor verildi.','Ise giris raporu');
INSERT INTO rapor VALUES ('68149021','545671630','048:00:00','Rapor verildi.','Is raporu');
INSERT INTO rapor VALUES ('81430450','969340072','336:00:00','Rapor verildi.','Ilac raporu');
INSERT INTO rapor VALUES ('96672676','888424414','264:00:00','Rapor verildi.','Ilac raporu');
INSERT INTO rapor VALUES ('46302414','358841794','312:00:00','Rapor verildi.','Is raporu');
INSERT INTO rapor VALUES ('20537599','663296704','264:00:00','Rapor verildi.','Evlilik raporu');
INSERT INTO rapor VALUES ('29431535','589493888','336:00:00','Rapor verildi.','Is raporu');
INSERT INTO rapor VALUES ('66325665','589493888','144:00:00','Rapor verildi.','Is raporu');
INSERT INTO rapor VALUES ('15021937','969340072','264:00:00','Rapor verildi.','Is raporu');
INSERT INTO rapor VALUES ('41543856','574254862','216:00:00','Rapor verildi.','Is raporu');
INSERT INTO rapor VALUES ('99373754','663296704','192:00:00','Rapor verildi.','Ilac raporu');
INSERT INTO rapor VALUES ('65670853','663296704','312:00:00','Rapor verildi.','Evlilik raporu');
INSERT INTO rapor VALUES ('82553607','969340072','168:00:00','Rapor verildi.','Ehliyet raporu');
INSERT INTO rapor VALUES ('64890701','531207097','120:00:00','Rapor verildi.','Ehliyet raporu');
INSERT INTO rapor VALUES ('71300855','531207097','264:00:00','Rapor verildi.','Is raporu');
INSERT INTO rapor VALUES ('41748098','637349490','264:00:00','Rapor verildi.','Is raporu');
INSERT INTO rapor VALUES ('34672509','531207097','336:00:00','Rapor verildi.','Ilac raporu');
INSERT INTO rapor VALUES ('92685548','990713244','096:00:00','Rapor verildi.','Ehliyet raporu');
INSERT INTO rapor VALUES ('91415940','531207097','024:00:00','Rapor verildi.','Evlilik raporu');
INSERT INTO rapor VALUES ('89887325','358841794','288:00:00','Rapor verildi.','Ilac raporu');
INSERT INTO rapor VALUES ('98692842','531207097','312:00:00','Rapor verildi.','Ise giris raporu');
INSERT INTO rapor VALUES ('10190195','663296704','192:00:00','Rapor verildi.','Ehliyet raporu');
INSERT INTO rapor VALUES ('86461274','531207097','336:00:00','Rapor verildi.','Ehliyet raporu');
INSERT INTO rapor VALUES ('22579947','969340072','288:00:00','Rapor verildi.','Is raporu');
INSERT INTO rapor VALUES ('42768686','663296704','192:00:00','Rapor verildi.','Is raporu');
INSERT INTO rapor VALUES ('26301088','358841794','336:00:00','Rapor verildi.','Evlilik raporu');
INSERT INTO rapor VALUES ('58030956','574254862','288:00:00','Rapor verildi.','Is raporu');
INSERT INTO rapor VALUES ('19480377','589493888','264:00:00','Rapor verildi.','Ilac raporu');
INSERT INTO rapor VALUES ('94276139','258727365','216:00:00','Rapor verildi.','Ise giris raporu');
INSERT INTO rapor VALUES ('99133066','663296704','048:00:00','Rapor verildi.','Ilac raporu');
INSERT INTO rapor VALUES ('79454524','969340072','240:00:00','Rapor verildi.','Ilac raporu');
INSERT INTO rapor VALUES ('49869556','990713244','120:00:00','Rapor verildi.','Evlilik raporu');
INSERT INTO rapor VALUES ('12569003','589493888','264:00:00','Rapor verildi.','Is raporu');
INSERT INTO rapor VALUES ('57978698','969340072','048:00:00','Rapor verildi.','Is raporu');
INSERT INTO rapor VALUES ('76940842','637349490','072:00:00','Rapor verildi.','Ilac raporu');
INSERT INTO rapor VALUES ('34919258','531207097','240:00:00','Rapor verildi.','Is raporu');
INSERT INTO rapor VALUES ('30271591','589493888','240:00:00','Rapor verildi.','Ilac raporu');
INSERT INTO hastalik VALUES ('35984204', '522122671', 'Pamukcuk', 'Bas Agrisi', 'Kalp Hastaligi');
INSERT INTO hastalik VALUES ('39369906', '101954700', 'Gida zehirlenmeleri', 'Bogaz Gicikligi', 'Karaciger Hastaligi');
INSERT INTO hastalik VALUES ('49427834', '517528995', 'Lipom', 'Yorgunluk', 'Burun Hastaligi');
INSERT INTO hastalik VALUES ('19589961', '152166182', 'Kum sancilari', 'Bas Agrisi', 'Eklem Hastaligi');
INSERT INTO hastalik VALUES ('39046491', '101967118', 'Deri kurulugu', 'Kulak Cinlamasi', 'Kalp Hastaligi');
INSERT INTO hastalik VALUES ('14899956', '517528995', 'Ayak cibani', 'Yanma Hissi', 'Karaciger Hastaligi');
INSERT INTO hastalik VALUES ('94265992', '156581040', 'Kalp agrisi', 'Eklem Agrisi', 'Bagirsak Hastaligi');
INSERT INTO hastalik VALUES ('50315978', '558263867', 'Salgin menenjit', 'Bogaz Gicikligi', 'Goz Hastaligi');
INSERT INTO hastalik VALUES ('43034318', '665035969', 'Zollinger Ellison Sendromu', 'Kulak Cinlamasi', 'Karaciger Hastaligi');
INSERT INTO hastalik VALUES ('80514054', '693055195', 'Seker hastaligi', 'Bogaz Gicikligi', 'Akciger Hastaligi');
INSERT INTO hastalik VALUES ('11189459', '407019407', 'Kuduz', 'Bas Agrisi', 'Eklem Hastaligi');
INSERT INTO hastalik VALUES ('98873607', '519061742', 'Dil ulseri', 'Kasinti', 'Cilt Hastaligi');
INSERT INTO hastalik VALUES ('72694063', '193630385', 'Iskemi', 'Kulak Cinlamasi', 'Eklem Hastaligi');
INSERT INTO hastalik VALUES ('81007795', '123190207', 'Mide tembelligi', 'Burun Tikanikligi', 'Goz Hastaligi');
INSERT INTO hastalik VALUES ('65852229', '986407575', 'Gozbebekleri iltihabi', 'Bogaz Gicikligi', 'Bobrek Hastaligi');
INSERT INTO hastalik VALUES ('59211894', '258866901', 'Skorbut', 'Ciltte Kuruluk', 'Akciger Hastaligi');
INSERT INTO hastalik VALUES ('91740334', '429746976', 'Sac ve sakal agarmasi', 'Bogaz Gicikligi', 'Karaciger Hastaligi');
INSERT INTO hastalik VALUES ('19478999', '456335224', 'Cinsel sogukluk', 'Kulak Cinlamasi', 'Akciger Hastaligi');
INSERT INTO hastalik VALUES ('25640719', '471677720', 'Veba', 'Bas Agrisi', 'Kulak Hastaligi');
INSERT INTO hastalik VALUES ('63507097', '458311513', 'Nefes darligi', 'Kulak Cinlamasi', 'Kalp Hastaligi');
INSERT INTO hastalik VALUES ('84472554', '529679077', 'Sackiran', 'Kasinti', 'Kulak Hastaligi');
INSERT INTO hastalik VALUES ('59262045', '793054367', 'Rahim urlari', 'Yanma Hissi', 'Goz Hastaligi');
INSERT INTO hastalik VALUES ('16771647', '645491702', 'Korona virus', 'Bogazda Hafif Agri', 'Akciger Hastaligi');
INSERT INTO hastalik VALUES ('32061150', '390272239', 'Karaciger Yaglanmasi', 'Bogaz Gicikligi', 'Karaciger Hastaligi');
INSERT INTO hastalik VALUES ('12401270', '574254862', 'Rasitizm', 'Ciltte Kuruluk', 'Cilt Hastaligi');
INSERT INTO hastalik VALUES ('70456351', '574254862', 'Anne sutunun azligi', 'Yorgunluk', 'Akciger Hastaligi');
INSERT INTO hastalik VALUES ('38954714', '471677720', 'Botulizm', 'Kulak Cinlamasi', 'Kulak Hastaligi');
INSERT INTO hastalik VALUES ('93980243', '723054210', 'Curukler', 'Kulak Cinlamasi', 'Karaciger Hastaligi');
INSERT INTO hastalik VALUES ('80624548', '601377252', 'Guatr (Yumrulu)', 'Bas Agrisi', 'Bagirsak Hastaligi');
INSERT INTO hastalik VALUES ('82197388', '428036139', 'Curukler', 'Ciltte Kuruluk', 'Kalp Hastaligi');
INSERT INTO tahlil VALUES('59953681', '888424414', 'shorturl.at/pNQ26', 'Tahlil sonucunda gerekli recete verilmistir.', 'Patoloji Tahlili');
INSERT INTO tahlil VALUES('76892240', '990713244', 'shorturl.at/pNQ26', 'Tahlil sonucunda gerekli recete verilmistir.', 'Radyolojik Tahlili');
INSERT INTO tahlil VALUES('14368183', '258727365', 'shorturl.at/pNQ26', 'Tahlil sonucunda gerekli recete verilmistir.', 'Patoloji Tahlili');
INSERT INTO tahlil VALUES('79494342', '358841794', 'shorturl.at/pNQ26', 'Tahlil sonucunda gerekli recete verilmistir.', 'Mikroskopi Tahlili');
INSERT INTO tahlil VALUES('65469619', '888424414', 'shorturl.at/pNQ26', 'Tahlil sonucunda gerekli recete verilmistir.', 'Radyolojik Tahlili');
INSERT INTO tahlil VALUES('19367935', '531207097', 'shorturl.at/pNQ26', 'Tahlil sonucunda gerekli recete verilmistir.', 'Patoloji Tahlili');
INSERT INTO tahlil VALUES('17925867', '545671630', 'shorturl.at/pNQ26', 'Tahlil sonucunda gerekli recete verilmistir.', 'Patoloji Tahlili');
INSERT INTO tahlil VALUES('85861393', '105238038', 'shorturl.at/pNQ26', 'Tahlil sonucunda gerekli recete verilmistir.', 'Patoloji Tahlili');
INSERT INTO tahlil VALUES('41852714', '969340072', 'shorturl.at/pNQ26', 'Tahlil sonucunda gerekli recete verilmistir.', 'Mikroskopi Tahlili');
INSERT INTO tahlil VALUES('78922771', '663296704', 'shorturl.at/pNQ26', 'Tahlil sonucunda gerekli recete verilmistir.', 'Kan Tahlili');
INSERT INTO tahlil VALUES('55880775', '969340072', 'shorturl.at/pNQ26', 'Tahlil sonucunda gerekli recete verilmistir.', 'Idrar Tahlili');
INSERT INTO tahlil VALUES('81314803', '531207097', 'shorturl.at/pNQ26', 'Tahlil sonucunda gerekli recete verilmistir.', 'Mikroskopi Tahlili');
INSERT INTO tahlil VALUES('28608859', '574254862', 'shorturl.at/pNQ26', 'Tahlil sonucunda gerekli recete verilmistir.', 'Kan Tahlili');
INSERT INTO tahlil VALUES('76403056', '545671630', 'shorturl.at/pNQ26', 'Tahlil sonucunda gerekli recete verilmistir.', 'Mikroskopi Tahlili');
INSERT INTO tahlil VALUES('47392985', '105238038', 'shorturl.at/pNQ26', 'Tahlil sonucunda gerekli recete verilmistir.', 'Mikroskopi Tahlili');
INSERT INTO tahlil VALUES('37708371', '888424414', 'shorturl.at/pNQ26', 'Tahlil sonucunda gerekli recete verilmistir.', 'Mikroskopi Tahlili');
INSERT INTO tahlil VALUES('66812281', '358841794', 'shorturl.at/pNQ26', 'Tahlil sonucunda gerekli recete verilmistir.', 'Radyolojik Tahlili');
INSERT INTO tahlil VALUES('37290559', '663296704', 'shorturl.at/pNQ26', 'Tahlil sonucunda gerekli recete verilmistir.', 'Idrar Tahlili');
INSERT INTO tahlil VALUES('40927754', '105238038', 'shorturl.at/pNQ26', 'Tahlil sonucunda gerekli recete verilmistir.', 'Radyolojik Tahlili');
INSERT INTO tahlil VALUES('69718421', '990713244', 'shorturl.at/pNQ26', 'Tahlil sonucunda gerekli recete verilmistir.', 'Radyolojik Tahlili');
INSERT INTO tahlil VALUES('67232354', '990713244', 'shorturl.at/pNQ26', 'Tahlil sonucunda gerekli recete verilmistir.', 'Mikroskopi Tahlili');
INSERT INTO tahlil VALUES('31855834', '589493888', 'shorturl.at/pNQ26', 'Tahlil sonucunda gerekli recete verilmistir.', 'Idrar Tahlili');
INSERT INTO tahlil VALUES('81901160', '258727365', 'shorturl.at/pNQ26', 'Tahlil sonucunda gerekli recete verilmistir.', 'Radyolojik Tahlili');
INSERT INTO tahlil VALUES('30731875', '545671630', 'shorturl.at/pNQ26', 'Tahlil sonucunda gerekli recete verilmistir.', 'Mikroskopi Tahlili');
INSERT INTO tahlil VALUES('46475722', '545671630', 'shorturl.at/pNQ26', 'Tahlil sonucunda gerekli recete verilmistir.', 'Idrar Tahlili');
INSERT INTO tahlil VALUES('78038186', '574254862', 'shorturl.at/pNQ26', 'Tahlil sonucunda gerekli recete verilmistir.', 'Idrar Tahlili');
INSERT INTO tahlil VALUES('28701483', '589493888', 'shorturl.at/pNQ26', 'Tahlil sonucunda gerekli recete verilmistir.', 'Idrar Tahlili');
INSERT INTO tahlil VALUES('22878087', '990713244', 'shorturl.at/pNQ26', 'Tahlil sonucunda gerekli recete verilmistir.', 'Idrar Tahlili');
INSERT INTO tahlil VALUES('39448586', '258727365', 'shorturl.at/pNQ26', 'Tahlil sonucunda gerekli recete verilmistir.', 'Mikroskopi Tahlili');
INSERT INTO tahlil VALUES('50176431', '531207097', 'shorturl.at/pNQ26', 'Tahlil sonucunda gerekli recete verilmistir.', 'Mikroskopi Tahlili');
INSERT INTO tahlil VALUES('62953050', '545671630', 'shorturl.at/pNQ26', 'Tahlil sonucunda gerekli recete verilmistir.', 'Patoloji Tahlili');
INSERT INTO tahlil VALUES('37753621', '531207097', 'shorturl.at/pNQ26', 'Tahlil sonucunda gerekli recete verilmistir.', 'Patoloji Tahlili');
INSERT INTO tahlil VALUES('50057059', '589493888', 'shorturl.at/pNQ26', 'Tahlil sonucunda gerekli recete verilmistir.', 'Idrar Tahlili');
INSERT INTO tahlil VALUES('29087446', '663296704', 'shorturl.at/pNQ26', 'Tahlil sonucunda gerekli recete verilmistir.', 'Mikroskopi Tahlili');
INSERT INTO tahlil VALUES('46867110', '358841794', 'shorturl.at/pNQ26', 'Tahlil sonucunda gerekli recete verilmistir.', 'Idrar Tahlili');
INSERT INTO tahlil VALUES('47882959', '969340072', 'shorturl.at/pNQ26', 'Tahlil sonucunda gerekli recete verilmistir.', 'Mikroskopi Tahlili');
INSERT INTO tahlil VALUES('31612453', '545671630', 'shorturl.at/pNQ26', 'Tahlil sonucunda gerekli recete verilmistir.', 'Idrar Tahlili');
INSERT INTO tahlil VALUES('73294906', '358841794', 'shorturl.at/pNQ26', 'Tahlil sonucunda gerekli recete verilmistir.', 'Patoloji Tahlili');
INSERT INTO tahlil VALUES('41327749', '888424414', 'shorturl.at/pNQ26', 'Tahlil sonucunda gerekli recete verilmistir.', 'Idrar Tahlili');
INSERT INTO tahlil VALUES('41434144', '969340072', 'shorturl.at/pNQ26', 'Tahlil sonucunda gerekli recete verilmistir.', 'Kan Tahlili');
INSERT INTO tahlil VALUES('60596359', '589493888', 'shorturl.at/pNQ26', 'Tahlil sonucunda gerekli recete verilmistir.', 'Radyolojik Tahlili');
INSERT INTO tahlil VALUES('11739774', '545671630', 'shorturl.at/pNQ26', 'Tahlil sonucunda gerekli recete verilmistir.', 'Mikroskopi Tahlili');
INSERT INTO tahlil VALUES('20700043', '531207097', 'shorturl.at/pNQ26', 'Tahlil sonucunda gerekli recete verilmistir.', 'Radyolojik Tahlili');
INSERT INTO tahlil VALUES('22221257', '589493888', 'shorturl.at/pNQ26', 'Tahlil sonucunda gerekli recete verilmistir.', 'Idrar Tahlili');
INSERT INTO tahlil VALUES('80983758', '663296704', 'shorturl.at/pNQ26', 'Tahlil sonucunda gerekli recete verilmistir.', 'Patoloji Tahlili');
INSERT INTO tahlil VALUES('69404494', '358841794', 'shorturl.at/pNQ26', 'Tahlil sonucunda gerekli recete verilmistir.', 'Idrar Tahlili');
INSERT INTO tahlil VALUES('47717743', '888424414', 'shorturl.at/pNQ26', 'Tahlil sonucunda gerekli recete verilmistir.', 'Patoloji Tahlili');
INSERT INTO tahlil VALUES('44292435', '545671630', 'shorturl.at/pNQ26', 'Tahlil sonucunda gerekli recete verilmistir.', 'Radyolojik Tahlili');
INSERT INTO tahlil VALUES('19828450', '888424414', 'shorturl.at/pNQ26', 'Tahlil sonucunda gerekli recete verilmistir.', 'Patoloji Tahlili');
INSERT INTO tahlil VALUES('19394102', '531207097', 'shorturl.at/pNQ26', 'Tahlil sonucunda gerekli recete verilmistir.', 'Idrar Tahlili');
INSERT INTO tahlil VALUES('23639228', '663296704', 'shorturl.at/pNQ26', 'Tahlil sonucunda gerekli recete verilmistir.', 'Patoloji Tahlili');
INSERT INTO tahlil VALUES('99624447', '545671630', 'shorturl.at/pNQ26', 'Tahlil sonucunda gerekli recete verilmistir.', 'Mikroskopi Tahlili');
INSERT INTO tahlil VALUES('90586221', '531207097', 'shorturl.at/pNQ26', 'Tahlil sonucunda gerekli recete verilmistir.', 'Mikroskopi Tahlili');
INSERT INTO tahlil VALUES('83856514', '589493888', 'shorturl.at/pNQ26', 'Tahlil sonucunda gerekli recete verilmistir.', 'Mikroskopi Tahlili');
INSERT INTO tahlil VALUES('53854864', '574254862', 'shorturl.at/pNQ26', 'Tahlil sonucunda gerekli recete verilmistir.', 'Radyolojik Tahlili');
INSERT INTO tahlil VALUES('91402962', '589493888', 'shorturl.at/pNQ26', 'Tahlil sonucunda gerekli recete verilmistir.', 'Radyolojik Tahlili');
INSERT INTO tahlil VALUES('39642818', '888424414', 'shorturl.at/pNQ26', 'Tahlil sonucunda gerekli recete verilmistir.', 'Mikroskopi Tahlili');
INSERT INTO tahlil VALUES('31532158', '358841794', 'shorturl.at/pNQ26', 'Tahlil sonucunda gerekli recete verilmistir.', 'Patoloji Tahlili');
INSERT INTO tahlil VALUES('68982451', '969340072', 'shorturl.at/pNQ26', 'Tahlil sonucunda gerekli recete verilmistir.', 'Kan Tahlili');
INSERT INTO tahlil VALUES('38158779', '574254862', 'shorturl.at/pNQ26', 'Tahlil sonucunda gerekli recete verilmistir.', 'Radyolojik Tahlili');
INSERT INTO tahlil VALUES('67945779', '358841794', 'shorturl.at/pNQ26', 'Tahlil sonucunda gerekli recete verilmistir.', 'Patoloji Tahlili');
INSERT INTO tahlil VALUES('76832225', '663296704', 'shorturl.at/pNQ26', 'Tahlil sonucunda gerekli recete verilmistir.', 'Radyolojik Tahlili');
INSERT INTO tahlil VALUES('85667857', '990713244', 'shorturl.at/pNQ26', 'Tahlil sonucunda gerekli recete verilmistir.', 'Mikroskopi Tahlili');
INSERT INTO tahlil VALUES('76842470', '531207097', 'shorturl.at/pNQ26', 'Tahlil sonucunda gerekli recete verilmistir.', 'Kan Tahlili');
INSERT INTO tahlil VALUES('92552849', '574254862', 'shorturl.at/pNQ26', 'Tahlil sonucunda gerekli recete verilmistir.', 'Kan Tahlili');
INSERT INTO tahlil VALUES('33370676', '574254862', 'shorturl.at/pNQ26', 'Tahlil sonucunda gerekli recete verilmistir.', 'Mikroskopi Tahlili');
INSERT INTO tahlil VALUES('85844545', '531207097', 'shorturl.at/pNQ26', 'Tahlil sonucunda gerekli recete verilmistir.', 'Radyolojik Tahlili');
INSERT INTO tahlil VALUES('76586641', '589493888', 'shorturl.at/pNQ26', 'Tahlil sonucunda gerekli recete verilmistir.', 'Mikroskopi Tahlili');
INSERT INTO tahlil VALUES('49342846', '105238038', 'shorturl.at/pNQ26', 'Tahlil sonucunda gerekli recete verilmistir.', 'Patoloji Tahlili');
INSERT INTO tahlil VALUES('24084792', '531207097', 'shorturl.at/pNQ26', 'Tahlil sonucunda gerekli recete verilmistir.', 'Patoloji Tahlili');
INSERT INTO tahlil VALUES('28349367', '358841794', 'shorturl.at/pNQ26', 'Tahlil sonucunda gerekli recete verilmistir.', 'Mikroskopi Tahlili');
INSERT INTO tahlil VALUES('27580144', '589493888', 'shorturl.at/pNQ26', 'Tahlil sonucunda gerekli recete verilmistir.', 'Idrar Tahlili');
INSERT INTO tahlil VALUES('19996779', '637349490', 'shorturl.at/pNQ26', 'Tahlil sonucunda gerekli recete verilmistir.', 'Mikroskopi Tahlili');
INSERT INTO tahlil VALUES('11302468', '589493888', 'shorturl.at/pNQ26', 'Tahlil sonucunda gerekli recete verilmistir.', 'Patoloji Tahlili');
INSERT INTO tahlil VALUES('75534077', '358841794', 'shorturl.at/pNQ26', 'Tahlil sonucunda gerekli recete verilmistir.', 'Mikroskopi Tahlili');
INSERT INTO tahlil VALUES('81796526', '637349490', 'shorturl.at/pNQ26', 'Tahlil sonucunda gerekli recete verilmistir.', 'Idrar Tahlili');
INSERT INTO tahlil VALUES('57238054', '663296704', 'shorturl.at/pNQ26', 'Tahlil sonucunda gerekli recete verilmistir.', 'Mikroskopi Tahlili');
INSERT INTO tahlil VALUES('46949364', '589493888', 'shorturl.at/pNQ26', 'Tahlil sonucunda gerekli recete verilmistir.', 'Mikroskopi Tahlili');
INSERT INTO tahlil VALUES('32371152', '574254862', 'shorturl.at/pNQ26', 'Tahlil sonucunda gerekli recete verilmistir.', 'Patoloji Tahlili');
INSERT INTO tahlil VALUES('12810341', '637349490', 'shorturl.at/pNQ26', 'Tahlil sonucunda gerekli recete verilmistir.', 'Kan Tahlili');
INSERT INTO tahlil VALUES('69060659', '637349490', 'shorturl.at/pNQ26', 'Tahlil sonucunda gerekli recete verilmistir.', 'Kan Tahlili');
INSERT INTO tahlil VALUES('57653732', '990713244', 'shorturl.at/pNQ26', 'Tahlil sonucunda gerekli recete verilmistir.', 'Idrar Tahlili');
INSERT INTO tahlil VALUES('48689816', '637349490', 'shorturl.at/pNQ26', 'Tahlil sonucunda gerekli recete verilmistir.', 'Radyolojik Tahlili');
INSERT INTO tahlil VALUES('44215093', '589493888', 'shorturl.at/pNQ26', 'Tahlil sonucunda gerekli recete verilmistir.', 'Patoloji Tahlili');
INSERT INTO tahlil VALUES('89305301', '105238038', 'shorturl.at/pNQ26', 'Tahlil sonucunda gerekli recete verilmistir.', 'Idrar Tahlili');
INSERT INTO tahlil VALUES('37199268', '969340072', 'shorturl.at/pNQ26', 'Tahlil sonucunda gerekli recete verilmistir.', 'Idrar Tahlili');
INSERT INTO tahlil VALUES('13497734', '358841794', 'shorturl.at/pNQ26', 'Tahlil sonucunda gerekli recete verilmistir.', 'Radyolojik Tahlili');
INSERT INTO tahlil VALUES('79923041', '258727365', 'shorturl.at/pNQ26', 'Tahlil sonucunda gerekli recete verilmistir.', 'Mikroskopi Tahlili');
INSERT INTO tahlil VALUES('85031480', '258727365', 'shorturl.at/pNQ26', 'Tahlil sonucunda gerekli recete verilmistir.', 'Mikroskopi Tahlili');
INSERT INTO tahlil VALUES('36437127', '258727365', 'shorturl.at/pNQ26', 'Tahlil sonucunda gerekli recete verilmistir.', 'Mikroskopi Tahlili');
INSERT INTO tahlil VALUES('22692326', '258727365', 'shorturl.at/pNQ26', 'Tahlil sonucunda gerekli recete verilmistir.', 'Radyolojik Tahlili');
INSERT INTO tahlil VALUES('70353723', '105238038', 'shorturl.at/pNQ26', 'Tahlil sonucunda gerekli recete verilmistir.', 'Mikroskopi Tahlili');
INSERT INTO tahlil VALUES('65382475', '531207097', 'shorturl.at/pNQ26', 'Tahlil sonucunda gerekli recete verilmistir.', 'Radyolojik Tahlili');
INSERT INTO tahlil VALUES('29757081', '663296704', 'shorturl.at/pNQ26', 'Tahlil sonucunda gerekli recete verilmistir.', 'Kan Tahlili');
INSERT INTO tahlil VALUES('82319957', '637349490', 'shorturl.at/pNQ26', 'Tahlil sonucunda gerekli recete verilmistir.', 'Patoloji Tahlili');
INSERT INTO tahlil VALUES('41466696', '990713244', 'shorturl.at/pNQ26', 'Tahlil sonucunda gerekli recete verilmistir.', 'Kan Tahlili');
INSERT INTO tahlil VALUES('43061218', '258727365', 'shorturl.at/pNQ26', 'Tahlil sonucunda gerekli recete verilmistir.', 'Mikroskopi Tahlili');
INSERT INTO tahlil VALUES('19516449', '531207097', 'shorturl.at/pNQ26', 'Tahlil sonucunda gerekli recete verilmistir.', 'Kan Tahlili');
INSERT INTO tahlil VALUES('45217369', '258727365', 'shorturl.at/pNQ26', 'Tahlil sonucunda gerekli recete verilmistir.', 'Idrar Tahlili');
INSERT INTO tahlil VALUES('40562230', '637349490', 'shorturl.at/pNQ26', 'Tahlil sonucunda gerekli recete verilmistir.', 'Kan Tahlili');
INSERT INTO tahlil VALUES('33205486', '545671630', 'shorturl.at/pNQ26', 'Tahlil sonucunda gerekli recete verilmistir.', 'Radyolojik Tahlili');
INSERT INTO tahlil VALUES('50327960', '637349490', 'shorturl.at/pNQ26', 'Tahlil sonucunda gerekli recete verilmistir.', 'Kan Tahlili');
INSERT INTO tahlil VALUES('97940664', '105238038', 'shorturl.at/pNQ26', 'Tahlil sonucunda gerekli recete verilmistir.', 'Idrar Tahlili');
INSERT INTO tahlil VALUES('16367105', '589493888', 'shorturl.at/pNQ26', 'Tahlil sonucunda gerekli recete verilmistir.', 'Mikroskopi Tahlili');
INSERT INTO tahlil VALUES('70110051', '637349490', 'shorturl.at/pNQ26', 'Tahlil sonucunda gerekli recete verilmistir.', 'Kan Tahlili');
INSERT INTO tahlil VALUES('61562397', '969340072', 'shorturl.at/pNQ26', 'Tahlil sonucunda gerekli recete verilmistir.', 'Patoloji Tahlili');
INSERT INTO tahlil VALUES('50801569', '990713244', 'shorturl.at/pNQ26', 'Tahlil sonucunda gerekli recete verilmistir.', 'Radyolojik Tahlili');
INSERT INTO tahlil VALUES('13736513', '589493888', 'shorturl.at/pNQ26', 'Tahlil sonucunda gerekli recete verilmistir.', 'Kan Tahlili');
INSERT INTO tahlil VALUES('20457645', '531207097', 'shorturl.at/pNQ26', 'Tahlil sonucunda gerekli recete verilmistir.', 'Idrar Tahlili');
INSERT INTO tahlil VALUES('60756709', '258727365', 'shorturl.at/pNQ26', 'Tahlil sonucunda gerekli recete verilmistir.', 'Radyolojik Tahlili');
INSERT INTO tahlil VALUES('16550292', '589493888', 'shorturl.at/pNQ26', 'Tahlil sonucunda gerekli recete verilmistir.', 'Patoloji Tahlili');
INSERT INTO tahlil VALUES('35685590', '574254862', 'shorturl.at/pNQ26', 'Tahlil sonucunda gerekli recete verilmistir.', 'Mikroskopi Tahlili');
INSERT INTO tahlil VALUES('50456488', '574254862', 'shorturl.at/pNQ26', 'Tahlil sonucunda gerekli recete verilmistir.', 'Patoloji Tahlili');
INSERT INTO tahlil VALUES('16342695', '545671630', 'shorturl.at/pNQ26', 'Tahlil sonucunda gerekli recete verilmistir.', 'Radyolojik Tahlili');
INSERT INTO tahlil VALUES('70752590', '990713244', 'shorturl.at/pNQ26', 'Tahlil sonucunda gerekli recete verilmistir.', 'Radyolojik Tahlili');
INSERT INTO tahlil VALUES('51718062', '637349490', 'shorturl.at/pNQ26', 'Tahlil sonucunda gerekli recete verilmistir.', 'Radyolojik Tahlili');
INSERT INTO tahlil VALUES('10431027', '990713244', 'shorturl.at/pNQ26', 'Tahlil sonucunda gerekli recete verilmistir.', 'Mikroskopi Tahlili');
INSERT INTO tahlil VALUES('26174512', '637349490', 'shorturl.at/pNQ26', 'Tahlil sonucunda gerekli recete verilmistir.', 'Kan Tahlili');
INSERT INTO tahlil VALUES('28658053', '637349490', 'shorturl.at/pNQ26', 'Tahlil sonucunda gerekli recete verilmistir.', 'Mikroskopi Tahlili');
INSERT INTO tahlil VALUES('25931816', '105238038', 'shorturl.at/pNQ26', 'Tahlil sonucunda gerekli recete verilmistir.', 'Radyolojik Tahlili');
INSERT INTO tahlil VALUES('53310249', '637349490', 'shorturl.at/pNQ26', 'Tahlil sonucunda gerekli recete verilmistir.', 'Patoloji Tahlili');
INSERT INTO tahlil VALUES('49126043', '545671630', 'shorturl.at/pNQ26', 'Tahlil sonucunda gerekli recete verilmistir.', 'Kan Tahlili');
INSERT INTO tahlil VALUES('31915862', '888424414', 'shorturl.at/pNQ26', 'Tahlil sonucunda gerekli recete verilmistir.', 'Kan Tahlili');
INSERT INTO tahlil VALUES('63746751', '358841794', 'shorturl.at/pNQ26', 'Tahlil sonucunda gerekli recete verilmistir.', 'Radyolojik Tahlili');
INSERT INTO tahlil VALUES('49739247', '589493888', 'shorturl.at/pNQ26', 'Tahlil sonucunda gerekli recete verilmistir.', 'Mikroskopi Tahlili');
INSERT INTO tahlil VALUES('41552275', '545671630', 'shorturl.at/pNQ26', 'Tahlil sonucunda gerekli recete verilmistir.', 'Mikroskopi Tahlili');
INSERT INTO tahlil VALUES('94384781', '531207097', 'shorturl.at/pNQ26', 'Tahlil sonucunda gerekli recete verilmistir.', 'Kan Tahlili');
INSERT INTO tahlil VALUES('42077737', '589493888', 'shorturl.at/pNQ26', 'Tahlil sonucunda gerekli recete verilmistir.', 'Radyolojik Tahlili');
INSERT INTO tahlil VALUES('88949071', '258727365', 'shorturl.at/pNQ26', 'Tahlil sonucunda gerekli recete verilmistir.', 'Patoloji Tahlili');
INSERT INTO tahlil VALUES('92461667', '990713244', 'shorturl.at/pNQ26', 'Tahlil sonucunda gerekli recete verilmistir.', 'Mikroskopi Tahlili');
INSERT INTO tahlil VALUES('42325137', '663296704', 'shorturl.at/pNQ26', 'Tahlil sonucunda gerekli recete verilmistir.', 'Kan Tahlili');
INSERT INTO tahlil VALUES('61749917', '545671630', 'shorturl.at/pNQ26', 'Tahlil sonucunda gerekli recete verilmistir.', 'Mikroskopi Tahlili');
INSERT INTO tahlil VALUES('49733408', '637349490', 'shorturl.at/pNQ26', 'Tahlil sonucunda gerekli recete verilmistir.', 'Radyolojik Tahlili');
INSERT INTO tahlil VALUES('44558410', '258727365', 'shorturl.at/pNQ26', 'Tahlil sonucunda gerekli recete verilmistir.', 'Mikroskopi Tahlili');
INSERT INTO tahlil VALUES('76861882', '663296704', 'shorturl.at/pNQ26', 'Tahlil sonucunda gerekli recete verilmistir.', 'Idrar Tahlili');
INSERT INTO tahlil VALUES('59702800', '969340072', 'shorturl.at/pNQ26', 'Tahlil sonucunda gerekli recete verilmistir.', 'Idrar Tahlili');
INSERT INTO tahlil VALUES('20519870', '969340072', 'shorturl.at/pNQ26', 'Tahlil sonucunda gerekli recete verilmistir.', 'Idrar Tahlili');
INSERT INTO tahlil VALUES('40632574', '969340072', 'shorturl.at/pNQ26', 'Tahlil sonucunda gerekli recete verilmistir.', 'Idrar Tahlili');
INSERT INTO tahlil VALUES('56834746', '545671630', 'shorturl.at/pNQ26', 'Tahlil sonucunda gerekli recete verilmistir.', 'Idrar Tahlili');
INSERT INTO tahlil VALUES('37770639', '589493888', 'shorturl.at/pNQ26', 'Tahlil sonucunda gerekli recete verilmistir.', 'Idrar Tahlili');
INSERT INTO tahlil VALUES('90581565', '531207097', 'shorturl.at/pNQ26', 'Tahlil sonucunda gerekli recete verilmistir.', 'Kan Tahlili');
INSERT INTO tahlil VALUES('72755840', '574254862', 'shorturl.at/pNQ26', 'Tahlil sonucunda gerekli recete verilmistir.', 'Radyolojik Tahlili');
INSERT INTO tahlil VALUES('16960449', '663296704', 'shorturl.at/pNQ26', 'Tahlil sonucunda gerekli recete verilmistir.', 'Radyolojik Tahlili');
INSERT INTO tahlil VALUES('67324123', '545671630', 'shorturl.at/pNQ26', 'Tahlil sonucunda gerekli recete verilmistir.', 'Kan Tahlili');
INSERT INTO tahlil VALUES('29642605', '358841794', 'shorturl.at/pNQ26', 'Tahlil sonucunda gerekli recete verilmistir.', 'Idrar Tahlili');
INSERT INTO tahlil VALUES('14262534', '888424414', 'shorturl.at/pNQ26', 'Tahlil sonucunda gerekli recete verilmistir.', 'Mikroskopi Tahlili');
INSERT INTO tahlil VALUES('22571659', '589493888', 'shorturl.at/pNQ26', 'Tahlil sonucunda gerekli recete verilmistir.', 'Idrar Tahlili');
INSERT INTO tahlil VALUES('82678657', '574254862', 'shorturl.at/pNQ26', 'Tahlil sonucunda gerekli recete verilmistir.', 'Radyolojik Tahlili');
INSERT INTO tahlil VALUES('36497775', '531207097', 'shorturl.at/pNQ26', 'Tahlil sonucunda gerekli recete verilmistir.', 'Mikroskopi Tahlili');
INSERT INTO tahlil VALUES('43206657', '969340072', 'shorturl.at/pNQ26', 'Tahlil sonucunda gerekli recete verilmistir.', 'Mikroskopi Tahlili');
INSERT INTO tahlil VALUES('72935634', '663296704', 'shorturl.at/pNQ26', 'Tahlil sonucunda gerekli recete verilmistir.', 'Kan Tahlili');
INSERT INTO tahlil VALUES('18953206', '589493888', 'shorturl.at/pNQ26', 'Tahlil sonucunda gerekli recete verilmistir.', 'Idrar Tahlili');
INSERT INTO tahlil VALUES('61766987', '888424414', 'shorturl.at/pNQ26', 'Tahlil sonucunda gerekli recete verilmistir.', 'Radyolojik Tahlili');
INSERT INTO tahlil VALUES('49058537', '663296704', 'shorturl.at/pNQ26', 'Tahlil sonucunda gerekli recete verilmistir.', 'Patoloji Tahlili');
INSERT INTO tahlil VALUES('63363615', '663296704', 'shorturl.at/pNQ26', 'Tahlil sonucunda gerekli recete verilmistir.', 'Mikroskopi Tahlili');
INSERT INTO tahlil VALUES('24577454', '358841794', 'shorturl.at/pNQ26', 'Tahlil sonucunda gerekli recete verilmistir.', 'Patoloji Tahlili');
INSERT INTO tahlil VALUES('16623342', '574254862', 'shorturl.at/pNQ26', 'Tahlil sonucunda gerekli recete verilmistir.', 'Idrar Tahlili');
INSERT INTO tahlil VALUES('23328099', '258727365', 'shorturl.at/pNQ26', 'Tahlil sonucunda gerekli recete verilmistir.', 'Radyolojik Tahlili');
INSERT INTO tahlil VALUES('55482641', '637349490', 'shorturl.at/pNQ26', 'Tahlil sonucunda gerekli recete verilmistir.', 'Patoloji Tahlili');
INSERT INTO tahlil VALUES('82507585', '637349490', 'shorturl.at/pNQ26', 'Tahlil sonucunda gerekli recete verilmistir.', 'Radyolojik Tahlili');
INSERT INTO tahlil VALUES('58587352', '589493888', 'shorturl.at/pNQ26', 'Tahlil sonucunda gerekli recete verilmistir.', 'Idrar Tahlili');
INSERT INTO tahlil VALUES('70191475', '358841794', 'shorturl.at/pNQ26', 'Tahlil sonucunda gerekli recete verilmistir.', 'Patoloji Tahlili');
INSERT INTO tahlil VALUES('60302913', '574254862', 'shorturl.at/pNQ26', 'Tahlil sonucunda gerekli recete verilmistir.', 'Idrar Tahlili');
INSERT INTO tahlil VALUES('47446843', '888424414', 'shorturl.at/pNQ26', 'Tahlil sonucunda gerekli recete verilmistir.', 'Kan Tahlili');
INSERT INTO tahlil VALUES('69764663', '574254862', 'shorturl.at/pNQ26', 'Tahlil sonucunda gerekli recete verilmistir.', 'Idrar Tahlili');
INSERT INTO tahlil VALUES('52739283', '545671630', 'shorturl.at/pNQ26', 'Tahlil sonucunda gerekli recete verilmistir.', 'Patoloji Tahlili');
INSERT INTO tahlil VALUES('95352083', '663296704', 'shorturl.at/pNQ26', 'Tahlil sonucunda gerekli recete verilmistir.', 'Kan Tahlili');
INSERT INTO tahlil VALUES('59668801', '969340072', 'shorturl.at/pNQ26', 'Tahlil sonucunda gerekli recete verilmistir.', 'Kan Tahlili');
INSERT INTO tahlil VALUES('27566531', '531207097', 'shorturl.at/pNQ26', 'Tahlil sonucunda gerekli recete verilmistir.', 'Patoloji Tahlili');
INSERT INTO tahlil VALUES('41983734', '589493888', 'shorturl.at/pNQ26', 'Tahlil sonucunda gerekli recete verilmistir.', 'Radyolojik Tahlili');
INSERT INTO tahlil VALUES('41067600', '358841794', 'shorturl.at/pNQ26', 'Tahlil sonucunda gerekli recete verilmistir.', 'Kan Tahlili');
INSERT INTO tahlil VALUES('93710398', '358841794', 'shorturl.at/pNQ26', 'Tahlil sonucunda gerekli recete verilmistir.', 'Idrar Tahlili');
INSERT INTO tahlil VALUES('47863219', '969340072', 'shorturl.at/pNQ26', 'Tahlil sonucunda gerekli recete verilmistir.', 'Mikroskopi Tahlili');
INSERT INTO tahlil VALUES('72504174', '969340072', 'shorturl.at/pNQ26', 'Tahlil sonucunda gerekli recete verilmistir.', 'Kan Tahlili');
INSERT INTO tahlil VALUES('50890455', '969340072', 'shorturl.at/pNQ26', 'Tahlil sonucunda gerekli recete verilmistir.', 'Mikroskopi Tahlili');
INSERT INTO tahlil VALUES('75082107', '258727365', 'shorturl.at/pNQ26', 'Tahlil sonucunda gerekli recete verilmistir.', 'Mikroskopi Tahlili');
INSERT INTO tahlil VALUES('52676477', '637349490', 'shorturl.at/pNQ26', 'Tahlil sonucunda gerekli recete verilmistir.', 'Mikroskopi Tahlili');
INSERT INTO tahlil VALUES('48132013', '105238038', 'shorturl.at/pNQ26', 'Tahlil sonucunda gerekli recete verilmistir.', 'Kan Tahlili');
INSERT INTO tahlil VALUES('68175443', '258727365', 'shorturl.at/pNQ26', 'Tahlil sonucunda gerekli recete verilmistir.', 'Idrar Tahlili');
INSERT INTO tahlil VALUES('48667169', '589493888', 'shorturl.at/pNQ26', 'Tahlil sonucunda gerekli recete verilmistir.', 'Kan Tahlili');
INSERT INTO tahlil VALUES('53860328', '574254862', 'shorturl.at/pNQ26', 'Tahlil sonucunda gerekli recete verilmistir.', 'Radyolojik Tahlili');
INSERT INTO tahlil VALUES('78811604', '258727365', 'shorturl.at/pNQ26', 'Tahlil sonucunda gerekli recete verilmistir.', 'Patoloji Tahlili');
INSERT INTO tahlil VALUES('31700196', '990713244', 'shorturl.at/pNQ26', 'Tahlil sonucunda gerekli recete verilmistir.', 'Radyolojik Tahlili');
INSERT INTO tahlil VALUES('19562501', '531207097', 'shorturl.at/pNQ26', 'Tahlil sonucunda gerekli recete verilmistir.', 'Mikroskopi Tahlili');
INSERT INTO tahlil VALUES('55541522', '545671630', 'shorturl.at/pNQ26', 'Tahlil sonucunda gerekli recete verilmistir.', 'Mikroskopi Tahlili');
INSERT INTO tahlil VALUES('80336953', '888424414', 'shorturl.at/pNQ26', 'Tahlil sonucunda gerekli recete verilmistir.', 'Radyolojik Tahlili');
INSERT INTO tahlil VALUES('28424201', '969340072', 'shorturl.at/pNQ26', 'Tahlil sonucunda gerekli recete verilmistir.', 'Kan Tahlili');
INSERT INTO tahlil VALUES('31893488', '589493888', 'shorturl.at/pNQ26', 'Tahlil sonucunda gerekli recete verilmistir.', 'Radyolojik Tahlili');
INSERT INTO tahlil VALUES('59879834', '358841794', 'shorturl.at/pNQ26', 'Tahlil sonucunda gerekli recete verilmistir.', 'Kan Tahlili');
INSERT INTO tahlil VALUES('40762931', '531207097', 'shorturl.at/pNQ26', 'Tahlil sonucunda gerekli recete verilmistir.', 'Patoloji Tahlili');
INSERT INTO tahlil VALUES('51998543', '358841794', 'shorturl.at/pNQ26', 'Tahlil sonucunda gerekli recete verilmistir.', 'Patoloji Tahlili');
INSERT INTO tahlil VALUES('34462893', '545671630', 'shorturl.at/pNQ26', 'Tahlil sonucunda gerekli recete verilmistir.', 'Radyolojik Tahlili');
INSERT INTO tahlil VALUES('13658013', '105238038', 'shorturl.at/pNQ26', 'Tahlil sonucunda gerekli recete verilmistir.', 'Kan Tahlili');
INSERT INTO tahlil VALUES('98294601', '663296704', 'shorturl.at/pNQ26', 'Tahlil sonucunda gerekli recete verilmistir.', 'Radyolojik Tahlili');
INSERT INTO tahlil VALUES('84760889', '358841794', 'shorturl.at/pNQ26', 'Tahlil sonucunda gerekli recete verilmistir.', 'Patoloji Tahlili');
INSERT INTO tahlil VALUES('87813402', '105238038', 'shorturl.at/pNQ26', 'Tahlil sonucunda gerekli recete verilmistir.', 'Idrar Tahlili');
INSERT INTO tahlil VALUES('36624604', '545671630', 'shorturl.at/pNQ26', 'Tahlil sonucunda gerekli recete verilmistir.', 'Kan Tahlili');
INSERT INTO tahlil VALUES('27289050', '990713244', 'shorturl.at/pNQ26', 'Tahlil sonucunda gerekli recete verilmistir.', 'Patoloji Tahlili');
INSERT INTO tahlil VALUES('14544905', '663296704', 'shorturl.at/pNQ26', 'Tahlil sonucunda gerekli recete verilmistir.', 'Mikroskopi Tahlili');
INSERT INTO tahlil VALUES('30968082', '574254862', 'shorturl.at/pNQ26', 'Tahlil sonucunda gerekli recete verilmistir.', 'Radyolojik Tahlili');
INSERT INTO recete VALUES ('28707805', '663296704', 'Wellbutrin', 'Dize Surulecek', 'Yesil', 'Gunde 3', '2 Kez');
INSERT INTO recete VALUES ('95909709', '589493888', 'Trazodone', 'Igneyle Alinacak', 'Kirmizi', 'Gunde 1', '4 Kez');
INSERT INTO recete VALUES ('90866271', '258727365', 'Clonazepam', 'Igneyle Alinacak', 'Yesil', 'Gunde 3', '4 Kez');
INSERT INTO recete VALUES ('68733976', '990713244', 'Xanax', 'Agizdan Alinacak', 'Mor', 'Gunde 1', '2 Kez');
INSERT INTO recete VALUES ('49093338', '663296704', 'Pantoprazole', 'Boyuna Surulecek', 'Mor', 'Gunde 1', '2 Kez');
INSERT INTO recete VALUES ('73577870', '969340072', 'Bunavail', 'Boyuna Surulecek', 'Yesil', 'Gunde 3', '3 Kez');
INSERT INTO recete VALUES ('74812277', '358841794', 'Naproxen', 'Goze Sikilacak', 'Kirmizi', 'Gunde 2', '3 Kez');
INSERT INTO recete VALUES ('86616803', '574254862', 'Citalopram', 'Dize Surulecek', 'Kirmizi', 'Gunde 2', '1 Kez');
INSERT INTO recete VALUES ('72909272', '589493888', 'Cymbalta', 'Igneyle Alinacak', 'Mor', 'Gunde 2', '4 Kez');
INSERT INTO recete VALUES ('43913017', '258727365', 'Ciprofloxacin', 'Kola Surulecek', 'Turuncu', 'Gunde 2', '4 Kez');
